Log_Date,Log_Time,Time,Depth,Ax,Ay,Az,pitch,roll,yaw,velocityx,velocityy,velocityz,distancex,distancey,distancez,rpm,rudderangle,sternangle
14.08.2026,23:24:41,3287,0.015342,0,0,0,0,0,0,0,0,0,0,0,0,0,0,-27.91499
14.08.2026,23:24:41,3393,0.01841,0,0,0,0,0,0,0,0,0,0,0,0,0,0,-27.80811
14.08.2026,23:24:41,3499,0.011251,0,0,0,0,0,0,0,0,0,0,0,0,0,0,-28.10063
14.08.2026,23:24:41,3605,0.005114,0,0,0,0,0,0,0,0,0,0,0,0,0,0,-28.10062
14.08.2026,23:24:41,3711,0.009205,0,0,0,0,0,0,0,0,0,0,0,0,0,0,-27.94312
14.08.2026,23:24:41,3817,0.012273,0,0,0,0,0,0,0,0,0,0,0,0,0,0,-27.74623
14.08.2026,23:24:41,3923,0.014319,0,0,0,0,0,0,0,0,0,0,0,0,0,0,-27.76874
14.08.2026,23:24:41,4029,0.009205,0,0,0,0,0,0,0,0,0,0,0,0,0,0,-27.57747
14.08.2026,23:24:41,4135,0.016365,0,0,0,0,0,0,0,0,0,0,0,0,0,0,-27.66186
14.08.2026,23:24:41,4241,0.012273,0,0,0,0,0,0,0,0,0,0,0,0,0,0,-27.81937
14.08.2026,23:24:41,4347,0.014319,0,0,0,0,0,0,0,0,0,0,0,0,0,0,-28.04437
14.08.2026,23:24:41,4453,0.008182,0,0,0,0,0,0,0,0,0,0,0,0,0,0,-28.12875
14.08.2026,23:24:41,4559,0.017387,0,0,0,0,0,0,0,0,0,0,0,0,0,0,-27.79686
14.08.2026,23:24:41,4665,0.015342,0,0,0,0,0,0,0,0,0,0,0,0,0,0,-27.84187
14.08.2026,23:24:41,4771,0.014319,0,0,0,0,0,0,0,0,0,0,0,0,0,0,-27.67873
14.08.2026,23:24:41,4877,0.015342,0,0,0,0,0,0,0,0,0,0,0,0,0,0,-27.57748
14.08.2026,23:24:41,4983,0.010228,0,0,0,-2,0,90,0,0,0,0,0,0,0,45,-27.63936
14.08.2026,23:24:41,5089,0.017387,0.041379,0,-0.23,-2.125,-0.0625,89.9375,0.000427,0,0,0,0,0,0,45,-14.77811
14.08.2026,23:24:41,5195,0.010228,0.070825,0.01,-0.26,-2.3125,-4.75,89.9375,3.504101e-8,0,0,0,0,0,0,45,-13.66187
14.08.2026,23:24:41,5301,0.011251,0.060518,0.04,-0.22,-2.5,-4.8125,90,0.00061,0,0,0,0,0,0,45,-12.68687
14.08.2026,23:24:41,5407,0.013296,0.030307,0.04,-0.22,-2.625,-4.9375,90.1875,0.000306,0,0,0,0,0,0,45,-11.94312
14.08.2026,23:24:41,5513,0.010228,0.000168,0,-0.23,-2.625,-4.8125,90.4375,5.064066e-9,0,0,0,0,0,0,45,-13.51125
14.08.2026,23:24:41,5619,0.011251,0.03012,0.01,-0.15,-2.625,-4.625,90.625,1.478475e-8,0,0,0,0,0,0,45,-13.74188
14.08.2026,23:24:41,5725,0.007159,0.009956,0.02,-0.15,-2.5,-4.625,90.8125,0.0001,0,0,0,0,0,0,45,-14.27187
14.08.2026,23:24:41,5831,0.014319,-0.000113,0.02,-0.19,-2.3125,-4.625,90.9375,-2.178786e-8,0,0,0,0,0,0,45,-16.84312
14.08.2026,23:24:41,5937,0.015342,-0.000218,0.01,-0.2,-2.25,-4.625,90.9375,9.604264e-9,0,0,0,0,0,0,45,-15.43874
14.08.2026,23:24:41,6043,0.011251,0.069712,0.01,-0.21,-2.25,-4.5625,90.875,0.000694,0,0,0,0,0,0,45,-15.38248
14.08.2026,23:24:41,6149,0.002046,0.029327,0,-0.22,-2.25,-4.4375,90.8125,0.000287,0,0,0,0,0,0,45,-15.13497
14.08.2026,23:24:41,6255,0.006137,0.049083,0,-0.24,-2.3125,-4.4375,90.8125,2.35741e-8,0,0,0,0,0,0,45,-14.90373
14.08.2026,23:24:41,6361,0.012273,0.028959,-0.01,-0.2,-2.375,-4.5625,90.8125,0.000279,0,0,0,0,0,0,45,-14.84687
14.08.2026,23:24:41,6467,0.009205,0.048881,-0.02,-0.19,-2.375,-4.6875,90.75,0.000278,0,0,0,0,0,0,45,-14.9425
14.08.2026,23:24:41,6573,0.014319,0.038629,0.01,-0.2,-2.375,-4.75,90.6875,1.8219e-8,0,0,0,0,0,0,45,-14.70624
14.08.2026,23:24:41,6679,0.013296,0.048276,0.01,-0.17,-2.4375,-4.625,0,3.015157e-8,0,0,0,0,0,0,0,-14.58187
14.08.2026,23:24:41,6785,0.010228,-0.021985,0,-0.17,-2.375,-4.5625,0.0625,-0.000239,0,0,0,0,0,0,0.125,-16.4825
14.08.2026,23:24:41,6891,0.015342,0.007956,0.01,-0.21,-2.375,-4.5625,0.1875,2.888555e-9,0,0,0,0,0,0,0.375,-14.70061
14.08.2026,23:24:41,6997,0.011251,-0.002006,0.04,-0.2,-2.375,-4.3125,0.375,2.932211e-9,0,0,0,0,0,1010,0.625,-14.89187
14.08.2026,23:24:41,7103,0.012273,0.047948,0.05,-0.19,-2.375,-4.3125,0.375,0.000458,0,0,0,0,0,1020,0.75,-14.84124
14.08.2026,23:24:41,7209,0.012273,0.017702,0.06,-0.26,-2.375,-4.4375,0.375,0.000154,0,0,0,0,0,1030,0.75,-14.74561
14.08.2026,23:24:41,7315,0.005114,0.047524,0.01,-0.23,-2.375,-4.5625,0.375,2.20025e-8,0,0,0,0,0,1040,0.75,-15.08313
14.08.2026,23:24:41,7846,0.011251,0.106926,0.05,-0.16,-2.5,-4.5,359.6875,0.002751,0,0,0.000282,0,0,1080,-0.625,-14.12561
14.08.2026,23:24:41,8376,0.013296,-0.073619,0.04,-0.4,-2.375,-4.75,359.0625,0.010251,0,0,0.003043,0,0,1125,-1.875,-15.91936
14.08.2026,23:24:41,9437,0.0808,0.008599,0.09,-0.18,-14.8125,3,0.0625,0.077775,0,0,0.041515,0,0,1215,-0.125,45
14.08.2026,23:24:41,9543,0.091028,0.088731,0.1,-0.16,-16,5.5625,0.4375,0.090609,0,0,0.050785,0,0,1225,0.5,45
14.08.2026,23:24:41,9649,0.102278,-0.080504,0.11,-0.01,-16.75,6.5625,0.625,0.102284,0,0,0.060551,0,0,1230,1.40625,45
14.08.2026,23:24:41,9755,0.121711,0.000869,0.15,-0.32,-17.0625,6,0.625,0.120861,0,0,0.072928,0,0,1240,1.09375,45
14.08.2026,23:24:41,9861,0.135008,-0.027381,0.15,-0.37,-16.9375,3.625,0.5,0.137316,0,0,0.087202,0,0,1250,0.84375,45
14.08.2026,23:24:41,9967,0.156486,-0.105769,0.21,-0.51,-16.5,1.75,0.4375,0.155218,0,0,0.101991,0,0,1260,0.875,45
14.08.2026,23:24:41,10073,0.182056,0.056444,0.15,-0.08,-15.875,0.9375,0.5625,0.178805,0,0,0.120449,0,0,1270,1,45
14.08.2026,23:24:41,10179,0.195352,-0.171366,0.14,-0.74,-15.0625,1.375,0.9375,0.200479,0,0,0.139401,0,0,1275,2.1875,45
14.08.2026,23:24:41,10285,0.22399,-0.048969,0.16,-0.5,-14.0625,2.9375,1.4375,0.223484,0,0,0.162851,0,0,1285,3.34375,45
14.08.2026,23:24:41,10392,0.243423,-0.257139,0.15,-1.06,-12.625,5.1875,2.125,0.254366,0,0,0.189264,0,0,1295,3.875,45
14.08.2026,23:24:41,10498,0.261833,0.185963,0.18,0.5,-11.5625,6.1875,2.5,0.281818,0,0,0.216059,0,0,1305,4.75,42.174
14.08.2026,23:24:41,10604,0.284334,0.267669,0.17,0.47,-10.3125,6.375,2.875,0.314323,0,0,0.248839,0,0,1310,5.5,24.00776
14.08.2026,23:24:41,10710,0.307858,0.190394,0.28,0.95,-9.0625,5.75,3.125,0.345201,0,0,0.281863,0,0,1320,6.40625,19.25779
14.08.2026,23:24:41,10816,0.321154,-0.246388,0.25,-1.04,-7.8125,4.6875,3.4375,0.383837,0,0,0.321997,0,0,1330,7.1875,7.762798
14.08.2026,23:24:41,10922,0.337519,-0.190682,0.18,-0.1,-6.375,3.4375,3.8125,0.418464,0,0,0.366397,0,0,1340,7.6875,7.24844
14.08.2026,23:24:41,11028,0.349792,-0.226616,0.19,-0.48,-5.4375,3.25,4.125,0.456854,0,0,0.410713,0,0,1345,8.5625,-1.280277
14.08.2026,23:24:41,11134,0.361043,0.046903,0.16,0.51,-4.75,3.6875,4.4375,0.507337,0,0,0.464066,0,0,1355,9.1875,-2.049034
14.08.2026,23:24:41,11240,0.361043,0.009229,0.25,-0.15,-4.1875,4.625,4.8125,0.547153,0,0,0.516798,0,0,1365,9.9375,-2.355301
14.08.2026,23:24:41,11346,0.37843,-0.01658,0.21,-0.39,-3.75,5.75,5.1875,0.586358,0,0,0.579347,0,0,1375,10.6875,-0.719624
14.08.2026,23:24:41,11452,0.388658,-0.064291,0.2,-0.75,-3.375,6.6875,5.6875,0.631628,0,0,0.646543,0,0,1385,11.125,-2.34837
14.08.2026,23:24:41,11558,0.386613,-0.181139,0.19,0,-3.1875,6.75,6,0.668595,0,0,0.711562,0,0,1386,11.75,-3.683388
14.08.2026,23:24:41,11664,0.39684,-0.337943,0.12,-0.12,-3.0625,6.375,6.3125,0.701716,0,0,0.787292,0,0,1384,12.5,-6.040874
14.08.2026,23:24:41,11770,0.389681,-0.214663,0.13,-0.65,-3,5.625,6.5625,0.737938,0,0,0.859854,0,0,1383,13.28125,-5.210274
14.08.2026,23:24:41,11877,0.37843,-0.310852,0.06,-0.47,-3,4.6875,6.9375,0.780123,0,0,0.943635,0,0,1381,13.90625,-4.855877
14.08.2026,23:24:41,11983,0.391726,-0.086929,0.05,0.04,-3,4.3125,7.1875,0.812575,0,0,1.031435,0,0,1380,14.28125,-4.793999
14.08.2026,23:24:41,12089,0.399909,0.035213,0.1,-0.07,-3,4.3125,7.375,0.84547,0,0,1.114623,0,0,1378,14.90625,-5.238396
14.08.2026,23:24:41,12195,0.414228,-0.061986,0.01,-0.72,-3.0625,4.5,7.5,0.88108,0,0,1.20971,0,0,1376,15.15625,-4.686512
14.08.2026,23:24:41,12301,0.401954,-0.010109,-0.06,-0.02,-3.1875,4.75,7.5625,0.911065,0,0,1.308415,0,0,1374,15.125,-2.121494
14.08.2026,23:24:41,12407,0.421387,-0.087108,-0.14,-0.7,-3.3125,4.8125,7.5625,0.93816,0,0,1.40117,0,0,1373,15.125,-2.862091
14.08.2026,23:24:41,12513,0.412182,0.075506,0,0.08,-3.375,4.6875,7.5625,0.971499,0,0,1.506401,0,0,1370,15.125,-2.534611
14.08.2026,23:24:41,12619,0.433661,0.036756,-0.12,-0.66,-3.5,4.4375,7.5625,0.99764,0,0,1.604866,0,0,1368,15.125,-1.470821
14.08.2026,23:24:41,12725,0.423433,0.007599,-0.14,0,-3.625,4.125,7.5,1.023656,0,0,1.716136,0,0,1366,15.125,0.402889
14.08.2026,23:24:41,12831,0.428547,-0.061609,-0.06,-0.55,-3.6875,3.9375,7.375,1.051724,0,0,1.830381,0,0,1364,14.75,-0.900242
14.08.2026,23:24:41,12937,0.435706,0.079453,-0.06,-0.77,-3.875,3.6875,7.25,1.07479,0,0,1.936715,0,0,1362,14.625,-0.404003
14.08.2026,23:24:41,13043,0.432638,0.130469,-0.2,0.09,-4.125,3.625,7.0625,1.099047,0,0,2.056288,0,0,1359,14.25,1.224136
14.08.2026,23:24:41,13149,0.427524,0.081108,-0.09,-0.7,-4.3125,3.5625,6.875,1.119808,0,0,2.167264,0,0,1357,13.59375,4.409149
14.08.2026,23:24:41,13255,0.438775,0.081922,-0.2,0.22,-4.5,3.375,6.5625,1.14253,0,0,2.291727,0,0,1354,12.96875,5.395397
14.08.2026,23:24:41,13362,0.439797,0.173377,-0.26,-0.87,-4.8125,2.9375,6,1.161845,0,0,2.418583,0,0,1352,12.0625,6.44413
14.08.2026,23:24:41,13468,0.464344,0.242626,-0.09,-0.64,-5,2.625,5.5,1.183671,0,0,2.535889,0,0,1350,10.53125,9.034199
14.08.2026,23:24:41,13574,0.455139,0.181886,-0.19,-1.23,-5.25,2.375,4.8125,1.200944,0,0,2.666985,0,0,1347,8.84375,10.0773
14.08.2026,23:24:41,13680,0.452071,0.271755,-0.13,-0.35,-5.4375,2.3125,4.1875,1.216249,0,0,2.787858,0,0,1344,7.90625,10.66415
14.08.2026,23:24:41,13786,0.472526,0.289718,-0.22,0.31,-5.75,2.4375,3.4375,1.233636,0,0,2.922488,0,0,1342,6.25,11.82171
14.08.2026,23:24:41,13892,0.476618,0.337396,-0.57,-0.63,-5.875,2.625,2.5625,1.244578,0,0,3.058671,0,0,1340,5.5,11.67104
14.08.2026,23:24:41,13998,0.491959,-0.193775,-0.22,-1.14,-5.8125,2.875,2,1.25525,0,0,3.183675,0,0,1337,4.375,11.58606
14.08.2026,23:24:41,14104,0.498096,0.075583,-0.2,0.38,-5.625,3.3125,1.5625,1.266119,0,0,3.32233,0,0,1333,3.5,9.65609
14.08.2026,23:24:41,14210,0.511392,-0.145657,-0.23,-0.6,-5.375,3.5625,1.1875,1.271749,0,0,3.449269,0,0,1332,2.0625,6.960476
14.08.2026,23:24:41,14316,0.519575,0.073114,-0.19,0.22,-5.0625,3.625,0.6875,1.280366,0,0,3.589726,0,0,1329,1.59375,4.86544
14.08.2026,23:24:41,14422,0.518552,0.232168,-0.17,-0.45,-4.875,3.5,0.375,1.288743,0,0,3.730899,0,0,1326,0.6875,6.077354
14.08.2026,23:24:41,14528,0.535939,0.281656,-0.18,-0.38,-4.6875,3.375,0,1.293542,0,0,3.859737,0,0,1323,-0.3125,5.444893
14.08.2026,23:24:41,14634,0.564577,0.151414,-0.27,-0.14,-4.5625,3.1875,359.5625,1.293846,0,0,4.00188,0,0,1320,-1.34375,6.123009
14.08.2026,23:24:41,14740,0.562531,0.161957,-0.08,-0.6,-4.5,3,359.0625,1.296001,0,0,4.131382,0,0,1318,-2.34375,5.464241
14.08.2026,23:24:41,14847,0.561509,-0.250631,-0.26,-1.18,-4.4375,2.625,358.1875,1.298801,0,0,4.274029,0,0,1315,-3.125,5.795528
14.08.2026,23:24:41,14953,0.55844,0.198521,-0.27,-0.04,-4.4375,2.3125,357.5625,1.2976,0,0,4.416763,0,0,1312,-4.375,6.133045
14.08.2026,23:24:41,15059,0.560486,0.04775,-0.25,-1.5,-4.375,2.1875,357,1.29702,0,0,4.546501,0,0,1309,-5.625,5.249268
14.08.2026,23:24:41,15165,0.593215,0.066213,-0.22,-0.42,-4.3125,2.25,356.5,1.297018,0,0,4.689099,0,0,1307,-7.3125,5.310539
14.08.2026,23:24:41,15271,0.612648,-0.276914,-0.2,-1.65,-4.1875,2.5,356.125,1.293259,0,0,4.831491,0,0,1304,-7.90625,5.404961
14.08.2026,23:24:41,15377,0.618785,-0.370968,-0.29,-2.05,-3.9375,2.8125,355.75,1.290558,0,0,4.960688,0,0,1301,-8.375,4.075565
14.08.2026,23:24:41,15483,0.636172,0.560843,-0.19,1.54,-3.75,3,355.625,1.293355,0,0,5.102448,0,0,1298,-8.625,3.522469
14.08.2026,23:24:41,15589,0.631058,-0.30318,-0.23,-1.72,-3.5625,3,355.5,1.280692,0,0,5.230927,0,0,1296,-9.15625,0.320576
14.08.2026,23:24:41,15695,0.638218,-0.024131,-0.25,-1.29,-3.4375,3,355.5,1.277748,0,0,5.371761,0,0,1293,-9,-0.468178
14.08.2026,23:24:41,15801,0.681175,0.213995,-0.22,0.44,-3.3125,3,355.5,1.274436,0,0,5.512015,0,0,1290,-9,0.767445
14.08.2026,23:24:41,15907,0.648445,-0.006641,-0.19,-0.12,-3.25,2.875,355.5,1.26861,0,0,5.638966,0,0,1287,-9,0.276833
14.08.2026,23:24:41,16013,0.659696,0.302889,-0.23,0.25,-3.25,2.75,355.5,1.260283,0,0,5.777954,0,0,1284,-9,0.754986
14.08.2026,23:24:41,16119,0.686288,0.151022,-0.16,0.51,-3.25,2.6875,355.5,1.253958,0,0,5.903666,0,0,1283,-9,0.704357
14.08.2026,23:24:41,16225,0.692425,0.148308,-0.19,0.66,-3.25,2.6875,355.5,1.24928,0,0,6.041205,0,0,1280,-9,1.385021
14.08.2026,23:24:41,16332,0.684243,0.166406,-0.21,0.31,-3.125,2.6875,355.5,1.23895,0,0,6.177917,0,0,1277,-9,0.50626
14.08.2026,23:24:41,16438,0.681175,0.035081,-0.17,0.26,-3.0625,2.6875,355.5,1.231668,0,0,6.301451,0,0,1274,-9,0.359398
14.08.2026,23:24:41,16544,0.686288,0.04362,-0.14,-0.41,-3,2.5,355.375,1.22496,0,0,6.436479,0,0,1272,-9.25,-0.389378
14.08.2026,23:24:41,16650,0.693448,-0.138236,-0.09,-0.56,-3,2.3125,355.1875,1.215325,0,0,6.558423,0,0,1269,-9.78125,0.206909
14.08.2026,23:24:41,16756,0.697539,-0.029071,-0.14,-0.71,-3.0625,2.125,354.9375,1.206614,0,0,6.691642,0,0,1266,-10.4375,0.196262
14.08.2026,23:24:41,16862,0.709812,0.038706,-0.18,-0.7,-3.3125,2,354.625,1.199127,0,0,6.823869,0,0,1263,-11.0625,1.148151
14.08.2026,23:24:41,16968,0.716972,0.057009,-0.16,-0.85,-3.4375,2,354.375,1.19077,0,0,6.943192,0,0,1262,-11.40625,3.314377
14.08.2026,23:24:41,17074,0.712881,-0.074904,-0.17,-0.61,-3.6875,2.0625,354.125,1.179539,0,0,7.073463,0,0,1259,-11.90625,5.893799
14.08.2026,23:24:41,17180,0.700607,0.103077,-0.14,-0.68,-4,2.25,353.9375,1.170791,0,0,7.190982,0,0,1256,-12.125,7.246906
14.08.2026,23:24:41,17286,0.70163,-0.058963,-0.11,-0.57,-4.3125,2.25,353.75,1.16163,0,0,7.319232,0,0,1254,-12.5,9.151291
14.08.2026,23:24:41,17392,0.694471,-0.080069,-0.11,-0.4,-4.625,2.25,353.75,1.151155,0,0,7.446404,0,0,1251,-12.5,9.329437
14.08.2026,23:24:41,17498,0.714926,0.129472,-0.17,-0.05,-4.75,2.3125,353.75,1.142037,0,0,7.561066,0,0,1249,-12.5,9.978165
14.08.2026,23:24:41,17604,0.7272,-0.071409,-0.07,-0.4,-4.8125,2.3125,353.8125,1.132432,0,0,7.686134,0,0,1247,-12.375,10.0969
14.08.2026,23:24:41,17710,0.734359,-0.042541,-0.06,-0.29,-4.8125,2.4375,353.9375,1.12348,0,0,7.798868,0,0,1244,-11.96875,10.82819
14.08.2026,23:24:41,17817,0.747656,-0.00362,-0.1,0.03,-4.8125,2.625,354.1875,1.112528,0,0,7.921804,0,0,1241,-11.59375,11.3401
14.08.2026,23:24:41,17923,0.748678,-0.184517,-0.05,-0.44,-4.6875,2.75,354.375,1.101549,0,0,8.043612,0,0,1240,-11.09375,10.97947
14.08.2026,23:24:41,18029,0.753792,-0.064397,-0.08,-0.42,-4.5625,2.75,354.5,1.093408,0,0,8.153366,0,0,1237,-10.84375,9.937576
14.08.2026,23:24:41,18135,0.765043,-0.05518,-0.12,-0.03,-4.5,2.6875,354.625,1.082501,0,0,8.273011,0,0,1235,-10.59375,7.659451
14.08.2026,23:24:41,18241,0.772202,-0.075704,-0.07,-0.27,-4.4375,2.5625,354.6875,1.072559,0,0,8.391519,0,0,1232,-10.625,7.180695
14.08.2026,23:24:41,18347,0.77118,-0.156772,-0.09,-0.31,-4.375,2.3125,354.8125,1.064605,0,0,8.498259,0,0,1231,-10.375,6.836945
14.08.2026,23:24:41,18453,0.765043,-0.127166,-0.12,-0.21,-4.375,2.125,354.875,1.052254,0,0,8.614581,0,0,1228,-10.25,8.89447
14.08.2026,23:24:41,18559,0.78243,-0.097854,-0.05,-0.15,-4.375,2.1875,354.9375,1.042835,0,0,8.719336,0,0,1226,-10.125,9.265739
14.08.2026,23:24:41,18665,0.777316,-0.038385,-0.12,-0.08,-4.375,2.1875,354.9375,1.033243,0,0,8.833479,0,0,1223,-10.125,8.871967
14.08.2026,23:24:41,18771,0.790612,-0.048866,-0.04,-0.22,-4.375,2.3125,354.9375,1.022126,0,0,8.946479,0,0,1222,-10.125,8.523201
14.08.2026,23:24:41,18877,0.784476,-0.009601,-0.13,-0.32,-4.375,2.3125,354.9375,1.012742,0,0,9.048223,0,0,1219,-10.125,8.911346
14.08.2026,23:24:41,18983,0.780385,0.019293,-0.07,-0.39,-4.4375,2.1875,354.9375,1.003746,0,0,9.159057,0,0,1217,-10.125,8.939472
14.08.2026,23:24:41,19089,0.781407,0.008694,-0.1,-0.59,-4.5,2,354.875,0.994356,0,0,9.258836,0,0,1215,-10.40625,9.840736
14.08.2026,23:24:41,19195,0.797772,-0.02254,-0.12,-0.09,-4.625,1.8125,354.8125,0.982961,0,0,9.367523,0,0,1212,-10.375,11.72509
14.08.2026,23:24:41,19302,0.792658,-0.053683,-0.06,-0.3,-4.8125,1.625,354.625,0.973331,0,0,9.475088,0,0,1211,-10.625,10.86134
14.08.2026,23:24:41,19408,0.798795,-0.124531,-0.07,-0.23,-4.9375,1.6875,354.5,0.963641,0,0,0.0483,0,0,1215,-11.15625,13.73635
14.08.2026,23:24:41,19514,0.814137,-0.024531,-0.04,-0.29,-5.0625,1.875,354.375,0.955873,0,0,0.153868,0,0,1225,-11.40625,14.8345
14.08.2026,23:24:41,19620,0.815159,-0.034978,-0.05,-0.27,-5.1875,2.125,354.25,0.950236,0,0,0.249162,0,0,1235,-11.65625,15.33637
14.08.2026,23:24:41,19726,0.827433,0.004219,-0.03,-0.24,-5.3125,2.4375,354.25,0.946579,0,0,0.353443,0,0,1240,-11.5,15.52455
14.08.2026,23:24:41,19832,0.830501,-0.066101,0,-0.22,-5.4375,2.625,354.25,0.943982,0,0,0.457376,0,0,1250,-11.5,15.28327
14.08.2026,23:24:41,19938,0.830501,0.004401,-0.01,-0.01,-5.4375,2.8125,354.25,0.943903,0,0,0.551754,0,0,1260,-11.5,16.1108
14.08.2026,23:24:41,20044,0.837661,-0.004956,-0.05,-0.09,-5.4375,3,354.375,0.945648,0,0,0.65567,0,0,1270,-11.25,15.55952
14.08.2026,23:24:41,20150,0.839706,-0.114563,-0.03,-0.51,-5.4375,3.25,354.625,0.948195,0,0,0.75043,0,0,1275,-10.4375,15.7564
14.08.2026,23:24:41,20256,0.843797,-0.092941,0.03,0.1,-5.375,3.625,355,0.955945,0,0,0.855214,0,0,1285,-9.9375,13.0176
14.08.2026,23:24:41,20362,0.849934,-0.211749,0.12,-0.53,-5.25,3.75,355.3125,0.961769,0,0,0.960819,0,0,1295,-9.3125,13.14578
14.08.2026,23:24:41,20468,0.845843,-0.068575,0.1,-0.25,-5.0625,3.9375,355.6875,0.972869,0,0,1.057755,0,0,1305,-8.3125,12.09765
14.08.2026,23:24:41,20574,0.854025,-0.347972,0.11,-0.87,-4.9375,4.125,356.0625,0.987681,0,0,1.165657,0,0,1315,-7.5625,13.60269
14.08.2026,23:24:41,20680,0.860162,0.035768,0.15,0.65,-4.75,4.3125,356.5,1.002007,0,0,1.265126,0,0,1320,-6.53125,10.84018
14.08.2026,23:24:41,20787,0.869367,0.169326,0.19,1.07,-4.5,4.625,357.0625,1.016815,0,0,1.376315,0,0,1330,-6.25,9.595165
14.08.2026,23:24:41,20893,0.869367,0.090506,0.26,0.55,-4.375,4.8125,357.5,1.040757,0,0,1.489633,0,0,1340,-5.375,10.38579
14.08.2026,23:24:41,20999,0.867321,0.042209,0.2,0.63,-4.25,5,357.875,1.061715,0,0,1.594742,0,0,1350,-4.5,9.512043
14.08.2026,23:24:41,21105,0.872435,-0.224606,0.15,-0.39,-4.0625,5.1875,358.3125,1.082491,0,0,1.712909,0,0,1355,-3.0625,8.908924
14.08.2026,23:24:41,21211,0.890845,-0.0616,0.21,-0.42,-3.875,5.25,358.75,1.110384,0,0,1.833752,0,0,1365,-2.1875,6.353947
14.08.2026,23:24:41,21317,0.892891,-0.207613,0.16,-0.36,-3.75,5.4375,359.375,1.131117,0,0,1.945834,0,0,1375,-1.625,7.555214
14.08.2026,23:24:41,21423,0.884709,-0.265268,0.1,-0.39,-3.5625,5.5625,359.8125,1.148833,0,0,2.071468,0,0,1385,0.09375,6.260181
14.08.2026,23:24:41,21529,0.899028,0.147513,0.16,0.27,-3.4375,5.6875,0.3125,1.172162,0,0,2.187728,0,0,1390,1.09375,5.797691
14.08.2026,23:24:41,21635,0.886754,-0.161105,0.11,-0.58,-3.25,5.8125,0.75,1.192292,0,0,2.317776,0,0,1400,1.8125,2.466423
14.08.2026,23:24:41,21741,0.874481,0.101436,0.17,-0.19,-3.125,5.9375,1.25,1.211526,0,0,2.450004,0,0,1410,2.5,3.476429
14.08.2026,23:24:41,21847,0.878572,-0.107448,0.18,-0.55,-3,6.1875,1.875,1.228067,0,0,2.572036,0,0,1420,3.5,1.552696
14.08.2026,23:24:41,21953,0.877549,-0.135969,0.16,-0.03,-2.9375,6.25,2.375,1.247012,0,0,2.708212,0,0,1430,5.21875,1.315826
14.08.2026,23:24:41,22059,0.890845,-0.043335,0.06,-0.42,-2.9375,6.25,2.8125,1.263128,0,0,2.833722,0,0,1435,6.09375,3.412731
14.08.2026,23:24:41,22165,0.893914,-0.44187,0.07,-1.06,-2.9375,6.1875,3.1875,1.275039,0,0,2.97362,0,0,1445,6.6875,2.096409
14.08.2026,23:24:41,22272,0.88164,-0.20977,0.16,0.15,-2.9375,6.1875,3.6875,1.297363,0,0,3.115401,0,0,1455,7.25,2.383297
14.08.2026,23:24:41,22378,0.889823,-0.267608,0.07,-0.49,-2.875,6.1875,3.9375,1.312507,0,0,3.245896,0,0,1465,7.75,2.838947
14.08.2026,23:24:41,22484,0.877549,-0.226021,0.17,-0.29,-2.75,6.25,4.125,1.325927,0,0,3.391183,0,0,1470,8.125,-0.277958
14.08.2026,23:24:41,22590,0.878572,-0.433693,0.06,-0.51,-2.625,6.4375,4.25,1.338803,0,0,3.524832,0,0,1480,8.5,1.699604
14.08.2026,23:24:41,22696,0.891868,-0.041596,0.09,-0.15,-2.5,6.5,4.375,1.360361,0,0,3.673569,0,0,1490,8.90625,-1.287308
14.08.2026,23:24:41,22802,0.880617,0.256875,0.26,0.28,-2.5,6.5,4.4375,1.378527,0,0,3.824112,0,0,1500,9.03125,0.218933
14.08.2026,23:24:41,22908,0.867321,-0.562313,0.09,-1.05,-2.5,6.4375,4.5625,1.385461,0,0,3.962548,0,0,1505,9.28125,0.303314
14.08.2026,23:24:41,23014,0.87039,-0.129715,0.1,-0.39,-2.5,6.5625,4.6875,1.408753,0,0,4.116581,0,0,1515,9.53125,-0.57423
14.08.2026,23:24:41,23120,0.871412,-0.399337,0.11,-0.23,-2.5,6.9375,4.75,1.424319,0,0,4.258231,0,0,1525,9.5,0.010799
14.08.2026,23:24:41,23226,0.868344,-0.087083,0.05,-0.39,-2.5625,7.1875,4.75,1.440013,0,0,4.415863,0,0,1535,9.5,0.950836
14.08.2026,23:24:41,23332,0.86323,0.074214,0.06,-0.21,-2.5625,7.5,4.6875,1.459705,0,0,4.575444,0,0,1545,9.375,0.630192
14.08.2026,23:24:41,23438,0.859139,-0.243373,0.14,-0.33,-2.625,7.5,4.625,1.476539,0,0,4.722253,0,0,1550,9.25,1.300213
14.08.2026,23:24:41,23544,0.857093,0.161286,0.11,-0.16,-2.6875,7.5,4.5,1.496253,0,0,4.885711,0,0,1560,9.125,1.064552
14.08.2026,23:24:41,23650,0.857093,0.112228,0.12,-0.52,-2.8125,7.3125,4.3125,1.513538,0,0,5.036158,0,0,1570,8.46875,2.45388
14.08.2026,23:24:41,23757,0.87039,-0.013852,0.15,-0.22,-2.8125,7.1875,4.1875,1.53379,0,0,5.203753,0,0,1580,8.21875,1.915184
14.08.2026,23:24:41,23863,0.858116,0.10729,0.21,0.47,-2.8125,7.4375,4.125,1.555034,0,0,5.373633,0,0,1585,8.25,0.716995
14.08.2026,23:24:41,23969,0.860162,0.096304,0.1,0.47,-2.8125,7.75,4.125,1.574858,0,0,5.53013,0,0,1595,8.25,1.954563
14.08.2026,23:24:41,24075,0.866298,0.325509,0.1,-0.09,-2.75,8.1875,4.125,1.597968,0,0,5.704636,0,0,1605,8.25,1.503933
14.08.2026,23:24:41,24181,0.896982,0.042831,0.08,-0.76,-2.6875,8.625,4.125,1.620807,0,0,5.881714,0,0,1615,8.25,0.929543
14.08.2026,23:24:41,24287,0.859139,-0.537964,0.05,-0.83,-2.625,8.75,4,1.651211,0,0,6.045021,0,0,1620,8,-0.269253
14.08.2026,23:24:41,24393,0.879595,-0.242766,0.17,0.34,-2.625,8.6875,3.875,1.67035,0,0,6.227322,0,0,1630,7.875,1.345211
14.08.2026,23:24:41,24499,0.889823,0.548092,-0.07,-0.16,-2.5625,8.6875,3.6875,1.694872,0,0,6.395572,0,0,1640,7.5,1.344608
14.08.2026,23:24:41,24605,0.892891,0.889748,0.09,-0.18,-2.5625,8.8125,3.4375,1.730035,0,0,6.583538,0,0,1650,6.5625,0.281422
14.08.2026,23:24:41,24711,0.919483,-0.12267,0.09,-0.1,-2.5,8.75,3.1875,1.752149,0,0,6.774662,0,0,1655,6.375,1.951534
14.08.2026,23:24:41,24817,0.884709,-0.142021,0.05,-0.72,-2.4375,8.6875,2.75,1.779971,0,0,6.951262,0,0,1665,5.75,0.325211
14.08.2026,23:24:41,24923,0.862207,-0.263303,0.16,0.64,-2.3125,8.5,2.5,1.806975,0,0,7.148787,0,0,1675,5.125,-1.28484
14.08.2026,23:24:41,25029,0.905164,1.089065,-0.17,-0.04,-2.125,8.625,2.1875,1.850227,0,0,7.331439,0,0,1685,4.0625,-3.406063
14.08.2026,23:24:41,25135,0.876526,-0.120011,0.09,0.75,-2.0625,8.9375,1.875,1.875708,0,0,7.535883,0,0,1695,3.59375,-2.282944
14.08.2026,23:24:41,25242,0.879595,0.9544,0.1,-0.76,-2,9.125,1.375,1.921133,0,0,7.744166,0,0,1700,2.6875,-2.666069
14.08.2026,23:24:41,25348,0.892891,0.754172,-0.01,-0.01,-1.9375,9.25,1,1.949891,0,0,7.936968,0,0,1710,1.6875,-4.084255
14.08.2026,23:24:41,25454,0.911301,-0.327094,0.12,0.53,-1.875,9.3125,0.6875,1.983088,0,0,8.152991,0,0,1720,1.0625,-2.02037
14.08.2026,23:24:41,25560,0.8888,1.068734,0.08,-0.98,-1.8125,9.25,0.3125,2.018847,0,0,8.353085,0,0,1730,0.3125,-3.123539
14.08.2026,23:24:41,25666,0.886754,-0.488826,0.02,0.74,-1.75,9.25,359.9375,2.052094,0,0,8.577404,0,0,1735,-0.4375,-4.558601
14.08.2026,23:24:41,25772,0.898005,-0.748363,0.42,-0.72,-1.875,9.25,359.3125,2.102045,0,0,8.806289,0,0,1745,-1.125,-4.473614
14.08.2026,23:24:41,25878,0.808,-0.121051,-0.14,-1.09,-1.875,9.1875,358.75,2.141636,0,0,9.018457,0,0,1755,-2.125,-5.676826
14.08.2026,23:24:41,25984,0.850957,0.406597,-0.13,-1.13,-1.9375,9.25,358.25,2.187117,0,0,9.256488,0,0,1765,-3,0.09964
14.08.2026,23:24:41,26090,0.923574,1.328147,-0.12,-0.6,-2,9.3125,357.8125,2.238382,0,0,9.477227,0,0,1770,-4.6875,-1.761734
14.08.2026,23:24:41,26196,0.824364,1.350817,-0.06,-1.33,-2.0625,9.375,357.25,2.275966,0,0,9.724954,0,0,1780,-5.5625,-1.979782
14.08.2026,23:24:41,26302,0.846866,1.105713,-0.03,-1.01,-2.125,9.5,356.875,2.332215,0,0,9.977977,0,0,1790,-6.3125,-0.555367
14.08.2026,23:24:41,26408,0.894936,-0.510914,0,0.35,-2.25,9.75,356.625,2.361315,0,0,10.21272,0,0,1800,-6.90625,1.171478
14.08.2026,23:24:41,26514,0.864253,-0.324992,0.22,-0.23,-2.3125,10,356.375,2.421467,0,0,10.47626,0,0,1810,-7.40625,-1.723614
14.08.2026,23:24:41,26620,0.842774,1.474194,-0.01,1.03,-2.4375,10.25,356.1875,2.469451,0,0,10.7208,0,0,1815,-7.78125,0.470131
14.08.2026,23:24:41,26727,0.857093,1.194898,-0.2,-1.28,-2.625,10.625,356.125,2.514151,0,0,10.99538,0,0,1825,-7.75,2.063309
14.08.2026,23:24:41,26833,0.833569,0.824358,-0.03,-1.06,-2.75,11,356.125,2.57819,0,0,11.27594,0,0,1835,-7.75,0.170124
14.08.2026,23:24:41,26939,0.873458,-0.743518,0.32,0.4,-2.875,11.4375,356.125,2.628977,0,0,11.5363,0,0,1845,-7.75,3.80027
14.08.2026,23:24:41,27045,0.846866,1.305531,0,-1.75,-3,11.875,356.125,2.695386,0,0,11.82864,0,0,1850,-7.75,2.321419
14.08.2026,23:24:41,27151,0.887777,-1.066783,0.15,-1.27,-3.125,12.25,356.1875,2.744776,0,0,12.12734,0,0,1860,-7.625,4.213341
14.08.2026,23:24:41,27257,0.894936,-0.440813,0.22,0.69,-3.3125,12.5,356.1875,2.798767,0,0,12.4045,0,0,1870,-7.625,3.045094
14.08.2026,23:24:41,27363,0.92562,1.689987,0.01,-1.64,-3.5,12.5,356.125,2.87167,0,0,12.71567,0,0,1880,-7.75,5.510193
14.08.2026,23:24:41,27469,0.917438,-1.071014,0.35,0.5,-3.625,12.5,356.0625,2.90001,0,0,13.00436,0,0,1885,-8.03125,5.320145
14.08.2026,23:24:41,27575,0.936871,0.962546,0.04,-0.72,-3.6875,12.5625,356,2.97723,0,0,13.32842,0,0,1895,-8,9.500965
14.08.2026,23:24:41,27681,0.848911,-0.751055,0.14,1.16,-3.6875,12.625,355.9375,3.028602,0,0,13.65937,0,0,1905,-8.125,6.665806
14.08.2026,23:24:41,27787,0.879595,-0.661449,0.22,0.85,-3.625,13.1875,355.9375,3.103271,0,0,13.96632,0,0,1915,-8.125,8.19529
14.08.2026,23:24:41,27893,0.91846,-0.052579,-0.03,1.18,-3.5625,13.75,355.9375,3.163351,0,0,14.31073,0,0,1925,-8.125,45
14.08.2026,23:24:41,27999,0.887777,-0.364091,-0.26,-2.01,-3.4375,14.4375,355.875,3.223366,0,0,14.63007,0,0,1930,-8.25,45
14.08.2026,23:24:41,28105,0.961417,0.987143,-0.06,0.36,-3.125,15.625,355.9375,3.295284,0,0,14.98828,0,0,1940,-8.125,45
14.08.2026,23:24:41,28212,0.921529,-0.953892,0.09,0.85,-1.9375,19.125,355.875,3.357032,0,0,15.35384,0,0,1950,-8.125,45
14.08.2026,23:24:41,28318,0.986987,1.099473,-0.05,-1.51,-0.5625,22,355.8125,3.415726,0,0,15.69254,0,0,1950,-8.25,45
14.08.2026,23:24:41,28424,0.966531,1.558035,-0.14,-1.14,1,23.8125,355.6875,3.485119,0,0,16.07147,0,0,1950,-8.78125,45
14.08.2026,23:24:41,28530,0.997215,0.021894,-0.23,2.18,2.75,24.4375,355.5625,3.516002,0,0,16.42108,0,0,1950,-9.03125,45
14.08.2026,23:24:41,28636,0.913347,-1.255137,-0.03,-0.1,4.5,24.1875,355.375,3.562754,0,0,16.8106,0,0,1950,-9.40625,45
14.08.2026,23:24:41,28742,0.908233,1.485749,-0.15,-0.52,6.8125,22.8125,355.1875,3.614536,0,0,17.20468,0,0,1950,-9.78125,45
14.08.2026,23:24:41,28848,0.967554,-0.236141,-0.25,1.22,8.4375,21.8125,355,3.628536,0,0,17.56639,0,0,1950,-10.15625,45
14.08.2026,23:24:41,28954,0.892891,-0.787075,-0.01,-0.27,10.1875,20.6875,354.8125,3.662027,0,0,17.96762,0,0,1950,-10.375,45
14.08.2026,23:24:41,29060,0.822319,0.032463,-0.28,-0.78,11.9375,19.9375,354.5625,3.685714,0,0,18.33503,0,0,1950,-11.03125,45
14.08.2026,23:24:41,29166,0.802886,1.867958,-0.35,0.57,13.625,19.6875,354.3125,3.726697,0,0,18.74174,0,0,1950,-11.375,45
14.08.2026,23:24:41,29272,0.736405,2.509331,-0.21,0.57,16,19.8125,353.875,3.728329,0,0,19.15079,0,0,1950,-12,45
14.08.2026,23:24:41,29378,0.732314,0.460778,-0.07,-0.72,17.8125,20.0625,353.5625,3.744064,0,0,19.52443,0,0,1950,-12.625,45
14.08.2026,23:24:41,29484,0.685266,1.276644,-0.09,0.91,19.4375,20.5,353.25,3.771795,0,0,19.93713,0,0,1950,-13.65625,45
14.08.2026,23:24:41,29590,0.514461,-0.477316,-0.02,1.17,21.0625,20.625,353,3.766402,0,0,20.31367,0,0,1950,-14.15625,45
14.08.2026,23:24:41,29697,0.358997,0.862268,-0.06,-0.4,23.0625,20.5625,352.875,3.782681,0,0,0.151228,0,0,1945,45,-45
14.08.2026,23:24:41,29803,0.251605,-0.744327,0.01,1.21,24.5625,20.6875,352.75,3.779214,0,0,0.567562,0,0,1940,45,-45
14.08.2026,23:24:41,29909,0.172851,1.828879,-0.19,0.54,25.9375,20.0625,352.4375,3.800836,0,0,0.945947,0,0,1930,45,-45
14.08.2026,23:24:41,30015,0.095119,0.845851,-0.2,-0.73,26.625,17.125,351.6875,3.768229,0,0,1.361215,0,0,1920,45,-45
14.08.2026,23:24:41,30121,0,0.009084,-0.67,1.15,26.4375,13.5625,350.25,3.752337,0,0,1.77474,0,0,1910,45,-45
14.08.2026,23:24:41,30227,0,-0.399862,-0.44,0.04,24.8125,9.5,347.1875,3.745183,0,0,2.148609,0,0,1905,45,-45
14.08.2026,23:24:41,30333,0,-0.118794,-0.65,-0.61,22.4375,8.5,344.4375,3.698913,0,0,2.5571,0,0,1895,45,-45
14.08.2026,23:24:41,30439,0,-0.107402,-1.09,-3.16,17.625,10,341.8125,3.669753,0,0,2.925566,0,0,1885,45,-45
14.08.2026,23:24:41,30545,0,0.874339,-1.47,-6.07,10.625,14.75,339.9375,3.647376,0,0,3.327342,0,0,1875,45,-13.05
14.08.2026,23:24:41,30651,0,1.168813,-1.48,-3,3.5625,19.375,339.5625,3.597176,0,0,3.725107,0,0,1870,45,-45
14.08.2026,23:24:41,30757,0,1.434993,-1.6,-1.94,-2.25,13.875,338,3.560765,0,0,4.083011,0,0,1860,45,-19.8
14.08.2026,23:24:41,30863,0,0.30912,-0.83,-0.92,-2.5625,2.25,337,3.526297,0,0,4.472437,0,0,1850,45,-13.95625
14.08.2026,23:24:41,30969,0,-0.135072,-1.17,2.64,-3,-7.125,336.125,3.483233,0,0,4.822438,0,0,1840,45,-12.58125
14.08.2026,23:24:41,31075,0,0.622679,-0.82,3.25,-3.8125,-8.9375,334.9375,3.436703,0,0,5.202879,0,0,1830,45,0.731247
14.08.2026,23:24:41,31182,0,0.856975,-0.3,0,-5.0625,-1.875,333.1875,3.394349,0,0,5.578443,0,0,1825,45,7.793747
14.08.2026,23:24:41,31288,0,0.979409,0.03,-0.56,-5.875,6.375,331.75,3.364258,0,0,5.91556,0,0,1815,45,8.793747
14.08.2026,23:24:41,31394,0,-0.231239,0.36,1.23,-6.375,12.75,330.375,3.304556,0,0,6.281595,0,0,1805,45,10.1375
14.08.2026,23:24:41,31500,0,0.549557,0.52,-1.22,-6.4375,16.8125,328.4375,3.262779,0,0,6.609958,0,0,1795,45,5.793747
14.08.2026,23:24:41,31606,0,1.900678,0.34,-1.12,-6.125,17.75,326.5,3.239021,0,0,6.966299,0,0,1790,45,2.512497
14.08.2026,23:24:41,31712,0.017387,1.774167,0.12,-1.18,-5.3125,15.9375,323.875,3.169827,0,0,7.317538,0,0,1780,45,2.78001
14.08.2026,23:24:41,31818,0.054208,1.367823,0.19,-0.74,-4.6875,13.8125,321.75,3.127675,0,0,7.632419,0,0,1770,45,0.061947
14.08.2026,23:24:41,31924,0.068527,1.683736,0,-0.54,-4.1875,11.875,319.5,3.101754,0,0,7.973923,0,0,1760,45,-2.209904
14.08.2026,23:24:41,32030,0.083868,1.607938,-0.04,0.03,-3.75,10.4375,317.4375,3.058802,0,0,8.279977,0,0,1755,45,-10.38687
14.08.2026,23:24:41,32136,0.107392,-0.117494,0.29,0.3,-3.375,8.875,314.375,2.993824,0,0,8.611817,0,0,1745,45,-10.64866
14.08.2026,23:24:41,32242,0.130916,-0.270453,0.21,0.27,-3.1875,8.5625,312.125,2.948509,0,0,8.938643,0,0,1735,45,-9.689884
14.08.2026,23:24:41,32348,0.104324,0.702692,0.34,0.24,-3,8.6875,309.875,2.917347,0,0,9.231439,0,0,1725,45,-11.39617
14.08.2026,23:24:41,32454,0.160577,-0.324583,0.26,0.6,-2.8125,8.8125,307.6875,2.863003,0,0,9.548805,0,0,1715,45,-10.33541
14.08.2026,23:24:41,32560,0.172851,0.234426,0.02,-0.2,-2.75,8.75,305.5,2.822737,0,0,9.833084,0,0,1710,45,-11.36545
14.08.2026,23:24:41,32667,0.142167,1.598455,-0.04,-0.12,-2.75,8.125,302.5625,2.796359,0,0,10.14119,0,0,1700,45,-10.74238
14.08.2026,23:24:41,32773,0.193306,0.235074,-0.06,0.17,-2.75,7.5625,300.4375,2.736058,0,0,10.44452,0,0,1690,45,-8.610382
14.08.2026,23:24:41,32879,0.183078,1.046713,-0.01,-0.22,-2.8125,7.25,298.125,2.697564,0,0,10.71619,0,0,1680,45,-9.932335
14.08.2026,23:24:41,32985,0.213762,0.056928,-0.02,-0.8,-2.8125,7.25,295.6875,2.657966,0,0,11.01061,0,0,1675,45,-9.678589
14.08.2026,23:24:41,33091,0.211716,1.318065,-0.1,-0.33,-2.75,7.3125,293.25,2.614349,0,0,11.30045,0,0,1665,45,-10.64541
14.08.2026,23:24:41,33197,0.207625,0.217799,0.06,0.12,-2.6875,7.3125,290.125,2.577476,0,0,11.56004,0,0,1655,45,-9.549812
14.08.2026,23:24:41,33303,0.217853,0.672833,0.08,-0.01,-2.6875,7.4375,287.8125,2.545849,0,0,11.84137,0,0,1645,45,-10.03982
14.08.2026,23:24:41,33409,0.240354,0.060974,0.09,-0.35,-2.6875,7.5,285.6875,2.503823,0,0,12.09334,0,0,1640,45,-8.689743
14.08.2026,23:24:41,33515,0.251605,0.891559,0.09,0.12,-2.6875,7.3125,283.375,2.4635,0,0,12.36644,0,0,1630,45,-9.572918
14.08.2026,23:24:41,33621,0.241377,0.523398,0.08,-0.39,-2.75,7.0625,281.125,2.432037,0,0,12.63535,0,0,1620,45,-8.559753
14.08.2026,23:24:41,33727,0.247514,1.070956,-0.05,-1.08,-2.875,6.6875,278.125,2.404895,0,0,12.87625,0,0,1610,45,-8.232883
14.08.2026,23:24:41,33833,0.251605,1.004997,0.18,-0.43,-2.9375,6.5,275.9375,2.356116,0,0,13.13739,0,0,1600,45,-8.293549
14.08.2026,23:24:41,33939,0.2424,-0.100971,0.23,-0.27,-2.9375,7,273.875,2.323858,0,0,13.37138,0,0,1595,45,-8.529816
14.08.2026,23:24:41,34045,0.266947,0.358563,0.1,-0.36,-3,7.25,271.625,2.293336,0,0,13.6251,0,0,1585,45,-6.875366
14.08.2026,23:24:41,34152,0.246491,0.114923,-0.03,-0.24,-3.0625,7.875,268.75,2.255516,0,0,13.87506,0,0,1575,45,-7.943565
14.08.2026,23:24:41,34258,0.270015,0.253255,0.09,-0.04,-3.125,7.8125,266.5625,2.225652,0,0,14.09911,0,0,1565,45,-6.283493
14.08.2026,23:24:41,34364,0.26081,0.269867,0.09,0.78,-3.1875,7.75,264.375,2.196376,0,0,14.34216,0,0,1560,45,-6.772293
14.08.2026,23:24:41,34470,0.257742,-0.122423,0.02,-0.9,-3.25,7.8125,262.125,2.163962,0,0,14.56008,0,0,1550,45,-6.833565
14.08.2026,23:24:41,34576,0.265924,0.236962,0.05,-0.19,-3.25,7.875,260.1875,2.13472,0,0,14.79657,0,0,1540,45,-5.607243
14.08.2026,23:24:41,34682,0.289448,-0.175363,0.02,-0.26,-3.3125,7.875,257.375,2.103428,0,0,15.02976,0,0,1530,45,-5.319748
14.08.2026,23:24:41,34788,0.292516,0.126325,0.13,-0.23,-3.3125,7.625,255.1875,2.080336,0,0,15.23898,0,0,1525,45,-5.134117
14.08.2026,23:24:41,34894,0.306835,-0.160356,0.05,-0.38,-3.375,7.3125,253.0625,2.051528,0,0,15.46616,0,0,1515,45,-5.015373
14.08.2026,23:24:41,35000,0.30479,-0.027746,0.13,-0.19,-3.4375,7,250.875,2.027138,0,0,15.67009,0,0,1505,45,-3.805325
14.08.2026,23:24:41,35106,0.298653,-0.088438,0.02,-0.5,-3.5625,6.625,249,1.999992,0,0,15.89164,0,0,1500,45,-2.022228
14.08.2026,23:24:41,35212,0.31604,0.462304,0.08,0.61,-3.6875,6.375,246.25,1.977144,0,0,16.11044,0,0,1500,45,-2.779095
14.08.2026,23:24:41,35318,0.321154,-0.845908,0.09,-1.14,-3.75,6.5625,244.1875,1.956775,0,0,16.30712,0,0,1500,45,-1.822189
14.08.2026,23:24:41,35424,0.322177,-0.103061,0.13,-0.4,-3.875,6.9375,242.1875,1.934121,0,0,16.52121,0,0,1500,45,-1.286572
14.08.2026,23:24:41,35530,0.315018,-0.381905,0,-0.21,-3.9375,7.375,240.1875,1.913623,0,0,16.71391,0,0,1500,45,-1.398468
14.08.2026,23:24:41,35637,0.331382,-0.029946,0.05,0.07,-4.0625,8,237.5625,1.900323,0,0,16.92393,0,0,1500,45,-0.503441
14.08.2026,23:24:41,35743,0.317063,0.150144,-0.07,-0.5,-4.0625,8.25,235.5625,1.883968,0,0,17.13203,0,0,1500,45,-0.671593
14.08.2026,23:24:41,35849,0.339564,-0.14058,0.16,-0.33,-4.0625,8.1875,233.8125,1.866791,0,0,17.31968,0,0,1500,45,-0.42408
14.08.2026,23:24:41,35955,0.340587,-0.375469,-0.02,0.12,-4.0625,8.0625,231.875,1.854899,0,0,17.5245,0,0,1500,45,0.329712
14.08.2026,23:24:41,36061,0.339564,0.140025,0.03,0.34,-4.125,8,230,1.841481,0,0,17.72779,0,0,1500,45,0.887226
14.08.2026,23:24:41,36167,0.36002,-0.128645,0.1,-0.37,-4.1875,8,227.5625,1.827266,0,0,17.91135,0,0,1500,45,0.791595
14.08.2026,23:24:41,36273,0.362066,-0.497259,0.15,-0.57,-4.1875,8.1875,225.6875,1.818172,0,0,18.11199,0,0,1500,45,1.399734
14.08.2026,23:24:41,36379,0.375362,-0.281523,0,-0.63,-4.25,8.5,223.875,1.808185,0,0,18.2933,0,0,1500,45,1.810986
14.08.2026,23:24:41,36485,0.370248,-0.128683,0.11,-0.18,-4.3125,8.875,222.25,1.795156,0,0,18.49164,0,0,1500,45,1.614708
14.08.2026,23:24:41,36591,0.389681,0.034844,0,0.29,-4.3125,9.25,219.8125,1.78836,0,0,18.68888,0,0,1500,45,2.053482
14.08.2026,23:24:41,36697,0.397863,-0.500238,0.13,-0.71,-4.25,9.125,218,1.780234,0,0,18.8673,0,0,1500,45,1.586582
14.08.2026,23:24:41,36803,0.399909,-0.344962,0.11,-0.59,-4.25,8.75,216.25,1.766912,0,0,19.06266,0,0,1500,45,2.244137
14.08.2026,23:24:41,36909,0.383544,-0.081066,-0.03,0.02,-4.25,8.5,214.5,1.762447,0,0,19.23949,0,0,1500,45,1.332836
14.08.2026,23:24:41,37015,0.39684,-0.217493,0.19,0.24,-4.25,8.5,212.875,1.757453,0,0,19.43321,0,0,1500,45,2.232887
14.08.2026,23:24:41,37122,0.411159,-0.209765,-0.08,-0.23,-4.25,8.8125,210.5625,1.747035,0,0,19.62614,0,0,1500,45,2.294765
14.08.2026,23:24:41,37228,0.428547,-0.206482,0,-0.54,-4.25,8.9375,208.8125,1.741256,0,0,19.80091,0,0,1500,45,2.778542
14.08.2026,23:24:41,37334,0.405023,-0.483055,0.11,-0.46,-4.25,9,207,1.73884,0,0,19.99251,0,0,1500,45,2.081001
14.08.2026,23:24:41,37440,0.42241,-0.117898,0,-0.2,-4.1875,9,205.1875,1.733749,0,0,20.16613,0,0,1500,45,0.259132
14.08.2026,23:24:41,37546,0.410137,0.093293,-0.13,-0.28,-4.1875,8.9375,203.375,1.727932,0,0,20.35655,0,0,1500,45,2.069145
14.08.2026,23:24:41,37652,0.439797,-0.153444,-0.07,0.24,-4.1875,8.8125,201,1.723603,0,0,20.54642,0,0,1500,45,3.323593
14.08.2026,23:24:41,37758,0.463321,-0.21976,-0.07,-0.57,-4.125,8.8125,199.4375,1.71943,0,0,20.71857,0,0,1500,45,1.894157
14.08.2026,23:24:41,37864,0.436729,-0.057894,-0.01,-0.07,-4,8.75,197.625,1.713051,0,0,20.90746,0,0,1500,45,1.966682
14.08.2026,23:24:41,37970,0.465367,-0.305964,-0.08,-0.42,-3.9375,8.6875,195.8125,1.706907,0,0,21.07879,0,0,1500,44.34375,0.187866
14.08.2026,23:24:41,38076,0.47764,-0.6924,-0.07,-0.91,-3.8125,8.5625,194,1.707683,0,0,21.26684,0,0,1500,40.40625,-0.706432
14.08.2026,23:24:41,38182,0.505256,-0.165715,-0.1,-0.19,-3.6875,8.5,191.625,1.701048,0,0,21.45449,0,0,1500,35.5,-1.765202
14.08.2026,23:24:41,38288,0.492982,0.054282,-0.03,-0.38,-3.5625,8.5,189.8125,1.700218,0,0,21.62475,0,0,1500,31.875,-0.50145
14.08.2026,23:24:41,38394,0.490937,-0.043657,0.08,0.56,-3.4375,8.5625,188.25,1.698034,0,0,21.8117,0,0,1500,29.375,-1.088303
14.08.2026,23:24:41,38500,0.496051,0.171506,-0.01,0.39,-3.3125,8.4375,186.4375,1.695386,0,0,21.98137,0,0,1500,25.75,-1.848927
14.08.2026,23:24:41,38607,0.497073,-0.267624,-0.09,0.03,-3.125,8.1875,184.1875,1.694647,0,0,22.16771,0,0,1500,23.5,-2.210766
14.08.2026,23:24:41,38713,0.508324,-0.35507,0.04,-0.32,-3.0625,7.9375,182.625,1.6901,0,0,22.35377,0,0,1500,20.25,-3.066422
14.08.2026,23:24:41,38819,0.518552,-0.571696,-0.09,-0.49,-3,7.8125,181.125,1.687922,0,0,22.52266,0,0,1500,17.5,-2.431366
14.08.2026,23:24:41,38925,0.510369,-0.125921,-0.01,-0.04,-3,7.75,179.9375,1.683062,0,0,22.70821,0,0,1500,14.75,-3.010773
14.08.2026,23:24:41,39031,0.527757,-0.092008,0,-0.09,-3,7.6875,178.625,1.683571,0,0,22.89351,0,0,1500,10.4375,-2.459492
14.08.2026,23:24:41,39137,0.518552,-0.385701,0.04,-0.18,-3.0625,7.5,177,1.681777,0,0,23.06178,0,0,1500,7.9375,-0.603874
14.08.2026,23:24:41,39243,0.539007,-0.17182,-0.04,0.04,-3.125,7.5,175.9375,1.676953,0,0,23.24667,0,0,1500,6.625,-2.345776
14.08.2026,23:24:41,39349,0.527757,-0.249461,-0.04,-0.24,-3.25,7.625,174.9375,1.674611,0,0,23.41459,0,0,1500,3.0625,-0.742683
14.08.2026,23:24:41,39455,0.532871,-0.076589,0.02,0.25,-3.4375,7.75,174,1.676935,0,0,0.167749,0,0,1505,1.1875,1.008606
14.08.2026,23:24:41,39561,0.542076,-0.201625,0.04,-0.22,-3.6875,8,173,1.672097,0,0,0.352185,0,0,1515,0,2.518009
14.08.2026,23:24:41,39667,0.54719,-0.128607,-0.11,-0.53,-3.9375,8.25,172.4375,1.674761,0,0,0.519884,0,0,1525,-0.625,2.104889
14.08.2026,23:24:41,39773,0.544121,-0.275547,-0.08,-0.83,-4.1875,8.5,171.9375,1.679586,0,0,0.704514,0,0,1535,-2.3125,4.306683
14.08.2026,23:24:41,39879,0.541053,-0.38105,0.14,-0.08,-4.5,8.9375,171.5,1.682689,0,0,0.872621,0,0,1540,-3.1875,7.824196
14.08.2026,23:24:41,39985,0.554349,-0.164763,0.08,-0.03,-4.75,9.3125,171.125,1.684045,0,0,1.057956,0,0,1550,-3.9375,6.923618
14.08.2026,23:24:41,40092,0.535939,-0.958076,0.04,-0.85,-5.1875,10.25,170.875,1.693275,0,0,1.243874,0,0,1560,-4,8.372353
14.08.2026,23:24:41,40198,0.559463,-0.599634,0.21,-0.25,-5.4375,10.9375,170.75,1.69983,0,0,1.413522,0,0,1570,-4.375,11.78372
14.08.2026,23:24:41,40304,0.585033,-0.59209,0,0.33,-5.625,11.4375,170.6875,1.700379,0,0,1.600955,0,0,1569,-4.5,14.59807
14.08.2026,23:24:41,40410,0.560486,-0.913583,-0.01,-0.31,-5.6875,11.625,170.6875,1.703695,0,0,1.772071,0,0,1565,-4.5,12.16425
14.08.2026,23:24:41,40516,0.589124,-0.585922,0.03,0.17,-5.6875,11.625,170.625,1.720075,0,0,1.96097,0,0,1561,-4.625,13.13181
14.08.2026,23:24:41,40622,0.622876,-0.575986,-0.01,0.24,-5.6875,11.3125,170.5,1.718028,0,0,2.150449,0,0,1557,-4.75,13.6437
14.08.2026,23:24:41,40728,0.626967,-0.559992,0,-0.29,-5.625,11,170.375,1.721732,0,0,2.323108,0,0,1555,-5.28125,13.74436
14.08.2026,23:24:41,40834,0.654582,-0.391972,-0.05,-0.08,-5.5,10.625,170.25,1.731122,0,0,2.513382,0,0,1551,-5.53125,12.04564
14.08.2026,23:24:41,40940,0.695493,-0.435932,-0.32,-0.35,-5.4375,10.125,170.0625,1.733001,0,0,2.686594,0,0,1547,-5.90625,13.03375
14.08.2026,23:24:41,41046,0.669924,-0.499978,-0.21,-0.06,-5.25,9.875,169.875,1.728866,0,0,2.877305,0,0,1543,-6.28125,11.23746
14.08.2026,23:24:41,41152,0.68322,-0.620648,-0.15,0.01,-5.0625,9.5625,169.5,1.73486,0,0,3.068118,0,0,1538,-6.75,12.25443
14.08.2026,23:24:41,41258,0.691402,-0.754335,-0.19,-0.76,-5,9.375,169.1875,1.734686,0,0,3.241599,0,0,1536,-7.25,10.64437
14.08.2026,23:24:41,41364,0.70163,-0.219041,-0.01,-0.16,-5,9.3125,168.9375,1.731683,0,0,3.43238,0,0,1532,-7.75,11.93257
14.08.2026,23:24:41,41470,0.729245,-0.077071,-0.11,0.09,-5,9.25,168.75,1.732071,0,0,3.605726,0,0,1528,-8.53125,11.16753
14.08.2026,23:24:41,41577,0.766066,-0.314226,-0.04,-0.31,-5,9.0625,168.375,1.731214,0,0,3.796253,0,0,1524,-9.03125,11.77446
14.08.2026,23:24:41,41683,0.787544,-0.242528,-0.28,-0.01,-5,8.875,168.125,1.726761,0,0,3.986574,0,0,1522,-9.8125,9.750683
14.08.2026,23:24:41,41789,0.806977,-0.390246,-0.36,-0.26,-5,8.75,167.9375,1.723105,0,0,4.159376,0,0,1518,-10.15625,13.31078
14.08.2026,23:24:41,41895,0.834592,-0.118166,-0.19,-0.11,-5,8.6875,167.6875,1.72407,0,0,4.349183,0,0,1513,-10.65625,14.367
14.08.2026,23:24:41,42001,0.822319,-0.616619,-0.2,0.04,-5.0625,8.5,167.5625,1.714972,0,0,4.538657,0,0,1509,-10.75,13.05262
14.08.2026,23:24:41,42107,0.869367,-0.152756,-0.11,-0.03,-5.0625,8.375,167.3125,1.717392,0,0,4.710588,0,0,1507,-11.125,14.14955
14.08.2026,23:24:41,42213,0.825387,-0.250703,-0.2,-0.35,-5.0625,8.1875,167.125,1.714062,0,0,4.899338,0,0,1503,-11.5,12.67009
14.08.2026,23:24:41,42319,0.84482,-0.397519,-0.11,-0.37,-5.125,7.9375,167.0625,1.710564,0,0,5.070572,0,0,1499,-11.75,13.23825
14.08.2026,23:24:41,42425,0.875504,-0.685073,-0.2,-0.49,-5.25,7.75,166.9375,1.700154,0,0,5.258515,0,0,1495,-12,16.94581
14.08.2026,23:24:41,42531,0.883686,-0.221533,-0.27,-0.34,-5.25,7.75,166.875,1.702425,0,0,5.44601,0,0,1493,-12.125,15.75459
14.08.2026,23:24:41,42637,0.896982,-0.391461,-0.23,-0.49,-5.375,7.6875,166.8125,1.698541,0,0,5.616058,0,0,1489,-12.25,15.97519
14.08.2026,23:24:41,42743,0.957326,-0.029784,-0.03,0.22,-5.4375,7.75,166.8125,1.694397,0,0,5.80266,0,0,1485,-12.25,17.35339
14.08.2026,23:24:41,42849,0.979828,-0.007524,-0.06,0.01,-5.375,7.6875,166.8125,1.690637,0,0,5.971879,0,0,1481,-12.25,17.21898
14.08.2026,23:24:41,42955,0.967554,-0.587121,-0.18,-0.29,-5.25,7.375,166.8125,1.685704,0,0,6.157552,0,0,1477,-12.25,15.8628
14.08.2026,23:24:41,43062,1.000283,0.086493,-0.06,-0.25,-5,6.9375,166.8125,1.67961,0,0,6.34273,0,0,1475,-12.25,14.98344
14.08.2026,23:24:41,43168,1.005397,0.258521,-0.11,0.29,-4.875,6.8125,166.875,1.680232,0,0,6.510642,0,0,1471,-11.96875,12.27645
14.08.2026,23:24:41,43274,0.998238,-0.030695,-0.17,0.28,-4.6875,6.75,166.875,1.672498,0,0,6.694868,0,0,1467,-12.125,12.48216
14.08.2026,23:24:41,43380,1.025853,-0.50974,-0.2,-0.4,-4.5,6.6875,166.875,1.668375,0,0,6.861911,0,0,1463,-12.125,12.22158
14.08.2026,23:24:41,43486,1.040172,0.02266,-0.19,0.28,-4.25,6.625,166.875,1.664697,0,0,7.045182,0,0,1461,-12.125,8.142139
14.08.2026,23:24:41,43592,1.034035,-0.555647,-0.22,-0.55,-3.9375,6.5625,166.9375,1.659331,0,0,7.227956,0,0,1457,-12,10.64031
14.08.2026,23:24:41,43698,1.070855,0.134634,-0.09,0.35,-3.6875,6.5,166.9375,1.65527,0,0,7.393685,0,0,1453,-12,10.14848
14.08.2026,23:24:41,43804,1.073924,0.014469,-0.01,0.16,-3.4375,6.3125,167,1.65165,0,0,7.575522,0,0,1449,-11.875,8.897846
14.08.2026,23:24:41,43910,1.0504,0.174968,0.01,0.14,-3.1875,6.1875,167,1.649273,0,0,7.740408,0,0,1447,-11.875,4.980328
14.08.2026,23:24:41,44016,1.082106,-0.024397,-0.17,-0.19,-2.8125,6.125,167,1.642573,0,0,7.921328,0,0,1443,-11.875,4.826019
14.08.2026,23:24:41,44122,1.082106,-0.134471,-0.12,0.02,-2.5625,5.875,167.0625,1.637632,0,0,8.101775,0,0,1439,-11.75,1.342258
14.08.2026,23:24:41,44228,1.094379,0.056976,-0.21,-0.29,-2.3125,5.75,167.0625,1.63578,0,0,8.265418,0,0,1435,-11.75,-0.460262
14.08.2026,23:24:41,44334,1.113812,-0.42455,-0.09,-0.76,-2.1875,5.5625,167.0625,1.630488,0,0,8.444995,0,0,1431,-11.75,2.151016
14.08.2026,23:24:41,44440,1.116881,0.25705,-0.06,0.38,-2.0625,5.4375,167.0625,1.626854,0,0,8.607861,0,0,1429,-11.75,0.569088
14.08.2026,23:24:41,44547,1.104607,0.137991,-0.01,0.08,-2,5.3125,167.0625,1.617954,0,0,8.786599,0,0,1425,-11.75,1.170395
14.08.2026,23:24:41,44653,1.094379,-0.321084,0.06,-0.08,-1.9375,5.1875,167.0625,1.619154,0,0,8.964913,0,0,1421,-11.75,1.10791
14.08.2026,23:24:41,44759,1.10563,0.228658,-0.25,0.03,-1.875,5.125,167.0625,1.615793,0,0,9.126661,0,0,1417,-11.75,1.501076
14.08.2026,23:24:41,44865,1.115858,0.349768,-0.09,0.2,-1.875,5.25,167.0625,1.616306,0,0,9.3042,0,0,1415,-11.75,1.529202
14.08.2026,23:24:41,44971,1.092334,-0.130412,0.02,-0.11,-1.875,5.25,167.0625,1.608701,0,0,9.481348,0,0,1411,-11.75,0.848537
14.08.2026,23:24:41,45077,1.121995,-0.213778,-0.1,-0.17,-1.875,5.1875,167.0625,1.605631,0,0,9.642064,0,0,1408,-11.75,1.427944
14.08.2026,23:24:41,45183,1.109721,-0.160145,-0.17,-0.49,-1.9375,5,167.0625,1.601374,0,0,9.818504,0,0,1404,-11.75,1.091034
14.08.2026,23:24:41,45289,1.103585,0.010596,-0.09,-0.05,-1.9375,4.875,167.0625,1.600226,0,0,9.978602,0,0,1402,-11.75,1.743572
14.08.2026,23:24:41,45395,1.126086,-0.437871,-0.07,-0.38,-1.9375,4.75,167.0625,1.596497,0,0,10.15438,0,0,1398,-11.75,1.169785
14.08.2026,23:24:41,45501,1.138359,-0.334803,-0.15,-0.37,-2,4.6875,167.0625,1.590853,0,0,10.32984,0,0,1394,-11.75,1.845432
14.08.2026,23:24:41,45607,1.125063,-0.512412,-0.13,-0.71,-2,4.5,167.0625,1.58913,0,0,10.48907,0,0,1390,-11.75,0.197212
14.08.2026,23:24:41,45713,1.125063,-0.450142,-0.13,-0.52,-2.0625,4.375,167.0625,1.588339,0,0,10.66393,0,0,1386,-11.75,1.812283
14.08.2026,23:24:41,45819,1.127109,0.17166,-0.02,-0.22,-2.1875,4.3125,167.0625,1.585994,0,0,10.82265,0,0,1385,-11.75,3.842896
14.08.2026,23:24:41,45925,1.113812,0.229081,-0.05,-0.01,-2.25,4.3125,167.0625,1.586429,0,0,10.99697,0,0,1381,-11.75,4.04039
14.08.2026,23:24:41,46032,1.127109,-0.243405,-0.06,-0.49,-2.375,4.3125,167.125,1.581188,0,0,11.17103,0,0,1377,-11.625,3.660416
14.08.2026,23:24:41,46138,1.113812,-0.352927,-0.13,-0.36,-2.4375,4.4375,167.125,1.579154,0,0,11.32904,0,0,1373,-11.625,4.279808
14.08.2026,23:24:41,46244,1.121995,0.087216,0,0.31,-2.5625,4.4375,167.125,1.578452,0,0,11.50263,0,0,1371,-11.625,4.865448
14.08.2026,23:24:41,46350,1.158815,0.06684,-0.02,-0.45,-2.625,4.375,167.125,1.576394,0,0,11.66024,0,0,1367,-11.625,4.636021
14.08.2026,23:24:41,46456,1.103585,0.177209,-0.04,-0.26,-2.75,4.1875,167.125,1.573261,0,0,11.8334,0,0,1364,-11.625,6.852268
14.08.2026,23:24:41,46562,1.135291,-0.344083,-0.1,-0.56,-2.875,3.9375,167.125,1.568527,0,0,12.00636,0,0,1360,-11.625,8.164181
14.08.2026,23:24:41,46668,1.130177,0.108399,-0.09,0.03,-3,3.875,167.125,1.57151,0,0,12.16343,0,0,1358,-11.625,7.389828
14.08.2026,23:24:41,46774,1.155746,-0.250353,-0.15,-0.14,-3.0625,3.875,167.1875,1.568272,0,0,12.33602,0,0,1354,-11.34375,9.971725
14.08.2026,23:24:41,46880,1.176202,0.179182,-0.01,-0.42,-3.125,3.9375,167.25,1.566885,0,0,12.49278,0,0,1351,-11.21875,8.994862
14.08.2026,23:24:41,46986,1.171088,0.197623,-0.02,0.52,-3.1875,3.9375,167.25,1.567699,0,0,12.66505,0,0,1347,-11.375,8.79858
14.08.2026,23:24:41,47092,1.174157,-0.032866,-0.04,-0.35,-3.3125,3.875,167.3125,1.562149,0,0,12.83706,0,0,1343,-11.25,9.069199
14.08.2026,23:24:41,47198,1.163929,0.174796,-0.03,0.75,-3.3125,3.8125,167.3125,1.558292,0,0,12.99308,0,0,1341,-11.25,9.03043
14.08.2026,23:24:41,47304,1.165974,-0.188221,-0.08,0.05,-3.4375,3.6875,167.375,1.551961,0,0,13.16422,0,0,1337,-11.125,9.638573
14.08.2026,23:24:41,47410,1.16802,-0.348364,-0.17,-1.09,-3.5,3.6875,167.5,1.544968,0,0,13.31925,0,0,1334,-10.71875,10.15731
14.08.2026,23:24:41,47517,1.170066,-0.199455,-0.14,-1.13,-3.5625,3.8125,167.625,1.540669,0,0,13.48911,0,0,1330,-10.75,12.27732
14.08.2026,23:24:41,47623,1.180293,0.229698,-0.21,0.98,-3.625,3.8125,167.6875,1.536155,0,0,13.65816,0,0,1328,-10.5,11.04109
14.08.2026,23:24:41,47729,1.180293,0.059136,-0.21,0.77,-3.6875,3.875,167.8125,1.526677,0,0,13.81105,0,0,1324,-10.09375,11.24983
14.08.2026,23:24:41,47835,1.192567,0.266165,-0.08,1.16,-3.75,3.8125,167.8125,1.515879,0,0,13.9783,0,0,1321,-10.25,13.10043
14.08.2026,23:24:41,47941,1.191544,0.114181,-0.09,1.13,-3.75,3.625,167.875,1.508476,0,0,14.14452,0,0,1317,-10.125,11.86983
14.08.2026,23:24:41,48047,1.197681,0.203185,-0.09,-0.55,-3.8125,3.375,167.875,1.499339,0,0,14.29467,0,0,1315,-10.125,12.77611
14.08.2026,23:24:41,48153,1.189498,-0.239958,-0.18,-1.56,-3.8125,3.3125,167.875,1.486037,0,0,14.45873,0,0,1312,-10.125,13.09675
14.08.2026,23:24:41,48259,1.198703,0.048708,-0.05,0.55,-3.75,3.3125,167.875,1.475862,0,0,14.60683,0,0,1308,-10.125,12.28048
14.08.2026,23:24:41,48365,1.205863,-0.214036,-0.18,-1.62,-3.75,3.375,167.875,1.463305,0,0,14.76853,0,0,1305,-10.125,13.00614
14.08.2026,23:24:41,48471,1.225296,0.236267,-0.11,1.27,-3.6875,3.4375,167.875,1.452353,0,0,14.92895,0,0,1303,-10.125,12.80302
14.08.2026,23:24:41,48577,1.220182,0.183844,-0.08,1.15,-3.6875,3.5,167.875,1.441118,0,0,15.07362,0,0,1299,-10.125,12.27425
14.08.2026,23:24:41,48683,1.23041,-0.187094,-0.11,-0.14,-3.625,3.5,167.875,1.428053,0,0,15.23146,0,0,1296,-10.125,12.61116
14.08.2026,23:24:41,48789,1.24166,-0.396076,-0.13,-1.27,-3.625,3.5,167.875,1.414411,0,0,15.37375,0,0,1293,-10.125,12.45927
14.08.2026,23:24:41,48895,1.242683,0.25333,-0.15,0.8,-3.625,3.4375,167.875,1.404232,0,0,15.52892,0,0,1289,-10.125,13.12306
14.08.2026,23:24:41,49002,1.247797,0.292394,-0.14,1.3,-3.625,3.375,167.875,1.395258,0,0,15.68266,0,0,1287,-10.125,12.82492
14.08.2026,23:24:41,49108,1.245752,0.221672,-0.15,0.67,-3.625,3.1875,167.875,1.382504,0,0,15.82116,0,0,1284,-10.125,12.39739
14.08.2026,23:24:41,49214,1.255979,-0.059497,-0.09,0.16,-3.625,3,167.875,1.365507,0,0,15.97211,0,0,1281,-10.125,12.14989
14.08.2026,23:24:41,49320,1.251888,-0.030255,-0.06,0.39,-3.625,3,167.875,1.353277,0,0,16.10805,0,0,1278,-10.125,12.45365
14.08.2026,23:24:41,49426,1.252911,0.058935,-0.04,-0.13,-3.625,3,167.875,1.341681,0,0,16.25617,0,0,1276,-10.125,12.86992
14.08.2026,23:24:41,49532,1.275412,-0.13242,-0.1,-0.63,-3.625,3.0625,167.875,1.326142,0,0,16.40279,0,0,1273,-10.125,13.42683
14.08.2026,23:24:41,49638,1.266207,-0.173105,-0.05,-0.72,-3.6875,3.0625,167.875,1.313748,0,0,16.53479,0,0,1270,-10.125,13.03366
14.08.2026,23:24:41,49744,1.283595,-0.053421,-0.08,0.1,-3.6875,3,167.875,1.300917,0,0,16.67856,0,0,1266,-10.125,13.87184
14.08.2026,23:24:41,49850,1.282572,-0.034076,-0.05,-0.06,-3.6875,3,167.875,1.288598,0,0,16.80794,0,0,1265,-10.125,13.48931
14.08.2026,23:24:41,49956,1.289731,-0.075031,-0.02,-0.35,-3.6875,2.875,167.875,1.273948,0,0,16.94883,0,0,1262,-10.125,13.7087
14.08.2026,23:24:41,50062,1.299959,-0.076306,-0.04,-0.38,-3.75,2.8125,167.875,1.260797,0,0,17.08821,0,0,1259,-10.125,14.01307
14.08.2026,23:24:41,50168,1.284617,-0.147061,-0.1,-0.49,-3.75,2.75,167.875,1.247711,0,0,17.21362,0,0,1256,-10.125,14.18746
14.08.2026,23:24:41,50274,1.297914,-0.117782,-0.06,-0.02,-3.8125,2.75,167.875,1.234338,0,0,17.35014,0,0,1253,-10.125,13.58616
14.08.2026,23:24:41,50380,1.315301,-0.048424,-0.04,-0.44,-3.8125,2.75,167.875,1.222024,0,0,17.47296,0,0,1251,-10.125,14.98124
14.08.2026,23:24:41,50487,1.313255,-0.069206,-0.09,-0.36,-3.8125,2.75,167.875,1.209587,0,0,17.60664,0,0,1248,-10.125,14.50308
14.08.2026,23:24:41,50593,1.321438,-0.14909,-0.01,-0.36,-3.8125,2.75,167.875,1.195108,0,0,17.73884,0,0,1245,-10.125,14.87436
14.08.2026,23:24:41,50699,1.331665,-0.029368,-0.08,-0.06,-3.8125,2.75,167.9375,1.182969,0,0,17.85774,0,0,1243,-10.125,15.03749
14.08.2026,23:24:41,50805,1.319392,-0.130038,-0.13,-0.34,-3.8125,2.75,168,1.169631,0,0,17.98714,0,0,1241,-10,14.68872
14.08.2026,23:24:41,50911,1.327574,-0.050112,-0.1,-0.35,-3.8125,2.6875,168.0625,1.156557,0,0,18.11509,0,0,1238,-9.75,14.95873
14.08.2026,23:24:41,51017,1.32246,-0.020059,-0.13,-0.03,-3.8125,2.6875,168.25,1.144675,0,0,18.23015,0,0,1236,-9.5,14.69434
14.08.2026,23:24:41,51123,1.332688,-0.060273,-0.1,0,-3.8125,2.6875,168.375,1.132286,0,0,18.35535,0,0,1233,-9.25,15.13312
14.08.2026,23:24:41,51229,1.337802,-0.011017,-0.11,-0.03,-3.8125,2.6875,168.4375,1.121015,0,0,18.46794,0,0,1231,-9,15.22312
14.08.2026,23:24:41,51335,1.349053,-0.08155,-0.09,-0.15,-3.8125,2.6875,168.5625,1.107171,0,0,18.59043,0,0,1229,-8.59375,15.42563
14.08.2026,23:24:41,51441,1.354167,-0.031874,0,-0.25,-3.8125,2.6875,168.5625,1.095264,0,0,18.71152,0,0,1226,-8.75,15.45938
14.08.2026,23:24:41,51547,1.369509,-0.132744,-0.11,-0.24,-3.8125,2.6875,168.625,1.082847,0,0,18.82039,0,0,1223,-8.625,15.65627
14.08.2026,23:24:41,51653,1.3736,-0.022682,-0.08,-0.02,-3.8125,2.625,168.625,1.070546,0,0,18.93883,0,0,1221,-8.625,15.16124
14.08.2026,23:24:41,51759,1.353144,-0.053095,-0.08,-0.28,-3.8125,2.5,168.625,1.059353,0,0,19.04532,0,0,1220,-8.625,15.38626
14.08.2026,23:24:41,51865,1.368486,-0.043312,-0.06,-0.33,-3.8125,2.5,168.625,1.04775,0,0,19.16118,0,0,1217,-8.625,15.2625
14.08.2026,23:24:41,51972,1.371554,-0.023787,-0.12,-0.09,-3.8125,2.4375,168.625,1.035044,0,0,19.27569,0,0,1215,-8.625,15.7069
14.08.2026,23:24:41,52078,1.367463,0.016131,-0.15,-0.24,-3.875,2.4375,168.625,1.024167,0,0,19.37865,0,0,1212,-8.625,15.34688
14.08.2026,23:24:41,52184,1.375645,-0.064438,-0.09,-0.52,-3.875,2.4375,168.625,1.012684,0,0,19.49066,0,0,1211,-8.625,15.75251
14.08.2026,23:24:41,52290,1.382805,-0.274572,-0.08,-0.24,-3.875,2.4375,168.5625,0.999842,0,0,0.080471,0,0,1205,-8.75,16.23628
14.08.2026,23:24:41,52396,1.372577,-0.143799,-0.16,-0.15,-3.875,2.375,168.5625,0.988862,0,0,0.189952,0,0,1195,-8.75,15.93814
14.08.2026,23:24:41,52502,1.38485,-0.28431,-0.11,-0.26,-3.9375,2.25,168.5,0.973811,0,0,0.297995,0,0,1185,-9.03125,18.28879
14.08.2026,23:24:41,52608,1.386896,0.056835,-0.13,-0.27,-4,2.125,168.4375,0.964432,0,0,0.394899,0,0,1180,-9,18.19377
14.08.2026,23:24:41,52714,1.399169,-0.023574,-0.14,-0.07,-4,2,168.4375,0.947981,0,0,0.499986,0,0,1170,-9,17.08129
14.08.2026,23:24:41,52820,1.393033,-0.144173,-0.12,-0.26,-4.0625,1.9375,168.3125,0.934319,0,0,0.594105,0,0,1160,-9.40625,17.36879
14.08.2026,23:24:41,52926,1.402238,-0.064759,-0.08,-0.1,-4.125,1.875,168.25,0.919709,0,0,0.69604,0,0,1150,-9.375,17.97693
14.08.2026,23:24:41,53032,1.408374,-0.045373,-0.12,-0.06,-4.125,1.6875,168.125,0.903406,0,0,0.796271,0,0,1140,-9.5,17.79692
14.08.2026,23:24:41,53138,1.409397,-0.106029,-0.07,-0.3,-4.125,1.625,168,0.889075,0,0,0.885896,0,0,1135,-9.75,17.91505
14.08.2026,23:24:41,53244,1.417579,-0.036051,-0.09,-0.04,-4.0625,1.5,167.875,0.874281,0,0,0.982825,0,0,1125,-10,17.75694
14.08.2026,23:24:41,53350,1.425762,-0.106476,-0.07,-0.16,-4.0625,1.375,167.75,0.859208,0,0,1.069433,0,0,1115,-10.53125,17.92007
14.08.2026,23:24:41,53457,1.417579,-0.086916,-0.07,-0.26,-4.125,1.3125,167.625,0.843134,0,0,1.163043,0,0,1105,-10.78125,19.60694
14.08.2026,23:24:41,53563,1.438035,-0.057508,-0.07,-0.11,-4.125,1.3125,167.4375,0.828235,0,0,1.254924,0,0,1100,-11.03125,18.57884
14.08.2026,23:24:41,53669,1.430876,-0.098172,-0.05,-0.23,-4.0625,1.3125,167.3125,0.813724,0,0,1.336966,0,0,1090,-11.40625,18.03258
14.08.2026,23:24:41,53775,1.427807,-0.038547,-0.05,-0.1,-4.0625,1.3125,167.1875,0.798097,0,0,1.425595,0,0,1080,-11.65625,17.80757
14.08.2026,23:24:41,53881,1.440081,-0.079197,-0.04,-0.1,-4.0625,1.3125,167,0.783537,0,0,1.512557,0,0,1070,-12.03125,17.9707
14.08.2026,23:24:41,53987,1.437012,-0.039503,-0.06,-0.07,-4.0625,1.3125,166.8125,0.76978,0,0,1.59019,0,0,1065,-12.125,17.74006
14.08.2026,23:24:41,54093,1.439058,-0.069749,-0.05,-0.17,-4.0625,1.3125,166.6875,0.755177,0,0,1.674052,0,0,1055,-12.375,17.96508
14.08.2026,23:24:41,54199,1.433944,-0.129853,-0.04,-0.09,-4.125,1.3125,166.5625,0.742211,0,0,1.748923,0,0,1045,-12.75,18.61821
14.08.2026,23:24:41,54305,1.443149,-0.139821,-0.07,-0.17,-4.125,1.1875,166.375,0.727638,0,0,1.829772,0,0,1035,-13,18.13444
14.08.2026,23:24:41,54411,1.437012,-0.139583,-0.04,-0.16,-4.25,1.1875,166.25,0.713954,0,0,1.909067,0,0,1030,-13.375,18.96819
14.08.2026,23:24:41,54517,1.44724,-0.159129,0,-0.17,-4.4375,1.4375,166.125,0.701712,0,0,1.979848,0,0,1020,-13.5,19.83008
14.08.2026,23:24:41,54623,1.440081,-0.158586,-0.03,-0.16,-4.625,1.6875,166,0.688153,0,0,2.056314,0,0,1010,-13.75,20.81633
14.08.2026,23:24:41,54729,1.445194,-0.1581,-0.01,-0.17,-4.8125,1.9375,165.875,0.676613,0,0,2.124601,0,0,1000,-14.125,23.78195
14.08.2026,23:24:41,54835,1.448263,-0.16756,-0.01,-0.15,-5,2.0625,165.75,0.66484,0,0,2.198406,0,0,1000,-14.375,24.7232
14.08.2026,23:24:41,54942,1.442126,-0.19646,-0.01,-0.15,-5.3125,1.9375,165.5625,0.651957,0,0,2.27088,0,0,1000,-14.625,26.28384
14.08.2026,23:24:41,55048,1.444172,-0.185494,-0.02,-0.17,-5.5,1.8125,165.4375,0.641519,0,0,2.335643,0,0,1000,-15.15625,27.24759
14.08.2026,23:24:41,55154,1.445194,-0.224499,-0.02,-0.2,-5.75,1.625,165.375,0.631133,0,0,2.405683,0,0,1000,-15.125,30.48946
14.08.2026,23:24:41,55260,1.439058,-0.213309,0.01,-0.1,-5.9375,1.5,165.25,0.621186,0,0,2.468297,0,0,1000,-15.375,29.73882
14.08.2026,23:24:41,55366,1.449286,-0.222235,0,-0.16,-6.125,1.5,165.125,0.609256,0,0,2.536039,0,0,1000,-15.625,31.06258
14.08.2026,23:24:41,55472,1.443149,-0.19092,0,-0.15,-6.25,1.6875,165,0.600204,0,0,2.602628,0,0,1000,-15.75,30.0582
14.08.2026,23:24:41,55578,1.441103,-0.189939,0,-0.16,-6.375,1.875,164.9375,0.591055,0,0,2.662189,0,0,1000,-16,30.7457
14.08.2026,23:24:41,55684,1.442126,-0.198786,0.02,-0.17,-6.4375,2,164.8125,0.580162,0,0,2.726664,0,0,1000,-16.40625,31.33696
14.08.2026,23:24:41,55790,1.442126,-0.167723,0,-0.17,-6.4375,2,164.75,0.571786,0,0,2.784354,0,0,1000,-16.53125,31.46635
14.08.2026,23:24:41,55896,1.450308,-0.176558,0.01,-0.15,-6.4375,1.8125,164.625,0.563284,0,0,2.846824,0,0,1000,-16.5,31.34822
14.08.2026,23:24:41,56002,1.450308,-0.185597,0,-0.15,-6.4375,1.625,164.5625,0.553234,0,0,2.908285,0,0,1000,-16.90625,31.56198
14.08.2026,23:24:41,56108,1.452354,-0.174846,0,-0.14,-6.4375,1.5,164.5,0.545309,0,0,2.963305,0,0,1000,-16.875,31.24696
14.08.2026,23:24:41,56214,1.455422,-0.184031,0.02,-0.14,-6.4375,1.4375,164.4375,0.537609,0,0,3.022913,0,0,1000,-17,31.39322
14.08.2026,23:24:41,56320,1.453377,-0.193274,0.01,-0.17,-6.4375,1.5625,164.375,0.529979,0,0,3.076291,0,0,1000,-17.125,31.07258
14.08.2026,23:24:41,56427,1.455422,-0.162303,0.03,-0.14,-6.4375,1.75,164.4375,0.521078,0,0,3.134137,0,0,1000,-17,31.77011
14.08.2026,23:24:41,56533,1.452354,-0.151561,0.04,-0.14,-6.4375,1.875,164.4375,0.513805,0,0,3.191093,0,0,1000,-17,31.25259
14.08.2026,23:24:41,56639,1.453377,-0.150788,0.05,-0.13,-6.375,1.875,164.4375,0.506718,0,0,3.242118,0,0,1000,-17,31.41572
14.08.2026,23:24:41,56745,1.455422,-0.179994,0.05,-0.13,-6.375,1.875,164.4375,0.498091,0,0,3.297437,0,0,1000,-17,31.0326
14.08.2026,23:24:41,56851,1.453377,-0.159092,0.05,-0.14,-6.375,1.8125,164.4375,0.491677,0,0,3.351928,0,0,1000,-17,30.80758
14.08.2026,23:24:41,56957,1.456445,-0.17779,0.07,-0.17,-6.375,1.75,164.4375,0.485078,0,0,3.400765,0,0,1000,-17,31.1901
14.08.2026,23:24:41,57063,1.456445,-0.206688,0.09,-0.11,-6.375,1.75,164.4375,0.476689,0,0,3.453731,0,0,1000,-17,31.08322
14.08.2026,23:24:41,57169,1.457468,-0.195625,0.09,-0.14,-6.3125,1.75,164.4375,0.470494,0,0,3.501213,0,0,1000,-17,30.66072
14.08.2026,23:24:41,57275,1.456445,-0.184462,0.09,-0.15,-6.25,1.875,164.4375,0.464898,0,0,3.552724,0,0,1000,-17,30.49135
14.08.2026,23:24:41,57381,1.4544,-0.163449,0.1,-0.14,-6.1875,2,164.4375,0.457403,0,0,3.603497,0,0,1000,-17,29.93384
14.08.2026,23:24:41,57487,1.451331,-0.162147,0.08,-0.15,-6.125,2.0625,164.4375,0.451317,0,0,3.649029,0,0,1000,-17,30.06824
14.08.2026,23:24:41,57593,1.461559,-0.14127,0.09,-0.13,-6.0625,2,164.5,0.446038,0,0,3.69844,0,0,1000,-16.875,27.63884
14.08.2026,23:24:41,57699,1.451331,-0.190526,0.1,-0.14,-6.0625,1.875,164.5,0.440394,0,0,3.742761,0,0,1000,-16.875,29.33072
14.08.2026,23:24:41,57805,1.456445,-0.13953,0.1,-0.13,-6,1.75,164.5,0.433675,0,0,3.790869,0,0,1000,-16.875,29.36949
14.08.2026,23:24:41,57912,1.457468,-0.158403,0.1,-0.15,-5.9375,1.625,164.5,0.428373,0,0,3.838315,0,0,1000,-16.875,28.85196
14.08.2026,23:24:41,58018,1.446217,-0.137603,0.08,-0.15,-5.9375,1.625,164.5,0.423081,0,0,3.880887,0,0,1000,-16.875,28.28882
14.08.2026,23:24:41,58124,1.44724,-0.136946,0.07,-0.13,-5.875,1.6875,164.5,0.416754,0,0,3.927111,0,0,1000,-16.875,28.24321
14.08.2026,23:24:41,58230,1.450308,-0.166293,0.07,-0.15,-5.875,1.8125,164.5625,0.411379,0,0,3.968594,0,0,1000,-16.59375,28.17009
14.08.2026,23:24:41,58336,1.448263,-0.165445,0.08,-0.15,-5.875,2,164.5625,0.406825,0,0,4.013645,0,0,1000,-16.75,28.3501
14.08.2026,23:24:41,58442,1.440081,-0.184312,0.08,-0.15,-5.875,2,164.625,0.40036,0,0,4.0581,0,0,1000,-16.625,28.06883
14.08.2026,23:24:41,58548,1.442126,-0.213273,0.06,-0.17,-5.875,2,164.6875,0.395294,0,0,4.098006,0,0,1000,-16.5,28.26009
14.08.2026,23:24:41,58654,1.437012,-0.172097,0.06,-0.16,-5.875,1.875,164.8125,0.391533,0,0,4.141357,0,0,1000,-16.25,28.17571
14.08.2026,23:24:41,58760,1.437012,-0.181074,0.06,-0.14,-5.875,1.8125,164.9375,0.386939,0,0,4.180279,0,0,1000,-15.84375,28.3276
14.08.2026,23:24:41,58866,1.439058,-0.160043,0.04,-0.15,-5.875,1.8125,165,0.38113,0,0,4.222569,0,0,1000,-15.875,27.9732
14.08.2026,23:24:41,58972,1.439058,-0.138995,0.05,-0.14,-6,1.875,165.1875,0.377125,0,0,4.264318,0,0,1000,-15.625,28.2382
14.08.2026,23:24:41,59078,1.432921,-0.128216,0.02,-0.14,-6.0625,1.9375,165.3125,0.372792,0,0,4.301815,0,0,1000,-15.375,28.70008
14.08.2026,23:24:41,59184,1.433944,-0.147524,0.01,-0.16,-6.125,2,165.4375,0.367386,0,0,4.342565,0,0,1000,-15,28.97632
14.08.2026,23:24:41,59290,1.430876,-0.156809,0.04,-0.15,-6.1875,1.9375,165.625,0.36312,0,0,4.379167,0,0,1000,-14.46875,29.16317
14.08.2026,23:24:41,59397,1.429853,-0.135805,0.04,-0.16,-6.3125,1.8125,165.8125,0.359434,0,0,4.418952,0,0,1000,-14.21875,31.60443
14.08.2026,23:24:41,59503,1.42883,-0.145076,0.05,-0.17,-6.4375,1.75,166,0.35431,0,0,4.458246,0,0,1000,-13.71875,30.2113
14.08.2026,23:24:41,59609,1.426784,-0.144416,0.02,-0.16,-6.5,1.6875,166.1875,0.35037,0,0,4.493549,0,0,1000,-13.1875,30.85319
14.08.2026,23:24:41,59715,1.426784,-0.123781,0,-0.15,-6.5625,1.625,166.3125,0.346803,0,0,4.531931,0,0,1000,-13.09375,32.98506
14.08.2026,23:24:41,59821,1.417579,-0.133222,0.04,-0.16,-6.5625,1.625,166.5625,0.342033,0,0,4.569849,0,0,1000,-12.75,31.23129
14.08.2026,23:24:41,59927,1.418602,-0.142442,0.01,-0.15,-6.625,1.8125,166.8125,0.338303,0,0,4.603923,0,0,1000,-12.375,31.90132
14.08.2026,23:24:41,60033,1.408374,-0.121716,0,-0.17,-6.625,1.9375,167,0.334843,0,0,4.640977,0,0,1000,-12,31.6763
14.08.2026,23:24:41,60139,1.411443,-0.141029,0,-0.16,-6.625,1.9375,167.1875,0.331235,0,0,4.674281,0,0,1000,-11.625,31.70443
14.08.2026,23:24:41,60245,1.405306,-0.130409,0.03,-0.15,-6.625,1.8125,167.375,0.326778,0,0,4.710501,0,0,1000,-11.125,31.75506
14.08.2026,23:24:41,60351,1.404283,-0.139507,0.01,-0.17,-6.625,1.75,167.625,0.323503,0,0,4.746296,0,0,1000,-10.75,31.61442
14.08.2026,23:24:41,60457,1.409397,-0.129022,0.03,-0.15,-6.625,1.6875,167.8125,0.320079,0,0,4.778475,0,0,1000,-10.375,31.59755
14.08.2026,23:24:41,60563,1.402238,-0.108524,0.03,-0.13,-6.5625,1.625,167.9375,0.31604,0,0,4.813479,0,0,1000,-10,30.90503
14.08.2026,23:24:41,60669,1.400192,-0.108179,0.02,-0.15,-6.4375,1.6875,168.125,0.312731,0,0,4.844951,0,0,1000,-9.46875,30.8988
14.08.2026,23:24:41,60775,1.404283,-0.117745,0.03,-0.14,-6.375,1.75,168.3125,0.309484,0,0,4.879191,0,0,1000,-9.09375,28.7163
14.08.2026,23:24:41,60882,1.396101,-0.097046,0.01,-0.16,-6.25,1.75,168.5625,0.305741,0,0,4.91304,0,0,1000,-8.59375,29.73254
14.08.2026,23:24:41,60988,1.393033,-0.116673,0.05,-0.16,-6.1875,1.75,168.6875,0.302396,0,0,4.943479,0,0,1000,-8.34375,29.40004
14.08.2026,23:24:41,61094,1.390987,-0.096373,0.05,-0.13,-6.125,1.75,168.8125,0.299411,0,0,4.976601,0,0,1000,-8.09375,26.88565
14.08.2026,23:24:41,61200,1.387919,-0.126003,0.05,-0.11,-6.0625,1.6875,169,0.296364,0,0,5.006389,0,0,1000,-7.71875,28.16628
14.08.2026,23:24:41,61306,1.389964,-0.135469,0.07,-0.14,-6,1.6875,169.125,0.292455,0,0,5.038807,0,0,1000,-7.625,27.81128
14.08.2026,23:24:41,61412,1.382805,-0.134869,0.05,-0.15,-6,1.6875,169.3125,0.289822,0,0,5.070865,0,0,1000,-7.375,27.69877
14.08.2026,23:24:41,61518,1.3736,-0.134297,0.09,-0.14,-6,1.75,169.4375,0.28692,0,0,5.099702,0,0,1000,-7.125,27.53001
14.08.2026,23:24:41,61624,1.370531,-0.133732,0.08,-0.14,-6,1.8125,169.625,0.283187,0,0,5.131089,0,0,1000,-6.46875,27.49626
14.08.2026,23:24:41,61730,1.378713,-0.133055,0.09,-0.12,-6,1.875,169.75,0.280384,0,0,5.159326,0,0,1000,-6.21875,27.41751
14.08.2026,23:24:41,61836,1.369509,-0.142348,0.1,-0.13,-6,2,169.9375,0.277918,0,0,5.190063,0,0,1000,-5.84375,27.18687
14.08.2026,23:24:41,61942,1.360303,-0.141505,0.09,-0.14,-6,1.9375,170.0625,0.274261,0,0,5.220469,0,0,1000,-5.75,27.15311
14.08.2026,23:24:41,62048,1.360303,-0.150968,0.11,-0.15,-6,1.875,170.25,0.271484,0,0,5.247827,0,0,1000,-5.21875,27.31625
14.08.2026,23:24:41,62154,1.353144,-0.140409,0.06,-0.15,-5.9375,1.8125,170.375,0.269329,0,0,5.277612,0,0,1000,-4.96875,26.9725
14.08.2026,23:24:41,62260,1.355189,-0.099946,0.09,-0.18,-6,1.75,170.5,0.266725,0,0,5.304415,0,0,1000,-4.71875,28.99688
14.08.2026,23:24:41,62367,1.34803,-0.069659,0.1,-0.14,-6,1.625,170.6875,0.263665,0,0,5.333599,0,0,1000,-4.625,27.11374
14.08.2026,23:24:41,62473,1.34087,-0.07953,0.08,-0.16,-5.9375,1.5625,170.75,0.261126,0,0,5.362475,0,0,1000,-4.375,26.4831
14.08.2026,23:24:41,62579,1.337802,-0.079499,0.08,-0.14,-5.9375,1.5625,170.875,0.258638,0,0,5.388463,0,0,1000,-4.125,26.95
14.08.2026,23:24:41,62685,1.338825,-0.069624,0.07,-0.14,-5.9375,1.5,171,0.255992,0,0,5.416765,0,0,1000,-3.71875,26.58436
14.08.2026,23:24:41,62791,1.325529,-0.049714,0.08,-0.11,-5.9375,1.4375,171.125,0.253285,0,0,5.444772,0,0,1000,-3.625,26.57873
14.08.2026,23:24:41,62897,1.32962,-0.060052,0.04,-0.14,-5.9375,1.4375,171.25,0.250906,0,0,5.46998,0,0,1000,-3.375,26.87747
14.08.2026,23:24:41,63003,1.321438,-0.070264,0.05,-0.14,-5.9375,1.375,171.375,0.248353,0,0,5.497437,0,0,1000,-2.96875,26.5056
14.08.2026,23:24:41,63109,1.309164,-0.05039,0.05,-0.17,-6,1.375,171.5,0.246235,0,0,5.522154,0,0,1000,-2.71875,26.17371
14.08.2026,23:24:41,63215,1.308141,-0.04046,0.04,-0.15,-6,1.375,171.5625,0.243506,0,0,5.549078,0,0,1000,-2.75,26.28682
14.08.2026,23:24:41,63321,1.310187,-0.060602,0.03,-0.16,-6,1.375,171.6875,0.241146,0,0,5.575727,0,0,1000,-2.5,26.75372
14.08.2026,23:24:41,63427,1.298936,-0.040913,0.01,-0.18,-6,1.375,171.8125,0.239123,0,0,5.59972,0,0,1000,-2.09375,26.13493
14.08.2026,23:24:41,63533,1.297914,-0.031211,0.02,-0.12,-6,1.375,171.875,0.236419,0,0,5.625858,0,0,1000,-2.125,26.3712
14.08.2026,23:24:41,63639,1.286663,-0.04154,0.03,-0.14,-6,1.375,171.9375,0.234265,0,0,5.649392,0,0,1000,-2,26.24744
14.08.2026,23:24:41,63745,1.284617,-0.01176,0.02,-0.15,-6,1.3125,172.0625,0.232503,0,0,5.675033,0,0,1000,-1.75,26.14056
14.08.2026,23:24:41,63852,1.284617,-0.052407,0,-0.16,-6,1.3125,172.125,0.229626,0,0,5.700418,0,0,1000,-1.625,26.02805
14.08.2026,23:24:41,63958,1.278481,-0.052623,0,-0.14,-6,1.3125,172.1875,0.22756,0,0,5.723277,0,0,1000,-1.5,25.9493
14.08.2026,23:24:41,64064,1.266207,-0.042883,-0.01,-0.16,-6,1.3125,172.25,0.225563,0,0,5.748185,0,0,1000,-1.21875,25.61178
14.08.2026,23:24:41,64170,1.259048,-0.053175,0,-0.18,-6,1.3125,172.25,0.223445,0,0,5.770616,0,0,1000,-1.375,25.79179
14.08.2026,23:24:41,64276,1.266207,-0.043349,-0.01,-0.14,-6,1.3125,172.3125,0.221127,0,0,5.79506,0,0,1000,-1.25,25.77491
14.08.2026,23:24:41,64382,1.253934,-0.043647,0,-0.16,-6,1.3125,172.4375,0.219197,0,0,5.819265,0,0,1000,-1,25.9493
14.08.2026,23:24:41,64488,1.24166,-0.053875,0,-0.16,-6,1.3125,172.4375,0.21716,0,0,5.841066,0,0,1000,-1,25.63428
14.08.2026,23:24:41,64594,1.238592,-0.054057,0,-0.17,-6,1.3125,172.5,0.214951,0,0,5.864827,0,0,1000,-0.875,25.24051
14.08.2026,23:24:41,64700,1.239615,-0.054333,0,-0.14,-6,1.3125,172.5,0.213071,0,0,5.886227,0,0,1000,-0.875,25.5049
14.08.2026,23:24:41,64806,1.229387,-0.01462,0,-0.16,-6,1.3125,172.625,0.211423,0,0,5.909553,0,0,1000,-0.625,25.24613
14.08.2026,23:24:41,64912,1.231433,-0.064918,0.01,-0.16,-6,1.3125,172.625,0.209017,0,0,5.932655,0,0,1000,-0.625,25.35864
14.08.2026,23:24:41,65018,1.217114,-0.04508,0.01,-0.15,-6,1.3125,172.6875,0.20721,0,0,5.953465,0,0,1000,-0.5,25.02112
14.08.2026,23:24:41,65124,1.208931,-0.045296,0,-0.13,-6,1.3125,172.6875,0.205419,0,0,5.976151,0,0,1000,-0.5,25.22363
14.08.2026,23:24:41,65230,1.206886,-0.045485,0.03,-0.16,-6,1.3125,172.6875,0.203652,0,0,5.996587,0,0,1000,-0.5,25.0155
14.08.2026,23:24:41,65337,1.206886,-0.055623,0.04,-0.15,-6,1.3125,172.6875,0.201574,0,0,6.018865,0,0,1000,-0.5,24.76798
14.08.2026,23:24:41,65443,1.194612,-0.045732,0.05,-0.16,-6,1.3125,172.6875,0.199842,0,0,6.040934,0,0,1000,-0.5,24.50922
14.08.2026,23:24:41,65549,1.191544,-0.035925,0.03,-0.14,-6,1.3125,172.6875,0.198242,0,0,6.060818,0,0,1000,-0.5,24.54297
14.08.2026,23:24:41,65655,1.187453,-0.016132,0.05,-0.16,-6,1.3125,172.6875,0.196151,0,0,6.082495,0,0,1000,-0.5,24.72861
14.08.2026,23:24:41,65761,1.178248,-0.026572,0.06,-0.14,-6,1.3125,172.6875,0.194666,0,0,6.103971,0,0,1000,-0.5,24.5036
14.08.2026,23:24:41,65867,1.175179,-0.036907,0.07,-0.16,-6,1.3125,172.8125,0.192927,0,0,6.123322,0,0,1000,-0.375,24.16045
14.08.2026,23:24:41,65973,1.165974,-0.047128,0.11,-0.13,-6,1.25,172.8125,0.190929,0,0,6.144422,0,0,1000,-0.25,24.1042
14.08.2026,23:24:41,66079,1.163929,-0.047364,0.07,-0.16,-6,1.25,172.75,0.189338,0,0,6.163435,0,0,1000,-0.375,24.10982
14.08.2026,23:24:41,66185,1.157792,-0.047533,0.09,-0.15,-6,1.25,172.75,0.187713,0,0,6.184167,0,0,1000,-0.375,24.09857
14.08.2026,23:24:41,66291,1.147564,-0.037697,0.09,-0.14,-6,1.25,172.75,0.1859,0,0,6.20471,0,0,1000,-0.375,23.6598
14.08.2026,23:24:41,66397,1.146541,-0.037944,0.11,-0.13,-6,1.25,172.8125,0.184366,0,0,6.223223,0,0,1000,-0.25,23.88481
14.08.2026,23:24:41,66503,1.139382,-0.018067,0.12,-0.14,-6,1.3125,172.8125,0.183087,0,0,6.243411,0,0,1000,-0.25,23.67105
14.08.2026,23:24:41,66609,1.128131,-0.028394,0.15,-0.14,-6,1.375,172.8125,0.181481,0,0,6.261606,0,0,1000,-0.25,23.60354
14.08.2026,23:24:41,66715,1.12404,-0.028632,0.15,-0.17,-6,1.375,172.8125,0.179573,0,0,6.281448,0,0,1000,-0.25,23.49666
14.08.2026,23:24:41,66822,1.116881,-0.028932,0.16,-0.14,-6,1.375,172.8125,0.178231,0,0,6.301113,0,0,1000,-0.25,23.28852
14.08.2026,23:24:41,66928,1.109721,-0.049107,0.17,-0.15,-6,1.375,172.8125,0.176582,0,0,6.318837,0,0,1000,-0.25,23.12539
14.08.2026,23:24:41,67034,1.10563,-0.059137,0.16,-0.15,-6,1.375,172.8125,0.174949,0,0,6.338165,0,0,1000,-0.25,23.2604
14.08.2026,23:24:41,67140,1.091311,-0.049096,0.17,-0.14,-6,1.375,172.8125,0.173538,0,0,6.35559,0,0,1000,-0.25,22.91726
14.08.2026,23:24:41,67246,1.093357,-0.059004,0.19,-0.12,-6,1.375,172.8125,0.171962,0,0,6.374595,0,0,1000,-0.25,22.99601
14.08.2026,23:24:41,67352,1.074947,-0.039004,0.16,-0.15,-5.9375,1.3125,172.875,0.170488,0,0,6.393432,0,0,1000,-0.125,22.21349
14.08.2026,23:24:41,67458,1.06881,-0.00918,0.18,-0.12,-5.875,1.3125,172.875,0.169126,0,0,6.410412,0,0,1000,-0.125,22.27476
14.08.2026,23:24:41,67564,1.069833,-0.009468,0.17,-0.16,-5.8125,1.25,172.875,0.168088,0,0,6.428935,0,0,1000,-0.125,21.68349
14.08.2026,23:24:41,67670,1.057559,-0.01982,0.16,-0.14,-5.75,1.25,172.875,0.166648,0,0,6.445632,0,0,1000,-0.125,20.93472
14.08.2026,23:24:41,67776,1.054491,-0.020272,0.16,-0.14,-5.6875,1.25,172.875,0.164865,0,0,6.463847,0,0,1000,-0.125,20.51784
14.08.2026,23:24:41,67882,1.052445,-0.010722,0.15,-0.14,-5.625,1.1875,172.875,0.163849,0,0,6.481904,0,0,1000,-0.125,20.5516
14.08.2026,23:24:41,67988,1.034035,-0.021064,0.13,-0.13,-5.625,1.1875,172.875,0.162454,0,0,6.498183,0,0,1000,-0.125,19.99971
14.08.2026,23:24:41,68094,1.030967,-0.021328,0.12,-0.16,-5.5625,1.1875,172.875,0.160749,0,0,6.515941,0,0,1000,-0.125,19.40844
14.08.2026,23:24:41,68200,1.022784,-0.011665,0.1,-0.16,-5.5,1.1875,172.875,0.159491,0,0,6.531953,0,0,1000,-0.125,17.33343
14.08.2026,23:24:41,68307,1.014602,-0.002139,0.11,-0.13,-5.5,1.1875,172.875,0.158404,0,0,6.549422,0,0,1000,-0.125,18.85093
14.08.2026,23:24:41,68413,1.009488,-0.002596,0.13,-0.13,-5.5,1.1875,172.875,0.15677,0,0,6.566741,0,0,1000,-0.125,18.81156
14.08.2026,23:24:41,68519,1.00642,-0.023053,0.11,-0.15,-5.5,1.1875,172.875,0.155554,0,0,6.582357,0,0,1000,-0.125,18.76093
14.08.2026,23:24:41,68625,1.001306,-0.02337,0.11,-0.16,-5.5,1.1875,172.875,0.154482,0,0,6.599395,0,0,1000,-0.125,18.78905
14.08.2026,23:24:41,68731,0.991078,-0.02368,0.1,-0.16,-5.5,1.1875,172.875,0.152923,0,0,6.616288,0,0,1000,-0.125,18.40091
14.08.2026,23:24:41,68837,0.989033,-0.034068,0.1,-0.14,-5.5,1.1875,172.875,0.151746,0,0,6.631521,0,0,1000,-0.125,18.39528
14.08.2026,23:24:41,68943,0.971645,-0.024331,0.11,-0.16,-5.5,1.1875,172.875,0.150695,0,0,6.648143,0,0,1000,-0.125,18.2434
14.08.2026,23:24:41,69049,0.955281,-0.024587,0.09,-0.16,-5.5,1.1875,172.875,0.149538,0,0,6.663132,0,0,1000,-0.125,18.07464
14.08.2026,23:24:41,69155,0.956304,-0.014754,0.06,-0.2,-5.5,1.1875,172.875,0.148062,0,0,6.679487,0,0,1000,-0.125,18.47404
14.08.2026,23:24:41,69261,0.949144,-0.005224,0.06,-0.15,-5.5,1.1875,172.875,0.147333,0,0,6.695706,0,0,1000,-0.125,17.86087
14.08.2026,23:24:41,69367,0.939939,-0.015578,0.04,-0.15,-5.5,1.1875,172.875,0.14591,0,0,6.710333,0,0,1000,-0.125,17.66399
14.08.2026,23:24:41,69473,0.935848,-0.025864,0.06,-0.15,-5.5,1.1875,172.875,0.144497,0,0,6.726294,0,0,1000,-0.125,17.66399
14.08.2026,23:24:41,69579,0.927666,-0.025995,0.06,-0.17,-5.5,1.1875,172.875,0.143406,0,0,6.740689,0,0,1000,-0.125,17.42772
14.08.2026,23:24:41,69685,0.91846,-0.036122,0.05,-0.14,-5.5,1.1875,172.875,0.142304,0,0,6.756398,0,0,1000,-0.125,17.15208
14.08.2026,23:24:41,69792,0.909255,-0.006342,0.08,-0.15,-5.5,1.1875,172.875,0.141045,0,0,6.771977,0,0,1000,-0.125,16.9777
14.08.2026,23:24:41,69898,0.899028,-0.036698,0.08,-0.15,-5.5,1.1875,172.875,0.139988,0,0,6.786028,0,0,1000,-0.125,17.16334
14.08.2026,23:24:41,70004,0.902096,-0.026858,0.06,-0.15,-5.5,1.1875,172.875,0.139005,0,0,6.801363,0,0,1000,-0.125,17.12959
14.08.2026,23:24:41,70110,0.887777,-0.007093,0.07,-0.1,-5.5,1.1875,172.875,0.138164,0,0,6.815196,0,0,1000,-0.125,16.82582
14.08.2026,23:24:41,70216,0.879595,-0.027322,0.07,-0.19,-5.5,1.1875,172.875,0.136677,0,0,6.830292,0,0,1000,-0.125,16.87645
14.08.2026,23:24:41,70322,0.868344,-0.027615,0.07,-0.18,-5.5,1.1875,172.875,0.135711,0,0,6.845265,0,0,1000,-0.125,16.57268
14.08.2026,23:24:41,70428,0.864253,-0.037792,0.1,-0.15,-5.5,1.1875,172.875,0.134604,0,0,6.858771,0,0,1000,-0.125,16.34767
14.08.2026,23:24:41,70534,0.853002,-0.027865,0.12,-0.17,-5.5,1.1875,172.875,0.133468,0,0,6.873512,0,0,1000,-0.125,16.37579
14.08.2026,23:24:41,70640,0.851979,-0.007966,0.09,-0.15,-5.5,1.1875,172.875,0.132486,0,0,6.886811,0,0,1000,-0.125,16.27454
14.08.2026,23:24:41,70746,0.843797,-0.018122,0.11,-0.17,-5.5,1.1875,172.875,0.13165,0,0,6.901324,0,0,1000,-0.125,16.10015
14.08.2026,23:24:41,70852,0.838683,-0.01837,0.11,-0.16,-5.5,1.1875,172.875,0.130358,0,0,6.915722,0,0,1000,-0.125,16.00452
14.08.2026,23:24:41,70958,0.82641,-0.018557,0.13,-0.18,-5.5,1.1875,172.875,0.129405,0,0,6.928711,0,0,1000,-0.125,15.65013
14.08.2026,23:24:41,71064,0.817205,-0.018858,0.12,-0.16,-5.5,1.1875,172.875,0.128584,0,0,6.942889,0,0,1000,-0.125,15.46449
14.08.2026,23:24:41,71170,0.815159,-0.019113,0.12,-0.13,-5.5,1.1875,172.875,0.127644,0,0,6.955678,0,0,1000,-0.125,15.74013
14.08.2026,23:24:41,71277,0.804931,-0.009414,0.15,-0.17,-5.5,1.1875,172.875,0.126417,0,0,6.969641,0,0,1000,-0.125,15.04822
14.08.2026,23:24:41,71383,0.790612,-0.019536,0.14,-0.15,-5.5,1.1875,172.875,0.12561,0,0,6.983491,0,0,1000,-0.125,15.2226
14.08.2026,23:24:41,71489,0.790612,-0.039704,0.16,-0.15,-5.5,1.1875,172.875,0.1245,0,0,6.995986,0,0,1000,-0.125,15.24511
14.08.2026,23:24:41,71595,0.779362,-0.01977,0.15,-0.14,-5.5,1.1875,172.875,0.123517,0,0,7.009627,0,0,1000,-0.125,15.0876
14.08.2026,23:24:41,71701,0.772202,-0.019924,0.18,-0.19,-5.5,1.1875,172.875,0.12273,0,0,7.023161,0,0,1000,-0.125,14.86258
14.08.2026,23:24:41,71807,0.767088,-0.010186,0.15,-0.16,-5.5,1.1875,172.875,0.121846,0,0,7.035371,0,0,1000,-0.125,14.94696
14.08.2026,23:24:41,71913,0.756861,-0.030458,0.17,-0.15,-5.5,1.1875,172.875,0.120704,0,0,7.048701,0,0,1000,-0.125,14.57569
14.08.2026,23:24:41,72019,0.748678,-0.000604,0.17,-0.17,-5.5,1.1875,172.875,0.119841,0,0,7.060729,0,0,1000,-0.125,14.43506
14.08.2026,23:24:41,72125,0.736405,-0.010915,0.14,-0.12,-5.5,1.1875,172.875,0.119168,0,0,7.073859,0,0,1000,-0.125,14.08066
14.08.2026,23:24:41,72231,0.732314,-0.021179,0.18,-0.17,-5.5,1.1875,172.875,0.117972,0,0,7.086887,0,0,1000,-0.125,14.62069
14.08.2026,23:24:41,72337,0.719018,-0.03131,0.14,-0.16,-5.5,1.1875,172.875,0.117135,0,0,7.098642,0,0,1000,-0.125,13.92878
14.08.2026,23:24:41,72443,0.713904,-0.001377,0.19,-0.13,-5.5,1.1875,172.875,0.116577,0,0,7.111477,0,0,1000,-0.125,14.14254
14.08.2026,23:24:41,72549,0.706744,-0.02155,0.17,-0.16,-5.5,1.1875,172.875,0.115552,0,0,7.123058,0,0,1000,-0.125,13.97941
14.08.2026,23:24:41,72655,0.70163,-0.021709,0.18,-0.17,-5.5,1.1875,172.875,0.114506,0,0,7.135703,0,0,1000,-0.125,14.17629
14.08.2026,23:24:41,72762,0.697539,-0.001892,0.17,-0.15,-5.5,1.1875,172.875,0.113963,0,0,7.14825,0,0,1000,-0.125,13.33812
14.08.2026,23:24:41,72868,0.682197,-0.002082,0.15,-0.15,-5.5,1.1875,172.875,0.11316,0,0,7.159572,0,0,1000,-0.125,13.58564
14.08.2026,23:24:41,72974,0.679129,-0.012327,0.14,-0.14,-5.5,1.1875,172.875,0.111952,0,0,7.171935,0,0,1000,-0.125,13.45063
14.08.2026,23:24:41,73080,0.668901,-0.022557,0.16,-0.15,-5.5,1.1875,172.875,0.111169,0,0,7.183091,0,0,1000,-0.125,13.28187
14.08.2026,23:24:41,73186,0.66481,-0.022693,0.16,-0.17,-5.5,1.1875,172.875,0.110439,0,0,7.195272,0,0,1000,-0.125,12.89935
14.08.2026,23:24:41,73292,0.655605,-0.012879,0.14,-0.14,-5.5,1.1875,172.875,0.109471,0,0,7.207361,0,0,1000,-0.125,12.61808
14.08.2026,23:24:41,73398,0.649468,-0.012976,0.15,-0.09,-5.5,1.1875,172.875,0.10871,0,0,7.21827,0,0,1000,-0.125,12.78122
14.08.2026,23:24:41,73504,0.636172,-0.023101,0.14,-0.16,-5.5,1.1875,172.875,0.107993,0,0,7.230182,0,0,1000,-0.125,12.47182
14.08.2026,23:24:41,73610,0.634126,-0.013124,0.14,-0.17,-5.5,1.1875,172.875,0.107345,0,0,7.240933,0,0,1000,-0.125,12.84309
14.08.2026,23:24:41,73716,0.621853,-0.023338,0.13,-0.14,-5.5,1.1875,172.875,0.106319,0,0,7.252673,0,0,1000,-0.125,12.23556
14.08.2026,23:24:41,73822,0.615716,-0.033473,0.12,-0.17,-5.5,1.1875,172.875,0.105516,0,0,7.264324,0,0,1000,-0.125,12.70246
14.08.2026,23:24:41,73928,0.607534,-0.013546,0.15,-0.17,-5.5,1.1875,172.875,0.104987,0,0,7.274838,0,0,1000,-0.125,12.0443
14.08.2026,23:24:41,74034,0.597306,-0.023647,0.1,-0.17,-5.5,1.1875,172.875,0.103994,0,0,7.286321,0,0,1000,-0.125,12.19619
14.08.2026,23:24:41,74140,0.590147,-0.033605,0.14,-0.15,-5.5,1.1875,172.875,0.10328,0,0,7.296685,0,0,1000,-0.125,11.77991
14.08.2026,23:24:41,74247,0.587078,-0.033554,0.12,-0.17,-5.5,1.1875,172.875,0.102602,0,0,7.308003,0,0,1000,-0.125,11.77991
14.08.2026,23:24:41,74353,0.578896,-0.053583,0.13,-0.16,-5.5,1.1875,172.875,0.101733,0,0,7.319236,0,0,1000,-0.125,11.53239
14.08.2026,23:24:41,74459,0.562531,-0.043571,0.12,-0.19,-5.5,1.1875,172.875,0.101039,0,0,7.329374,0,0,1000,-0.125,11.47614
14.08.2026,23:24:41,74565,0.559463,-0.023639,0.1,-0.17,-5.5,1.1875,172.875,0.100378,0,0,7.340447,0,0,1000,-0.125,11.29613
14.08.2026,23:24:41,74671,0.553326,-0.033684,0.11,-0.17,-5.5,1.1875,172.875,0.099533,0,0,7.351436,0,0,1000,-0.125,11.12175
14.08.2026,23:24:41,74777,0.539007,-0.033576,0.1,-0.16,-5.5,1.1875,172.75,0.098858,0,0,7.361356,0,0,1000,-0.25,10.98111
14.08.2026,23:24:41,74883,0.534916,-0.033582,0.1,-0.13,-5.5,1.1875,172.6875,0.098117,0,0,7.372189,0,0,1000,-0.5,11.29051
14.08.2026,23:24:41,74989,0.525711,-0.053487,0.09,-0.16,-5.5,1.1875,172.5625,0.097255,0,0,7.381968,0,0,1000,-0.90625,10.86861
14.08.2026,23:24:41,75095,0.520597,-0.073354,0.08,-0.17,-5.5,1.25,172.5,0.096735,0,0,7.392648,0,0,1000,-0.875,11.1105
14.08.2026,23:24:41,75201,0.515483,-0.053174,0.12,-0.12,-5.5,1.25,172.375,0.095821,0,0,7.40325,0,0,1000,-1.28125,10.54234
14.08.2026,23:24:41,75307,0.501164,-0.042978,0.06,-0.13,-5.4375,1.25,172.1875,0.095177,0,0,7.412819,0,0,1000,-1.375,9.810448
14.08.2026,23:24:41,75413,0.50321,-0.052903,0.1,-0.14,-5.3125,1.3125,172.0625,0.094669,0,0,7.423271,0,0,1000,-1.75,8.044224
14.08.2026,23:24:41,75519,0.490937,-0.0328,0.05,-0.18,-5.25,1.3125,171.9375,0.094035,0,0,7.432706,0,0,1000,-2,7.34045
14.08.2026,23:24:41,75625,0.476618,-0.042747,0.02,-0.11,-5.1875,1.3125,171.8125,0.093251,0,0,7.443012,0,0,1000,-2.25,8.069798
14.08.2026,23:24:41,75732,0.472526,-0.052627,0.05,-0.15,-5.125,1.3125,171.625,0.092658,0,0,7.453242,0,0,1000,-2.5,7.844181
14.08.2026,23:24:41,75838,0.472526,-0.052507,0.04,-0.17,-5.125,1.3125,171.5,0.09204,0,0,7.462477,0,0,1000,-2.75,7.517914
14.08.2026,23:24:41,75944,0.458207,-0.05231,0.01,-0.16,-5.125,1.3125,171.375,0.091182,0,0,7.472564,0,0,1000,-3,7.186016
14.08.2026,23:24:41,76050,0.454116,-0.052136,0.04,-0.2,-5.25,1.3125,171.25,0.090577,0,0,7.48167,0,0,1000,-3.53125,9.947922
14.08.2026,23:24:41,76156,0.450025,-0.031945,0.09,-0.22,-5.375,1.25,171.125,0.090097,0,0,7.491617,0,0,1000,-3.78125,10.29228
14.08.2026,23:24:41,76262,0.444911,-0.031746,0.1,-0.21,-5.5625,1.125,170.875,0.089466,0,0,7.501492,0,0,1000,-4.15625,10.71539
14.08.2026,23:24:41,76368,0.426501,-0.02193,0.12,-0.24,-5.6875,1,170.625,0.08897,0,0,7.510406,0,0,1000,-4.9375,11.42599
14.08.2026,23:24:41,76474,0.417296,-0.002358,0.13,-0.2,-5.6875,0.875,170.3125,0.088205,0,0,7.520144,0,0,1000,-5.5625,8.531635
14.08.2026,23:24:41,76580,0.419342,0.017234,0.11,-0.16,-5.6875,0.8125,170,0.087623,0,0,7.528936,0,0,1000,-6.1875,10.19539
14.08.2026,23:24:41,76686,0.409114,0.006796,0.12,-0.11,-5.5625,0.8125,169.5625,0.087484,0,0,7.53854,0,0,1000,-6.8125,9.649128
14.08.2026,23:24:41,76792,0.408091,-0.013525,0.08,-0.14,-5.4375,0.9375,169.25,0.086361,0,0,7.548074,0,0,1000,-7.125,8.595985
14.08.2026,23:24:41,76898,0.398886,-0.053659,0.07,-0.1,-5.25,1.1875,169,0.085795,0,0,7.556682,0,0,1000,-7.75,7.311592
14.08.2026,23:24:41,77004,0.393772,-0.043494,0.06,-0.09,-5.125,1.4375,168.8125,0.085063,0,0,7.566085,0,0,1000,-8.125,6.724743
14.08.2026,23:24:41,77110,0.374339,-0.053311,0.04,-0.18,-5.125,1.6875,168.625,0.08441,0,0,7.574575,0,0,1000,-8.78125,6.685364
14.08.2026,23:24:41,77217,0.37843,-0.06293,0.07,-0.2,-5.25,1.625,168.3125,0.084012,0,0,7.58385,0,0,1000,-9.4375,8.175343
14.08.2026,23:24:41,77323,0.366157,-0.042838,0.11,-0.24,-5.4375,1.375,168,0.083308,0,0,7.593058,0,0,1000,-9.9375,9.139088
14.08.2026,23:24:41,77429,0.365134,0.026995,0.11,-0.24,-5.625,0.9375,167.625,0.083461,0,0,7.601372,0,0,1000,-10.9375,10.32283
14.08.2026,23:24:41,77535,0.357975,0.016505,0.11,-0.18,-5.6875,0.5,167.125,0.082275,0,0,7.610455,0,0,1000,-11.9375,8.783436
14.08.2026,23:24:41,77641,0.349792,0.025916,0.1,-0.15,-5.5625,0.1875,166.5625,0.082258,0,0,7.619473,0,0,1000,-13.21875,6.932835
14.08.2026,23:24:41,77747,0.343656,-0.004644,0.1,-0.12,-5.3125,0.3125,166,0.08152,0,0,7.627615,0,0,1000,-13.75,7.04781
14.08.2026,23:24:41,77853,0.334451,-0.024881,0.12,-0.12,-5.1875,0.8125,165.625,0.080581,0,0,7.63651,0,0,1000,-14.375,6.574074
14.08.2026,23:24:41,77959,0.3232,-0.044826,0.14,-0.14,-5.125,1.5,165.4375,0.08006,0,0,7.644543,0,0,1000,-15.15625,5.695313
14.08.2026,23:24:41,78065,0.320132,0.005318,0.13,-0.19,-5.3125,2.0625,165.1875,0.079849,0,0,7.653318,0,0,1000,-15.65625,6.754684
14.08.2026,23:24:41,78171,0.321154,-0.064858,0.14,-0.21,-5.5,2.1875,164.875,0.078929,0,0,7.662031,0,0,1000,-16.125,7.521545
14.08.2026,23:24:41,78277,0.308881,-0.024636,0.15,-0.2,-5.625,1.625,164.3125,0.078421,0,0,7.669898,0,0,1000,-17,8.242798
14.08.2026,23:24:41,78383,0.302744,0.144779,0.11,-0.11,-5.4375,0.8125,163.75,0.07961,0,0,7.678495,0,0,1000,-18,7.060272
14.08.2026,23:24:41,78489,0.30479,0.143266,0.06,-0.17,-5.125,0,163.3125,0.07908,0,0,7.686255,0,0,1000,-19.5625,0.344025
14.08.2026,23:24:41,78595,0.29763,0.011863,0.06,-0.13,-4.875,-0.4375,163,0.076823,0,0,7.694737,0,0,1000,-20.1875,1.835258
14.08.2026,23:24:41,78702,0.288425,-0.038383,0.02,-0.05,-4.625,-0.25,162.8125,0.076164,0,0,7.703157,0,0,1000,-20.125,0.539013
14.08.2026,23:24:41,78808,0.288425,-0.058954,0.02,-0.25,-4.8125,0.625,162.75,0.075465,0,0,7.71076,0,0,1000,-20.375,4.94278
14.08.2026,23:24:41,78914,0.278197,-0.048715,0.01,-0.22,-5.1875,1.6875,162.6875,0.075264,0,0,7.719069,0,0,1000,-20.65625,8.252758
14.08.2026,23:24:41,79020,0.27922,0.031449,0.09,-0.2,-5.5625,2.4375,162.5625,0.074784,0,0,7.726572,0,0,1000,-20.90625,10.38839
14.08.2026,23:24:41,79126,0.262856,0.010937,0.14,-0.25,-5.875,2.5,162.3125,0.074627,0,0,7.73477,0,0,1000,-21.40625,8.959637
14.08.2026,23:24:41,79232,0.262856,0.180064,-1.14,-0.18,-6,1.375,161.625,0.073743,0,0,7.74291,0,0,1000,-22.25,9.157734
14.08.2026,23:24:41,79338,0.254673,0.048418,0.3,-0.42,-4.9375,-0.125,160.6875,0.073275,0,0,7.750261,0,0,1000,-23.875,6.350876
14.08.2026,23:24:41,79444,0.250582,0.136965,0.29,0,-3.125,-1.5,159.5625,0.074348,0,0,7.758291,0,0,1000,-26,-22.62291
14.08.2026,23:24:41,79550,0.246491,-0.013872,0.18,-0.04,-1.125,-1.9375,158.4375,0.072372,0,0,7.765546,0,0,1000,-29.78125,-33.19539
14.08.2026,23:24:41,79656,0.249559,0.045931,0.25,0.18,0.9375,-0.6875,157.3125,0.071801,0,0,7.773471,0,0,1000,-32.34375,-45
14.08.2026,23:24:41,79762,0.236263,0.104475,0.13,-0.12,3.3125,2,155.9375,0.072538,0,0,7.781342,0,0,1000,-33.90625,-45
14.08.2026,23:24:41,79868,0.236263,-0.056401,0.12,-0.03,4.6875,3.5625,155.125,0.07047,0,0,7.788449,0,0,1000,-36.25,-45
14.08.2026,23:24:41,79974,0.230127,0.233322,0.11,0.02,5.9375,4.1875,154.1875,0.070363,0,0,7.796216,0,0,1000,-38.125,-45
14.08.2026,23:24:41,80080,0.215808,0.210584,0.04,-0.23,6.9375,3,153.1875,0.069921,0,0,7.803231,0,0,1000,-40.28125,-45
14.08.2026,23:24:41,80187,0.214785,0.259246,0.04,-0.14,8.0625,-0.4375,151.875,0.069667,0,0,7.810895,0,0,1000,-41.5,-45
14.08.2026,23:24:41,80293,0.204557,-0.111959,0.62,-0.38,9.125,-3.6875,150.4375,0.068959,0,0,7.818507,0,0,1000,-43.875,-45
14.08.2026,23:24:41,80399,0.190238,0.098422,0.15,-0.3,10.8125,-4.625,147.6875,0.068527,0,0,7.825381,0,0,1000,-45,-45
14.08.2026,23:24:41,80505,0.188192,0.117278,0.19,-0.23,12.25,-3.1875,144.5,0.069341,0,0,7.832893,0,0,1000,-45,-45
14.08.2026,23:24:41,80611,0.172851,0.275811,0.23,-0.09,13.75,-0.3125,140.8125,0.067589,0,0,7.840354,0,0,1000,-45,-45
14.08.2026,23:24:41,80717,0.151372,0.210832,0,-0.25,14.6875,3.5,136.4375,0.067167,0,0,7.847092,0,0,1000,-45,-45
14.08.2026,23:24:41,80823,0.144213,0.198779,0.21,-0.16,14.9375,5.5625,133.4375,0.068724,0,0,7.854455,0,0,1000,-45,-45
14.08.2026,23:24:41,80929,0.133985,0.156908,-0.02,-0.12,14.875,5.6875,131.125,0.067871,0,0,7.861104,0,0,1000,-45,-45
14.08.2026,23:24:41,81035,0.107392,0.425351,1.21,0.31,14.5625,6.375,129.125,0.065838,0,0,7.868371,0,0,1000,-45,-45
14.08.2026,23:24:41,81141,0.088982,0.170963,0.15,-0.32,14.25,3.5625,127.0625,0.067558,0,0,7.875589,0,0,1000,-45,-45
14.08.2026,23:24:41,81247,0.059322,0.009744,-0.08,-0.71,12.8125,-0.25,126,0.065018,0,0,7.882107,0,0,1000,-45,-45
14.08.2026,23:24:41,81353,0.039889,0.039829,-0.05,-0.6,9.5625,-3.6875,125.0625,0.06454,0,0,7.889231,0,0,1000,-45,-45
14.08.2026,23:24:41,81459,0.027615,0.109764,-0.07,-0.31,5.0625,-4.875,124.25,0.064141,0,0,7.895665,0,0,1000,-45,-19.57373
14.08.2026,23:24:41,81565,0,0.168588,0.04,-0.43,0.4375,-3.6875,123.6875,0.065313,0,0,7.902697,0,0,1000,-45,-30.68126
14.08.2026,23:24:41,81672,0,0.276027,0.09,-0.5,-4.375,-0.375,123.1875,0.063273,0,0,7.90968,0,0,1000,-45,-11.20625
14.08.2026,23:24:41,81778,0,0.203428,0.16,-0.74,-6.875,1.5625,122.625,0.062883,0,0,7.915988,0,0,1000,-45,4.949997
14.08.2026,23:24:41,81884,0,0.011993,0.21,-0.57,-8.25,2.3125,122,0.062434,0,0,7.922882,0,0,1000,-45,26.7
14.08.2026,23:24:41,81990,0,-0.077805,0.19,-0.46,-9,2.3125,121.5,0.061156,0,0,7.929109,0,0,1000,-45,24.575
14.08.2026,23:24:41,82096,0,-0.156555,0.14,-0.19,-9.0625,1.875,121.3125,0.061653,0,0,7.935914,0,0,1000,-45,21.79375
14.08.2026,23:24:41,82202,0,-0.084302,0.08,0.16,-8.375,1.0625,121.25,0.060288,0,0,7.942673,0,0,1000,-45,12.79375
14.08.2026,23:24:41,82308,0,-0.00372,0.05,0.24,-7.75,0.4375,120.9375,0.060724,0,0,7.948778,0,0,1000,-45,8.324997
14.08.2026,23:24:41,82414,0,0.195668,0.05,0.15,-7.3125,-0.0625,120.5625,0.060452,0,0,7.95545,0,0,1000,-45,9.043747
14.08.2026,23:24:41,82520,0,0.273523,0.07,-0.1,-7,-0.625,120.375,0.060082,0,0,7.961476,0,0,1000,-45,8.887497
14.08.2026,23:24:41,82626,0,0.171075,0.08,-0.34,-6.8125,-1.0625,120.375,0.061233,0,0,7.968063,0,0,1000,-45,9.418747
14.08.2026,23:24:41,82732,0.005114,-0.079821,0.22,-0.48,-6.375,-1.1875,120.75,0.059277,0,0,7.974606,0,0,1000,-45,7.699997
14.08.2026,23:24:41,82838,0.007159,-0.218231,0.22,-0.12,-5.75,-0.375,121.0625,0.058916,0,0,7.980515,0,0,1000,-45,4.572498
14.08.2026,23:24:41,82944,0.019433,-0.086428,0.13,0.01,-5.0625,1.0625,121.375,0.05753,0,0,7.986974,0,0,1000,-45,-5.944347
14.08.2026,23:24:41,83050,0.004091,0.1437,0.11,0.04,-4.6875,2.5,121.8125,0.059472,0,0,7.992808,0,0,1000,-45,-3.786247
14.08.2026,23:24:41,83157,0.019433,0.231469,-0.23,-0.11,-4.4375,3.0625,122.5,0.057776,0,0,7.999185,0,0,1000,-45,-4.548088
14.08.2026,23:24:41,83263,0.013296,0.308963,-0.4,-0.36,-4.25,1.4375,123.125,0.060305,0,0,8.005519,0,0,1000,-45,-3.453098
14.08.2026,23:24:41,83369,0.021478,0.455344,0.14,-0.34,-4.125,-1.875,123.375,0.061384,0,0,8.011241,0,0,1000,-45,-6.278091
14.08.2026,23:24:41,83475,0.020456,0.112252,0.17,-0.3,-3.75,-6.375,123.25,0.056662,0,0,8.017494,0,0,1000,-45,-9.858086
14.08.2026,23:24:41,83581,0.033752,-0.068088,-0.05,-0.23,-3.3125,-9.0625,123.1875,0.05536,0,0,8.023706,0,0,1000,-45,-14.02372
14.08.2026,23:24:41,83687,0.032729,-0.136176,0.17,-0.11,-2.875,-6.8125,123.8125,0.053947,0,0,8.029319,0,0,1000,-45,-11.12308
14.08.2026,23:24:41,83793,0.030684,-0.024978,0.13,-0.17,-2.9375,-2.0625,124.5,0.055573,0,0,8.035452,0,0,1000,-45,-11.65809
14.08.2026,23:24:41,83899,0.037843,0.075145,0.18,-0.15,-3.125,3.8125,125.25,0.055238,0,0,8.040992,0,0,1000,-45,-10.7281
14.08.2026,23:24:41,84005,0.040911,0.124315,0.17,-0.03,-3.3125,7.8125,125.8125,0.055889,0,0,8.047049,0,0,1000,-45,-9.223717
14.08.2026,23:24:41,84111,0.04398,0.113383,0.14,0.02,-3.125,8.125,126.25,0.054508,0,0,8.053064,0,0,1000,-45,-9.934322
14.08.2026,23:24:41,84217,0.047048,0.172197,0.11,-0.01,-2.4375,3.375,126.5,0.05418,0,0,8.058498,0,0,1000,-45,-12.56619
14.08.2026,23:24:41,84323,0.050116,0.031233,0.11,-0.03,-1.9375,-1.875,126.5625,0.053879,0,0,8.06444,0,0,1000,-45,-16.07622
14.08.2026,23:24:41,84429,0.050116,0.051038,0.11,-0.18,-1.5625,-5.875,126.4375,0.053752,0,0,8.069805,0,0,1000,-45,-20.19183
14.08.2026,23:24:41,84535,0.054208,0.040677,0.04,-0.16,-1.4375,-7.875,126.125,0.053146,0,0,8.075669,0,0,1000,-45,-19.67685
14.08.2026,23:24:41,84642,0.059322,0.13005,0.09,-0.25,-1.875,-5.9375,125.625,0.053829,0,0,8.081495,0,0,1000,-45,-14.3662
14.08.2026,23:24:41,84748,0.05523,0.238696,0.07,-0.24,-2.4375,-1.4375,125.25,0.054585,0,0,8.086758,0,0,1000,-45,-9.292465
14.08.2026,23:24:41,84854,0.051139,0.226189,0.18,-0.16,-2.9375,3.375,125.0625,0.052135,0,0,8.09251,0,0,1000,-45,-6.255569
14.08.2026,23:24:41,84960,0.054208,0.253801,0.2,0.03,-3.1875,6.25,124.9375,0.051823,0,0,8.09771,0,0,1000,-45,-7.994324
14.08.2026,23:24:41,85066,0.050116,0.141681,0.16,-0.02,-3.0625,6.1875,124.6875,0.052545,0,0,8.103392,0,0,1000,-45,-10.49184
14.08.2026,23:24:41,85172,0.051139,0.050803,0.08,-0.09,-2.4375,1.8125,124.3125,0.051145,0,0,8.109035,0,0,1000,-45,-13.0337
14.08.2026,23:24:41,85278,0.058299,-0.089123,0.12,-0.16,-1.9375,-2.75,124.0625,0.05084,0,0,8.114135,0,0,1000,-45,-15.7162
14.08.2026,23:24:41,85384,0.050116,-0.12779,0.36,-0.19,-1.5,-5.25,123.625,0.048885,0,0,8.119709,0,0,1000,-45,-22.27809
14.08.2026,23:24:41,85490,0.04398,0.083255,0.31,-0.09,-1.0625,-3.6875,123.25,0.050702,0,0,8.124745,0,0,1000,-45,-23.03746
14.08.2026,23:24:41,85596,0.034775,0.3072,0.44,-0.23,-1.125,0.25,122.8125,1.289882e-7,0,0,8.128002,0,0,1000,-45,-19.61372
14.08.2026,23:24:41,85702,0.03682,0.383328,0.61,-0.14,-1.625,6.5625,122.375,0.003367,0,0,8.128002,0,0,1000,-45,-16.12372
14.08.2026,23:24:41,85808,0.030684,0.270434,0.56,-0.19,-1.5,9.3125,122,0.002209,0,0,8.128002,0,0,1000,-45,-23.98122
14.08.2026,23:24:41,85914,0.028638,0.188372,0.42,-0.16,-0.75,9.8125,121.3125,6.682239e-8,0,0,8.128002,0,0,1000,-45,-29.79248
14.08.2026,23:24:41,86020,0.023524,0.157255,0.22,-0.1,0.25,8.6875,120.3125,5.098991e-8,0,0,8.128002,0,0,1000,-45,-35.30936
14.08.2026,23:24:41,86127,0.012273,0.04665,0.02,-0.03,1.4375,6.4375,118.8125,-0.000368,0,0,8.128002,0,0,1000,-45,-42.30937
14.08.2026,23:24:41,86233,0.003068,-0.003223,-0.11,-0.19,1.875,5.1875,117.4375,-3.247987e-8,0,0,8.128002,0,0,1000,-45,-37.82689
14.08.2026,23:24:41,86339,0,0.016998,-0.14,-0.29,1.875,4.875,116.0625,-5.369657e-9,0,0,8.128002,0,0,1000,-45,-38.65562
14.08.2026,23:24:41,86445,0,-0.052754,-0.15,-0.27,1.4375,5,114.8125,-0.001054,0,0,8.128002,0,0,1000,-45,-36.9875
14.08.2026,23:24:41,86551,0,0.048095,-0.35,-0.4,0.5,5.75,114,-3.679525e-7,0,0,8.128002,0,0,1000,-45,-22.9875
14.08.2026,23:24:41,86657,0,0.047979,-0.46,-0.5,-1.5625,7.1875,113.375,2.924935e-9,0,0,8.128002,0,0,1000,-45,-22.55
14.08.2026,23:24:41,86763,0,-0.071344,-0.54,-0.69,-2.75,7.3125,113.4375,-0.001227,0,0,8.128002,0,0,1000,-45,-14.64375
14.08.2026,23:24:41,86869,0,-0.15969,-0.64,-0.59,-3.6875,7.25,113.625,-0.002089,0,0,8.128002,0,0,1000,-45,-9.487503
14.08.2026,23:24:41,86975,0,-0.007952,-0.3,-0.29,-3.5,9,113.5,-2.724119e-8,0,0,8.128002,0,0,1000,-45,-16.6125
14.08.2026,23:24:41,87081,0,0.151201,0.11,-0.26,-1.5625,12.3125,112.9375,0.00153,0,0,8.128002,0,0,1000,-45,-29.55
14.08.2026,23:24:41,87187,0,0.249746,0.48,0.08,-0.125,13.0625,112.375,0.002604,0,0,8.128002,0,0,1000,-45,-36.2375
14.08.2026,23:24:41,87293,0,0.058307,0.38,0.02,0,9.875,112.375,-1.629815e-8,0,0,8.128002,0,0,1000,-45,-28.39375
14.08.2026,23:24:41,87399,0,-0.08168,0.34,-0.23,-0.5,3.4375,112.8125,-6.519258e-8,0,0,8.128002,0,0,1000,-45,-20.6125
14.08.2026,23:24:41,87505,0,-0.27967,0.21,-0.31,-1,-3.1875,113.6875,-0.003287,0,0,8.128002,0,0,1000,-45,-17.8625
14.08.2026,23:24:41,87612,0,-0.365708,0.11,-0.2,-1.75,-7.8125,114.3125,-1.890585e-7,0,0,8.128002,0,0,1000,-45,-19.8
14.08.2026,23:24:41,87718,0.001023,-0.191834,0.09,-0.36,-2.5625,-7,114.375,-1.434237e-7,0,0,8.128002,0,0,1000,-45,-15.63562
14.08.2026,23:24:41,87824,0,-0.019894,0.15,-0.16,-4.0625,-2.625,114.25,-0.000596,0,0,8.128002,0,0,1000,-45,-8.456253
14.08.2026,23:24:41,87930,0.004091,0.23,0.22,-0.21,-5.8125,2.875,114.4375,0.001896,0,0,8.128002,0,0,1000,-45,16.41875
14.08.2026,23:24:41,88036,0,0.347806,0.2,-0.23,-7.4375,6.75,115,1.490116e-7,0,0,8.128002,0,0,1000,-45,28.39124
14.08.2026,23:24:41,88142,0.007159,0.234294,0.27,-0.07,-8.125,6.75,116.125,0.001886,0,0,8.128002,0,0,1000,-45,19.61564
14.08.2026,23:24:41,88248,0.016365,0.202752,0.19,-0.04,-8.125,3.3125,116.625,0.001555,0,0,8.128002,0,0,1000,-45,16.59812
14.08.2026,23:24:41,88354,0.011251,-0.097408,0.18,-0.28,-8.125,-1.9375,116.9375,-7.078052e-8,0,0,8.128002,0,0,1000,-45,16.67125
14.08.2026,23:24:41,88460,0.016365,-0.225613,0.15,-0.2,-8.375,-5.75,117.25,-1.322478e-7,0,0,8.128002,0,0,1000,-45,21.48064
14.08.2026,23:24:41,88566,0,-0.542733,0.1,-0.07,-8.625,-5.9375,118,-0.005843,0,0,8.128002,0,0,1000,-45,21.02313
14.08.2026,23:24:41,88672,0,0.418616,0.12,0.1,-9.375,7.5,120.625,1.061708e-7,0,0,8.128002,0,0,1000,-45,22.825
14.08.2026,23:24:41,88778,0,0.504212,0.51,0.43,-9.625,17.1875,122.9375,2.682209e-7,0,0,8.128002,0,0,1000,-45,24.8875
14.08.2026,23:24:41,88884,0,0.170923,1.3,0.32,-8.8125,18.125,123.875,0.001217,0,0,8.128002,0,0,1000,-45,22.48125
14.08.2026,23:24:41,88990,0,0.300011,0.65,-0.04,-5.75,14.5625,123.3125,0.002496,0,0,8.128002,0,0,1000,-45,-18.3
14.08.2026,23:24:41,89097,0,0.096968,0.23,-0.74,-3.125,8.5625,121.1875,8.05594e-8,0,0,8.128002,0,0,1000,-45,-21.83125
14.08.2026,23:24:41,89203,0,0.075468,-0.07,-0.87,-1.8125,7.5,119.4375,0.000209,0,0,8.128002,0,0,1000,-45,-16.3625
14.08.2026,23:24:41,89309,0,0.106266,0,-0.6,-1,9.3125,118.25,0.000525,0,0,8.128002,0,0,1000,-45,-21.175
14.08.2026,23:24:41,89415,0,-0.32236,-0.12,-0.7,-0.6875,10.125,117.75,-1.830049e-7,0,0,8.128002,0,0,1000,-45,-25.83125
14.08.2026,23:24:41,89521,0,-0.199159,0.25,-0.48,-0.8125,11.8125,117.375,-0.002478,0,0,8.128002,0,0,1000,-45,-22.01875
14.08.2026,23:24:41,89627,0,0.002518,0.39,-0.04,-1.25,11.375,116.0625,-0.00015,0,0,8.128002,0,0,1000,-45,-18.39375
14.08.2026,23:24:41,89733,0,0.163054,0.21,-0.06,-1.375,9.375,114.3125,1.513399e-8,0,0,8.128002,0,0,1000,-45,-20.83125
14.08.2026,23:24:41,89839,0,0.0724,-0.01,-0.18,-1.5625,7.75,112.375,4.786198e-7,0,0,8.128002,0,0,1000,-45,-19.8
14.08.2026,23:24:41,89945,0,0.191475,0.07,-0.18,-1.875,7,110.6875,0.001427,0,0,8.128002,0,0,1000,-45,-14.6125
14.08.2026,23:24:41,90051,0,0.138973,-0.3,-0.36,-2.375,6.875,109.0625,7.75326e-8,0,0,8.128002,0,0,1000,-45,-16.01875
14.08.2026,23:24:41,90157,0,-0.021238,-0.38,-0.53,-2.9375,6.125,108.25,-2.316665e-8,0,0,8.128002,0,0,1000,-45,-13.26875
14.08.2026,23:24:41,90263,0,-0.1502,-0.42,-0.49,-3.375,5.1875,107.6875,-0.002001,0,0,8.128002,0,0,1000,-45,-10.175
14.08.2026,23:24:41,90369,0,-0.278091,-0.62,-0.36,-3.9375,4.8125,107.625,-0.003256,0,0,8.128002,0,0,1000,-45,-7.425003
14.08.2026,23:24:41,90475,0,-0.255391,-0.52,-0.17,-4.125,3.8125,108,-1.466833e-7,0,0,8.128002,0,0,1000,-45,-3.800003
14.08.2026,23:24:41,90582,0,-0.231389,-0.43,-0.11,-4.3125,0.9375,108.875,-0.002728,0,0,8.128002,0,0,1000,-45,-2.768753
14.08.2026,23:24:41,90688,0,-0.148653,-0.42,-0.02,-4.4375,-1,110.0625,-0.001873,0,0,8.128002,0,0,1000,-45,-2.425003
14.08.2026,23:24:41,90794,0,-0.037035,-0.27,0.07,-4.5,-2.375,111.4375,-3.620517e-8,0,0,8.128002,0,0,1000,-45,-1.737503
14.08.2026,23:24:41,90900,0.012273,-0.534696,-0.47,-0.51,-4.375,-5.9375,113,-2.775341e-7,0,0,8.128002,0,0,1000,-45,-5.234982
14.08.2026,23:24:41,91006,0.015342,-0.050262,-0.54,0.16,-4.125,-7.4375,114.6875,-0.000804,0,0,8.128002,0,0,1000,-45,-8.403122
14.08.2026,23:24:41,91112,0.022501,0.280116,-0.3,0.2,-4,-8.625,117,9.778887e-8,0,0,8.128002,0,0,1000,-45,-5.447487
14.08.2026,23:24:41,91218,0.028638,-0.031849,0.03,-0.41,-3.3125,-9.5,118.8125,-6.664777e-9,0,0,8.128002,0,0,1000,-45,-7.926865
14.08.2026,23:24:41,91324,0.028638,0.348434,0.04,-0.26,-2.5,-8.1875,120.25,0.003165,0,0,8.128002,0,0,1000,-45,-12.27246
14.08.2026,23:24:41,91430,0.033752,0.22486,0.4,-0.22,-1.625,-5.875,121.375,0.001891,0,0,8.128002,0,0,1000,-45,-24.92935
14.08.2026,23:24:41,91536,0.046025,-0.095495,1.07,-0.54,-0.875,-6.4375,121.75,-6.37956e-8,0,0,8.128002,0,0,1000,-45,-26.90119
14.08.2026,23:24:41,91642,0.05523,0.053637,0.99,-0.31,0.375,-4.8125,121.75,0.000173,0,0,8.128002,0,0,1000,-45,-33.2662
14.08.2026,23:24:41,91748,0.064435,0.442279,0.78,0.2,1.5625,-4,121.75,0.004046,0,0,8.128002,0,0,1000,-45,-45
14.08.2026,23:24:41,91854,0.074663,0.130038,-0.11,0.19,1.9375,-6.4375,121.9375,4.400499e-8,0,0,8.128002,0,0,1000,-45,-39.12682
14.08.2026,23:24:41,91960,0.084891,-0.42902,-0.79,-0.66,2.1875,-10.375,122.125,-2.28174e-7,0,0,8.128002,0,0,1000,-45,-39.97865
14.08.2026,23:24:41,92067,0.098187,-0.034576,-0.19,0.19,2.4375,-12.9375,122,-0.001394,0,0,8.128002,0,0,1000,-45,-40.1343
14.08.2026,23:24:41,92173,0.105347,-0.153742,0.24,0.12,2.1875,-14.5,121.5,-6.216578e-8,0,0,8.128002,0,0,1000,-45,-38.95177
14.08.2026,23:24:41,92279,0.110461,-0.391492,0.39,0.22,1.5625,-17.25,120.875,-1.750886e-7,0,0,8.128002,0,0,1000,-45,-36.08364
14.08.2026,23:24:41,92385,0.11762,-0.397064,0.47,0.12,0.4375,-18.3125,120.0625,-0.004233,0,0,8.128002,0,0,1000,-45,-30.07676
14.08.2026,23:24:41,92491,0.108415,0.015849,0.54,0.32,-0.6875,-16.875,119.25,-4.045432e-9,0,0,8.128002,0,0,1000,-45,-22.32802
14.08.2026,23:24:41,92597,0.113529,-0.044353,-0.23,-0.15,-2.1875,-16.1875,118.0625,5.54428e-9,0,0,8.128002,0,0,1000,-45,-16.43926
14.08.2026,23:24:41,92703,0.110461,0.087055,-0.67,0.02,-3,-15.625,117.25,0.000641,0,0,8.128002,0,0,1000,-45,-11.1699
14.08.2026,23:24:41,92809,0.111484,-0.10351,-0.42,-0.21,-4.0625,-14.625,116.25,-0.00127,0,0,8.128002,0,0,1000,-45,-6.289898
14.08.2026,23:24:41,92915,0.105347,0.087163,-0.29,0.04,-5.1875,-13,115.375,3.143214e-8,0,0,8.128002,0,0,1000,-45,10.03197
14.08.2026,23:24:41,93021,0.10637,0.206463,-0.07,0.13,-6.25,-11.75,114.5,0.001823,0,0,8.128002,0,0,1000,-45,17.47197
14.08.2026,23:24:41,93127,0.111484,-0.123316,0.08,-0.3,-7.3125,-13.0625,113.25,-0.002074,0,0,8.128002,0,0,1000,-45,18.65199
14.08.2026,23:24:41,93233,0.109438,0.00784,0.3,0,-7.75,-13.25,112.3125,-6.984919e-9,0,0,8.128002,0,0,1000,-45,19.68011
14.08.2026,23:24:41,93339,0.108415,0.147533,0.71,0.38,-7.875,-13.4375,111.3125,6.100163e-8,0,0,8.128002,0,0,1000,-45,16.98947
14.08.2026,23:24:41,93445,0.100233,0.026382,0.81,0.26,-7.3125,-14.75,110,0.000028,0,0,8.128002,0,0,1000,-45,7.746975
14.08.2026,23:24:41,93552,0.091028,0.036291,0.38,0.26,-6.9375,-15.25,107.9375,-8.527422e-9,0,0,8.128002,0,0,1000,-45,11.95698
14.08.2026,23:24:41,93658,0.087959,0.165966,0.13,0.36,-7.125,-13.5,106.3125,6.193295e-8,0,0,8.128002,0,0,1000,-45,12.41384
14.08.2026,23:24:41,93764,0.081823,-0.005224,0.01,0.46,-7.4375,-12.5625,104.6875,-0.000305,0,0,8.128002,0,0,1000,-45,13.41194
14.08.2026,23:24:41,93870,0.066481,-0.074074,-0.22,0.28,-7.6875,-12.25,103.25,-0.000978,0,0,8.128002,0,0,1000,-45,17.16633
14.08.2026,23:24:41,93976,0.045003,-0.10331,-0.08,0.09,-7.625,-10.1875,101.8125,-6.170012e-8,0,0,8.128002,0,0,1000,-45,13.42756
14.08.2026,23:24:41,94082,0.031706,-0.00141,-0.3,0.29,-7.0625,-7.1875,100.25,-0.000228,0,0,8.128002,0,0,1000,-45,9.324409
14.08.2026,23:24:41,94188,0.012273,0.24796,-0.37,0.24,-6.0625,-4.8125,99.375,0.002259,0,0,8.128002,0,0,1000,-45,-2.120613
14.08.2026,23:24:41,94294,0,0.136205,-0.4,-0.32,-4.625,-4.625,98.6875,5.494803e-8,0,0,8.128002,0,0,1000,-45,-15.34314
14.08.2026,23:24:41,94400,0,0.055149,-0.34,-0.8,-3.3125,-5.125,98.0625,1.478475e-8,0,0,8.128002,0,0,1000,-45,-22.33125
14.08.2026,23:24:41,94506,0,-0.0155,-0.11,-1.32,-1.9375,-5.375,97.5625,-0.000409,0,0,8.128002,0,0,1000,-45,-26.76875
14.08.2026,23:24:41,94612,0,0.064738,0.24,-1.12,-0.9375,-6.625,96.8125,1.682201e-8,0,0,8.128002,0,0,1000,-45,-22.89375
14.08.2026,23:24:41,94718,0,-0.155245,0.17,-0.7,-1.75,-8.0625,95.75,-5.890615e-8,0,0,8.128002,0,0,1000,-45,-20.4875
14.08.2026,23:24:41,94824,0,-0.242458,-0.02,0.35,-3.1875,-8.3125,94.6875,-0.002643,0,0,8.128002,0,0,1000,-45,0.418747
14.08.2026,23:24:41,94930,0,-0.040667,-0.28,0.41,-4.4375,-6.8125,93.75,-0.000612,0,0,8.128002,0,0,1000,-45,7.293747
14.08.2026,23:24:41,95037,0,-0.019036,-0.08,0.06,-5.25,-5.5625,92.6875,-4.33065e-8,0,0,8.128002,0,0,1000,-45,4.824997
14.08.2026,23:24:41,95143,0,0.41953,0.36,0.04,-5.3125,-2.75,92,0.003991,0,0,8.128002,0,0,1000,-45,1.168747
14.08.2026,23:24:41,95249,0,0.514924,0.64,-0.1,-4.9375,-0.6875,91.5,0.004899,0,0,8.128002,0,0,1000,-45,-5.581253
14.08.2026,23:24:41,95355,0,0.171369,0.46,-0.26,-3.5,0.125,90.8125,6.961636e-8,0,0,8.128002,0,0,1000,-45,-18.175
14.08.2026,23:24:41,95461,0,-0.208793,0.14,-0.37,-2.375,0.125,89.9375,-0.002371,0,0,8.128002,0,0,1000,-45,-22.8
14.08.2026,23:24:41,95567,0,-0.454657,-0.43,-0.13,-1.8125,0,88.3125,-0.004511,0,0,8.128002,0,0,1000,-45,-18.08125
14.08.2026,23:24:41,95673,0,-0.180917,-0.56,0.06,-2.1875,0.875,86.8125,-1.084991e-7,0,0,8.128002,0,0,1000,-45,-17.05
14.08.2026,23:24:41,95779,0,0.250348,-0.36,-0.26,-2.6875,2,85.5625,1.1269e-7,0,0,8.128002,0,0,1000,-45,-10.14375
14.08.2026,23:24:41,95885,0,0.487223,-0.11,-0.21,-2.75,3.4375,84.625,0.004635,0,0,8.128002,0,0,1000,-45,-12.925
14.08.2026,23:24:41,95991,0,0.202825,0.02,-0.39,-2.4375,3.5,83.5625,8.568168e-8,0,0,8.128002,0,0,1000,-45,-14.64375
14.08.2026,23:24:41,96097,0,-0.166773,0.49,-0.22,-1.9375,2,81.1875,-9.010546e-8,0,0,8.128002,0,0,1000,-45,-17.05
14.08.2026,23:24:41,96203,0,-0.214965,0.7,0.01,-1.75,2.3125,78.625,-0.002394,0,0,8.128002,0,0,1000,-45,-17.7375
14.08.2026,23:24:41,96309,0,-0.063093,0.24,-0.07,-2.1875,3.5625,75.8125,-0.00086,0,0,8.128002,0,0,1000,-45,-8.206253
14.08.2026,23:24:41,96415,0,0.057394,0.36,-0.14,-3.1875,4.1875,73.375,1.693843e-8,0,0,8.128002,0,0,1000,-45,-1.143753
14.08.2026,23:24:41,96522,0,0.105869,0.17,-0.43,-4.4375,5.625,70.5625,0.000817,0,0,8.128002,0,0,1000,-45,2.793747
14.08.2026,23:24:41,96628,0,0.195416,0.13,-0.47,-5,7.6875,69.25,0.001708,0,0,8.128002,0,0,1000,-45,1.012497
14.08.2026,23:24:41,96734,0,0.253392,0.24,-0.12,-4.875,10.3125,68.0625,1.108274e-7,0,0,8.128002,0,0,1000,-45,-4.362503
14.08.2026,23:24:41,96840,0,-0.027811,0.2,-0.26,-3.9375,10.6875,66.5,-2.712477e-8,0,0,8.128002,0,0,1000,-45,-17.33125
14.08.2026,23:24:41,96946,0,-0.007408,0.17,-0.19,-2.625,10.1875,64.75,-0.000347,0,0,8.128002,0,0,1000,-45,-13.6125
14.08.2026,23:24:41,97052,0,0.002636,0.14,-0.05,-1.0625,8.9375,62.8125,9.924406e-9,0,0,8.128002,0,0,1000,-45,-19.8
14.08.2026,23:24:41,97158,0,0.0534,-0.16,-0.04,-0.25,7.75,61.9375,-1.868466e-8,0,0,8.128002,0,0,1000,-45,-25.64375
14.08.2026,23:24:41,97264,0,0.013462,-0.31,-0.1,0.0625,7.4375,61.3125,-0.00013,0,0,8.128002,0,0,1000,-45,-28.39375
14.08.2026,23:24:41,97370,0,0.163273,-0.3,-0.08,-0.0625,7.5625,61.0625,0.001363,0,0,8.128002,0,0,1000,-45,-26.14375
14.08.2026,23:24:41,97476,0,0.032346,-0.08,-0.32,-0.3125,7.1875,61,4.587564e-7,0,0,8.128002,0,0,1000,-45,-24.76875
14.08.2026,23:24:41,97582,0,-0.068314,0.25,-0.17,-0.375,6.8125,60.9375,-0.000966,0,0,8.128002,0,0,1000,-45,-24.08125
14.08.2026,23:24:41,97688,0,-0.206658,0.36,-0.2,-0.4375,6.25,60.875,-0.002333,0,0,8.128002,0,0,1000,-45,-24.08125
14.08.2026,23:24:41,97794,0,-0.204691,0.56,-0.23,-0.6875,6.375,60.9375,-1.117587e-7,0,0,8.128002,0,0,1000,-45,-22.70625
14.08.2026,23:24:41,97900,0,-0.232654,0.28,-0.57,-1.25,6.25,61,-1.247972e-7,0,0,8.128002,0,0,1000,-45,-14.925
14.08.2026,23:24:41,98007,0,-0.139869,-0.14,-0.97,-2.8125,5.5,61,-0.002302,0,0,8.128002,0,0,1000,-45,-14.64375
14.08.2026,23:24:41,98113,0,0.071068,-0.12,-0.66,-3.625,4.625,60.8125,3.448804e-9,0,0,8.128002,0,0,1000,-45,-9.143753
14.08.2026,23:24:41,98219,0,0.011476,-0.2,-0.46,-3.6875,2.5,60.6875,-2.549496e-8,0,0,8.128002,0,0,1000,-45,-7.425003
14.08.2026,23:24:41,98325,0,0.171306,-0.59,0.27,-3.625,1.375,60.6875,0.001524,0,0,8.128002,0,0,1000,-45,-8.112503
14.08.2026,23:24:41,98431,0,-0.138524,-0.81,-0.34,-3.9375,-0.8125,60.6875,-7.636845e-8,0,0,8.128002,0,0,1000,-45,-6.393753
14.08.2026,23:24:41,98537,0.004091,0.242135,-0.22,0.05,-4.75,0.4375,61.25,6.100163e-8,0,0,8.128002,0,0,1000,-45,3.26376
14.08.2026,23:24:41,98643,0.023524,-0.018727,-0.01,-0.37,-4.5,1.0625,62.0625,-0.000375,0,0,8.128002,0,0,1000,-45,-1.993717
14.08.2026,23:24:41,98749,0.038866,0.239973,0.15,0.09,-4.1875,1.4375,63.25,0.0022,0,0,8.128002,0,0,1000,-45,-7.558716
14.08.2026,23:24:41,98855,0.045003,0.019002,0.02,-0.15,-3.9375,-0.6875,64.75,-1.949338e-7,0,0,8.128002,0,0,1000,-45,-7.078701
14.08.2026,23:24:41,98961,0.061367,-0.070414,0.14,-0.05,-3.8125,-3.625,67,-0.000811,0,0,8.128002,0,0,1000,-45,-5.994957
14.08.2026,23:24:41,99067,0.07364,-0.079224,0.16,0.07,-3.75,-4.9375,68.5625,-0.000985,0,0,8.128002,0,0,1000,-45,-6.125553
14.08.2026,23:24:41,99173,0.076709,-0.018337,0.25,0.46,-3.8125,-5.1875,70.125,-1.792796e-8,0,0,8.128002,0,0,1000,-45,-4.185555
14.08.2026,23:24:41,99279,0.079777,0.001907,0.41,0.55,-3.6875,-5.625,71.375,-7.916242e-9,0,0,8.128002,0,0,1000,-45,-7.778664
14.08.2026,23:24:41,99385,0.07364,0.121888,0.41,0.53,-3.375,-5.3125,72.1875,0.001036,0,0,8.128002,0,0,1000,-45,-8.210556
14.08.2026,23:24:41,99492,0.07364,-0.018975,-0.26,0.12,-3.1875,-5.25,72.3125,-1.856824e-8,0,0,8.128002,0,0,1000,-45,-9.343063
14.08.2026,23:24:41,99598,0.067504,0.171033,-0.81,0.29,-3.375,-4.25,72.0625,6.216578e-8,0,0,8.128002,0,0,1000,-45,-9.471836
14.08.2026,23:24:41,99704,0.049094,-0.109749,-0.87,-0.2,-4.0625,-4.8125,71.375,-0.001293,0,0,8.128002,0,0,1000,-45,-4.997463
14.08.2026,23:24:41,99810,0.035797,-0.218175,-0.41,-0.52,-5.125,-5.875,70.1875,-0.002359,0,0,8.128002,0,0,1000,-45,5.145641
14.08.2026,23:24:41,99916,0.024547,-0.226168,0.29,-0.49,-5,-5.8125,68.625,-1.18278e-7,0,0,8.128002,0,0,1000,-45,-1.797482
14.08.2026,23:24:41,100022,0.008182,0.075492,0.41,0.18,-4.5,-3.5625,66.75,0.00061,0,0,8.128002,0,0,1000,-45,-7.643749
14.08.2026,23:24:41,100128,0,-0.144126,0.15,-0.19,-4.125,-3.6875,65.5,-0.001583,0,0,8.128002,0,0,1000,-45,-10.1175
14.08.2026,23:24:41,100234,0,0.246934,0.43,-0.06,-3.8125,-3.25,64.625,1.14087e-7,0,0,8.128002,0,0,1000,-45,-10.20625
14.08.2026,23:24:41,100340,0,0.205013,0.45,-0.36,-3.3125,-1.5625,64.0625,9.26666e-8,0,0,8.128002,0,0,1000,-45,-14.51875
14.08.2026,23:24:41,100446,0,0.35207,0.75,-0.12,-2.9375,2.125,63.625,0.003335,0,0,8.128002,0,0,1000,-45,-11.89375
14.08.2026,23:24:41,100552,0,-0.029266,0.4,-0.56,-2.3125,3.8125,62.6875,-2.12458e-8,0,0,8.128002,0,0,1000,-45,-14.9875
14.08.2026,23:24:41,100658,0,-0.048695,0.32,-0.72,-2,4.4375,61.9375,-3.539026e-8,0,0,8.128002,0,0,1000,-45,-17.05
14.08.2026,23:24:41,100764,0,-0.018036,0.27,-0.57,-1.625,5.1875,61.3125,-0.00036,0,0,8.128002,0,0,1000,-45,-22.2375
14.08.2026,23:24:41,100870,0,0.052271,0.13,-0.29,-1.5,5.625,60.875,0.000345,0,0,8.128002,0,0,1000,-45,-19.8
14.08.2026,23:24:41,100977,0,0.062268,-0.27,-0.06,-1.5,5.6875,60.375,1.204899e-8,0,0,8.128002,0,0,1000,-45,-18.2375
14.08.2026,23:24:41,101083,0,0.172264,-0.12,0.21,-1.875,5.6875,60,0.001545,0,0,8.128002,0,0,1000,-45,-15.3
14.08.2026,23:24:41,101189,0,0.240185,0.01,0.36,-2,5.375,59.5625,0.002204,0,0,8.128002,0,0,1000,-45,-17.05
14.08.2026,23:24:41,101295,0,0.149172,-0.08,0.09,-2.0625,3.3125,59.125,6.263144e-8,0,0,8.128002,0,0,1000,-45,-16.70625
14.08.2026,23:24:41,101401,0,-0.180702,-0.34,-0.47,-2.0625,0.8125,58.6875,-0.002006,0,0,8.128002,0,0,1000,-45,-16.70625
14.08.2026,23:24:41,101507,0,0.160223,-0.17,-0.06,-2.125,0.3125,58.1875,0.001509,0,0,8.128002,0,0,1000,-45,-16.3625
14.08.2026,23:24:41,101613,0,-0.030194,-0.03,-0.27,-2.1875,-1.125,57.8125,-2.468005e-8,0,0,8.128002,0,0,1000,-45,-16.01875
14.08.2026,23:24:41,101719,0,-0.049724,0.06,-0.27,-2.125,-2.625,57.5625,-2.910383e-8,0,0,8.128002,0,0,1000,-45,-16.01875
14.08.2026,23:24:41,101825,0,-0.138635,0.07,-0.33,-2.0625,-3.8125,57.375,-0.00157,0,0,8.128002,0,0,1000,-45,-16.70625
14.08.2026,23:24:41,101931,0,0.002416,0.15,-0.25,-1.9375,-3.0625,57.25,-7.392373e-9,0,0,8.128002,0,0,1000,-45,-17.39375
14.08.2026,23:24:41,102037,0,0.02209,0.18,-0.34,-1.625,-0.875,57.1875,4.48199e-9,0,0,8.128002,0,0,1000,-45,-18.39125
14.08.2026,23:24:41,102143,0,0.171919,0.4,-0.14,-1.25,0.875,57.3125,0.001536,0,0,8.128002,0,0,1000,-45,-20.44812
14.08.2026,23:24:41,102249,0.003068,0.180491,0.19,-0.18,-0.6875,2.125,57.6875,0.001607,0,0,8.128002,0,0,1000,-45,-23.46312
14.08.2026,23:24:41,102355,0.009205,0.229042,0.21,-0.29,-0.0625,2.375,58.4375,1.015142e-7,0,0,8.128002,0,0,1000,-45,-32.18562
14.08.2026,23:24:41,102462,0.015342,0.016838,0.15,-0.25,0.875,2.125,59.4375,-0.000063,0,0,8.128002,0,0,1000,-45,-37.30997
14.08.2026,23:24:41,102568,0.015342,0.02711,0.07,0.02,1.5,1.8125,59.9375,0.000042,0,0,8.128002,0,0,1000,-45,-39.66373
14.08.2026,23:24:41,102674,0.032729,-0.132393,-0.01,-0.04,1.75,0.3125,60.25,-7.566996e-8,0,0,8.128002,0,0,1000,-45,-37.40498
14.08.2026,23:24:41,102780,0.03682,-0.170708,-0.12,-0.13,1.6875,-2.3125,60.75,-9.336509e-8,0,0,8.128002,0,0,1000,-45,-35.07121
14.08.2026,23:24:41,102886,0.038866,-0.078738,-0.07,0.08,1.375,-4,61.5625,-0.000973,0,0,8.128002,0,0,1000,-45,-31.68308
14.08.2026,23:24:41,102992,0.032729,0.160978,0.14,0.13,0.9375,-3.625,63,6.193295e-8,0,0,8.128002,0,0,1000,-45,-33.33121
14.08.2026,23:24:41,103098,0.032729,0.089321,0.36,0.11,0.8125,-4.4375,64,5.564652e-8,0,0,8.128002,0,0,1000,-45,-31.58495
14.08.2026,23:24:41,103204,0.023524,-0.090512,0.26,-0.08,0.75,-5.5,64.8125,-0.001108,0,0,8.128002,0,0,1000,-45,-31.97872
14.08.2026,23:24:41,103310,0.019433,-0.04962,0.47,0.18,0.5,-4.4375,65.5,-0.000691,0,0,8.128002,0,0,1000,-45,-28.73122
14.08.2026,23:24:41,103416,0.005114,-0.018772,0.25,0.23,0.25,-2.5,66.75,-1.845183e-8,0,0,8.128002,0,0,1000,-45,-28.23438
14.08.2026,23:24:41,103522,0,0.061431,-0.32,0.16,-0.1875,-1.8125,67.625,0.000429,0,0,8.128002,0,0,1000,-45,-24.58125
14.08.2026,23:24:41,103628,0,0.001404,-0.48,-0.33,-0.75,-2.5,68.125,-0.000172,0,0,8.128002,0,0,1000,-45,-16.8
14.08.2026,23:24:41,103734,0,-0.008286,-0.08,-0.83,-1.4375,-3.0625,68.0625,-1.298031e-8,0,0,8.128002,0,0,1000,-45,-15.45625
14.08.2026,23:24:41,103840,0,0.310712,0.2,-1.11,-1.625,-2.5625,67.625,1.424924e-7,0,0,8.128002,0,0,1000,-45,-17.55
14.08.2026,23:24:41,103947,0,0.118402,0.04,-0.81,-1.3125,-2.6875,67,0.001271,0,0,8.128002,0,0,1000,-45,-23.6125
14.08.2026,23:24:41,104053,0,-0.13207,-0.45,-0.53,-1.25,-4.375,66.6875,-4.353933e-8,0,0,8.128002,0,0,1000,-45,-21.175
14.08.2026,23:24:41,104159,0,-0.20047,-0.57,-0.11,-1.6875,-5.25,66.4375,-1.103617e-7,0,0,8.128002,0,0,1000,-45,-19.45625
14.08.2026,23:24:41,104265,0,0.08979,-0.24,0.23,-2,-3.75,66.125,0.000694,0,0,8.128002,0,0,1000,-45,-17.05
14.08.2026,23:24:41,104371,0,-0.079595,0.13,0.09,-2.25,-2.75,65.875,-4.842877e-8,0,0,8.128002,0,0,1000,-45,-15.675
14.08.2026,23:24:41,104477,0.001023,0.180544,0.24,0.3,-2.125,-1,65.9375,4.470348e-8,0,0,8.128002,0,0,1000,-45,-15.97937
14.08.2026,23:24:41,104583,0.006137,0.079305,0.37,0.07,-1.75,-0.875,66.3125,0.000586,0,0,8.128002,0,0,1000,-45,-16.9831
14.08.2026,23:24:41,104689,0.001023,0.008862,0.23,0.09,-1.125,-1.1875,66.8125,-0.000123,0,0,8.128002,0,0,1000,-45,-20.65125
14.08.2026,23:24:41,104795,0.010228,-0.021046,0.12,0.27,-0.625,-0.9375,67.125,-2.05473e-8,0,0,8.128002,0,0,1000,-45,-27.20872
14.08.2026,23:24:41,104901,0.004091,-0.080661,0,0.16,-0.4375,-1.1875,67.3125,-0.001009,0,0,8.128002,0,0,1000,-45,-25.86876
14.08.2026,23:24:41,105007,0,0.050274,0.01,0.15,-0.75,-1.25,67.5625,-0.000095,0,0,8.128002,0,0,1000,-45,-19.69999
14.08.2026,23:24:41,105113,0,0.179681,-0.13,0.08,-1.5625,-1.125,67.875,7.776543e-8,0,0,8.128002,0,0,1000,-45,-10.08125
14.08.2026,23:24:41,105219,0,0.068071,-0.49,-0.03,-2.5625,-1.875,68.4375,2.252636e-8,0,0,8.128002,0,0,1000,-45,-4.581253
14.08.2026,23:24:41,105325,0,-0.03164,-0.59,-0.55,-3.6875,-4.25,69.4375,-0.000532,0,0,8.128002,0,0,1000,-45,-3.081253
14.08.2026,23:24:41,105432,0,0.237787,-0.35,-0.47,-4.375,-6.125,71.625,1.224689e-7,0,0,8.128002,0,0,1000,-45,-3.987503
14.08.2026,23:24:41,105538,0,0.145509,-0.05,-0.72,-3.6875,-7.875,73.5,7.147901e-8,0,0,8.128002,0,0,1000,-45,-6.050003
14.08.2026,23:24:41,105644,0,0.044438,0.07,-0.65,-2.4375,-9.1875,74.8125,0.000188,0,0,8.128002,0,0,1000,-45,-12.58125
14.08.2026,23:24:41,105750,0,-0.45532,-0.01,-0.26,-1.375,-10.5625,75.4375,-0.0048,0,0,8.128002,0,0,1000,-45,-31.425
14.08.2026,23:24:41,105856,0,-0.699971,-0.36,-0.07,-1,-12.9375,75.3125,-3.511086e-7,0,0,8.128002,0,0,1000,-45,-24.1125
14.08.2026,23:24:41,105962,0,-0.229397,0.05,0.11,-1.4375,-14.625,74.4375,-0.002388,0,0,8.128002,0,0,1000,-45,-14.58125
14.08.2026,23:24:41,106068,0,-0.047586,0.25,0.44,-2.0625,-13.5,73.8125,-0.000552,0,0,8.128002,0,0,1000,-45,-13.58125
14.08.2026,23:24:41,106174,0,-0.165864,0.15,0.12,-2.6875,-13.5625,73.375,-8.381903e-8,0,0,8.128002,0,0,1000,-45,-8.581253
14.08.2026,23:24:41,106280,0,0.214486,0.1,0.57,-3.4375,-12.875,73.3125,1.019798e-7,0,0,8.128002,0,0,1000,-45,-1.331253
14.08.2026,23:24:41,106386,0,0.122442,-0.39,0.54,-4,-13.4375,73.5,0.001147,0,0,8.128002,0,0,1000,-45,-6.050003
14.08.2026,23:24:41,106492,0,-0.15617,0.12,-0.21,-4.5,-16.625,73.9375,-1.084991e-7,0,0,8.128002,0,0,1000,-45,-3.643753
14.08.2026,23:24:41,106598,0,0.244423,0.27,0.15,-4.3125,-14.0625,74.4375,8.009374e-8,0,0,8.128002,0,0,1000,-45,-3.987503
14.08.2026,23:24:41,106704,0,0.261903,0.33,0.07,-3.75,-11.6875,74.8125,0.002533,0,0,8.128002,0,0,1000,-45,-12.1125
14.08.2026,23:24:41,106810,0,0.318967,0.37,-0.06,-2.875,-10.4375,75,0.003073,0,0,8.128002,0,0,1000,-45,-18.4875
14.08.2026,23:24:41,106917,0,0.046198,0.14,-0.39,-2.1875,-8,75.375,2.572779e-8,0,0,8.128002,0,0,1000,-45,-20.3625
14.08.2026,23:24:41,107023,0,0.006384,0.32,-0.64,-2.1875,-6.875,75.8125,-0.000072,0,0,8.128002,0,0,1000,-45,-16.3625
14.08.2026,23:24:41,107129,0,0.125937,0.3,-0.41,-2.375,-4.9375,76.375,0.001119,0,0,8.128002,0,0,1000,-45,-11.8625
14.08.2026,23:24:41,107235,0,0.105186,-0.1,-0.26,-3,-4,77,4.412141e-8,0,0,8.128002,0,0,1000,-45,-5.300003
14.08.2026,23:24:41,107341,0,0.034151,-0.44,0.04,-3.8125,-5.0625,77.8125,0.000183,0,0,8.128002,0,0,1000,-45,-0.831253
14.08.2026,23:24:41,107447,0,-0.055411,-0.5,0.13,-4.625,-8.1875,79,-0.000711,0,0,8.128002,0,0,1000,-45,-3.300003
14.08.2026,23:24:41,107553,0,-0.21402,-0.08,-0.25,-4.5,-11.1875,79.9375,-1.14087e-7,0,0,8.128002,0,0,1000,-45,-2.612503
14.08.2026,23:24:41,107659,0,-0.341179,0.02,-0.06,-4.0625,-11.75,81,-1.71829e-7,0,0,8.128002,0,0,1000,-45,-10.39375
14.08.2026,23:24:41,107765,0,-0.357653,0.06,0.06,-3.375,-11.25,82,-0.003646,0,0,8.128002,0,0,1000,-45,-9.487503
14.08.2026,23:24:41,107871,0,-0.39388,0.08,0.52,-2.5,-9.6875,82.9375,-1.937151e-7,0,0,8.128002,0,0,1000,-45,-14.3
14.08.2026,23:24:41,107977,0,-0.148726,-0.21,0.01,-1.5,-9.25,83.5625,-1.657754e-7,0,0,8.128002,0,0,1000,-45,-18.76875
14.08.2026,23:24:41,108083,0,0.421333,0.12,-0.56,-1.5,-7.875,83.875,0.004227,0,0,8.128002,0,0,1000,-45,-20.14375
14.08.2026,23:24:41,108189,0,0.537365,-0.15,-0.75,-2,-5.125,84.4375,0.005337,0,0,8.128002,0,0,1000,-45,-10.8
14.08.2026,23:24:41,108295,0,0.292388,0.17,-0.59,-2.4375,-2.1875,85.25,1.387671e-7,0,0,8.128002,0,0,1000,-45,-11.51875
14.08.2026,23:24:41,108402,0,0.000209,0.15,-0.23,-2,1.8125,86.375,-0.000096,0,0,8.128002,0,0,1000,-45,-19.14375
14.08.2026,23:24:41,108508,0,-0.089667,0.26,0.11,-0.9375,3.9375,86.75,-0.000993,0,0,8.128002,0,0,1000,-45,-33.83125
14.08.2026,23:24:41,108614,0,0.030721,0.36,0.06,0.375,4.3125,86.5625,1.047738e-8,0,0,8.128002,0,0,1000,-45,-39.4875
14.08.2026,23:24:41,108720,0,0.150239,0.46,0.12,1.5625,3.125,86.0625,6.868504e-8,0,0,8.128002,0,0,1000,-45,-45
14.08.2026,23:24:41,108826,0,0.068517,0.12,-0.23,2.5,1.3125,85.375,0.000569,0,0,8.128002,0,0,1000,-45,-41.8
14.08.2026,23:24:41,108932,0.003068,0.158533,0.25,-0.05,2.5625,1.375,84.5625,4.982576e-8,0,0,8.128002,0,0,1000,-45,-42.4875
14.08.2026,23:24:41,109038,0,0.256982,0.38,-0.1,2.6875,2.75,83.9375,1.243316e-7,0,0,8.128002,0,0,1000,-45,-42.55501
14.08.2026,23:24:41,109144,0,0.184901,0.27,-0.16,3.0625,3.8125,82.875,0.001695,0,0,8.128002,0,0,1000,-45,-45
14.08.2026,23:24:41,109250,0.006137,0.143326,0.29,-0.28,3.375,4.375,81.75,0.001264,0,0,8.128002,0,0,1000,-45,-45
14.08.2026,23:24:41,109356,0,0.002538,0.25,-0.18,3.75,4.5625,80.75,-7.305061e-9,0,0,8.128002,0,0,1000,-45,-45
14.08.2026,23:24:41,109462,0,0.002676,0.17,-0.13,4.3125,4.375,79.8125,-0.000146,0,0,8.128002,0,0,1000,-45,-45
14.08.2026,23:24:41,109568,0,0.052692,0.04,-0.12,4.625,4.1875,79.5,0.000354,0,0,8.128002,0,0,1000,-45,-45
14.08.2026,23:24:41,109674,0,0.132112,0.11,-0.06,4.875,4,79.5625,5.587935e-8,0,0,8.128002,0,0,1000,-45,-45
14.08.2026,23:24:41,109780,0,0.110978,0.04,-0.16,4.9375,3.3125,80.125,4.493631e-8,0,0,8.128002,0,0,1000,-45,-45
14.08.2026,23:24:41,109887,0,0.060533,-0.09,-0.23,4.6875,3.5625,81.5,-0.00009,0,0,8.128002,0,0,1000,-45,-45
14.08.2026,23:24:41,109993,0,0.070085,-0.04,-0.1,4.25,4.3125,82.9375,2.456363e-8,0,0,8.128002,0,0,1000,-45,-45
14.08.2026,23:24:41,110099,0,0.089617,-0.15,-0.26,3.6875,3.625,84.625,2.898742e-8,0,0,8.128002,0,0,1000,-45,-45
14.08.2026,23:24:41,110205,0,-0.020871,-0.2,-0.31,3.0625,2.5625,86.375,-0.000418,0,0,8.128002,0,0,1000,-45,-45
14.08.2026,23:24:41,110311,0,-0.209878,-0.25,-0.42,2.5,1.625,88.6875,-1.117587e-7,0,0,8.128002,0,0,1000,-45,-38.675
14.08.2026,23:24:41,110417,0,-0.16761,-0.18,-0.25,1.875,1.5625,91.5625,-7.124618e-8,0,0,8.128002,0,0,1000,-45,-34.3625
14.08.2026,23:24:41,110523,0,-0.066072,-0.31,-0.11,1.5,0.8125,93.5625,-0.000821,0,0,8.128002,0,0,1000,-45,-36.9875
14.08.2026,23:24:41,110629,0,0.073867,-0.24,0.02,1.5,-0.5625,95.25,0.000577,0,0,8.128002,0,0,1000,-45,-36.3
14.08.2026,23:24:41,110735,0,0.043568,-0.25,0,1.75,-3.125,96.8125,1.327135e-8,0,0,8.128002,0,0,1000,-45,-40.8
14.08.2026,23:24:41,110841,0,-0.065924,-0.42,-0.22,2.1875,-6,98.875,-0.000621,0,0,8.128002,0,0,1000,-45,-42.51875
14.08.2026,23:24:41,110947,0,0.004689,-0.38,-0.17,2.25,-5.8125,100.125,-0.000106,0,0,8.128002,0,0,1000,-45,-40.425
14.08.2026,23:24:41,111053,0,0.243897,-0.32,-0.05,2.125,-4.5625,101.5,1.11293e-7,0,0,8.128002,0,0,1000,-45,-38.175
14.08.2026,23:24:41,111159,0,0.081489,-0.29,-0.19,2,-5.5625,102.5,3.073364e-8,0,0,8.128002,0,0,1000,-45,-37.4875
14.08.2026,23:24:41,111265,0,-0.10806,-0.39,-0.25,2.25,-7.6875,103.25,-0.001259,0,0,8.128002,0,0,1000,-45,-41.9875
14.08.2026,23:24:41,111372,0,-0.00676,-0.28,0.04,2.25,-7,104.3125,-3.352761e-8,0,0,8.128002,0,0,1000,-45,-40.425
14.08.2026,23:24:41,111478,0,0.133304,-0.02,0.19,2.25,-4.625,104.875,2.514571e-8,0,0,8.128002,0,0,1000,-45,-40.425
14.08.2026,23:24:41,111584,0,0.600899,0.16,0.63,1.6875,0.625,105.375,0.005807,0,0,8.128002,0,0,1000,-45,-38.70625
14.08.2026,23:24:41,111690,0,0.315934,0,0.2,0.5,2.25,105.5625,0.002912,0,0,8.128002,0,0,1000,-45,-21.425
14.08.2026,23:24:41,111796,0,0.013856,-0.03,-0.53,-0.625,-1.3125,105.6875,-6.053597e-9,0,0,8.128002,0,0,1000,-45,-16.8
14.08.2026,23:24:41,111902,0,-0.184314,-0.04,-0.71,-1.625,-8.375,106.125,-0.002086,0,0,8.128002,0,0,1000,-45,-11.9875
14.08.2026,23:24:41,112008,0,0.117396,0.04,-0.15,-1.9375,-9.5,106.5625,0.000948,0,0,8.128002,0,0,1000,-45,-14.6125
14.08.2026,23:24:41,112114,0,0.365499,0.14,-0.13,-2.0625,-5.6875,106.8125,1.667067e-7,0,0,8.128002,0,0,1000,-45,-15.14375
14.08.2026,23:24:41,112220,0,0.302355,0.12,-0.46,-2.3125,1.375,106.8125,1.341105e-7,0,0,8.128002,0,0,1000,-45,-12.20625
14.08.2026,23:24:41,112326,0,0.090813,0.05,-0.59,-2.9375,8.6875,106.625,0.000615,0,0,8.128002,0,0,1000,-45,-5.643753
14.08.2026,23:24:41,112432,0,0.210627,-0.03,-0.07,-3.5625,11.0625,105.625,6.402843e-8,0,0,8.128002,0,0,1000,-45,-9.143753
14.08.2026,23:24:41,112538,0,0.49823,0.38,0.48,-3.8125,8.9375,104.5625,1.839362e-7,0,0,8.128002,0,0,1000,-45,-7.425003
14.08.2026,23:24:41,112644,0,0.343822,0.29,0.02,-3.75,7.1875,103.5,0.00307,0,0,8.128002,0,0,1000,-45,-7.425003
14.08.2026,23:24:41,112750,0,0.400191,0.43,0.38,-3.5,7.0625,102.375,0.003596,0,0,8.128002,0,0,1000,-45,-11.925
14.08.2026,23:24:41,112857,0,-0.262496,-0.1,-0.46,-2.8125,4.4375,101.5625,-6.61239e-8,0,0,8.128002,0,0,1000,-45,-15.3625
14.08.2026,23:24:41,112963,0,-0.778382,0.15,-1.05,-2.1875,-0.0625,101,-0.008168,0,0,8.128002,0,0,1000,-45,-21.2375
14.08.2026,23:24:41,113069,0,-0.520838,0.17,-0.89,-1.875,-1.5,100.375,-0.005517,0,0,8.128002,0,0,1000,-45,-17.39375
14.08.2026,23:24:41,113175,0,0.261141,0.07,0.06,-2.1875,3.1875,100.9375,1.136214e-7,0,0,8.128002,0,0,1000,-45,-11.33125
14.08.2026,23:24:41,113281,0,0.279853,-0.13,0.2,-2.375,3.0625,101.3125,0.002488,0,0,8.128002,0,0,1000,-45,-13.425
14.08.2026,23:24:41,113387,0,0.196514,-0.02,0.73,-2.5625,-0.75,102.5,0.001639,0,0,8.128002,0,0,1000,-45,-12.7375
14.08.2026,23:24:41,113493,0,-0.41298,0.04,-0.64,-2.75,-5,104.4375,-1.955777e-7,0,0,8.128002,0,0,1000,-45,-12.925
14.08.2026,23:24:41,113599,0,-0.39727,0.08,-0.87,-2.5625,-5.5625,106.875,-2.644956e-7,0,0,8.128002,0,0,1000,-45,-13.6125
14.08.2026,23:24:41,113705,0,0.202778,-0.02,0.32,-2.25,-4.4375,108.9375,0.001752,0,0,8.128002,0,0,1000,-45,-20.3625
14.08.2026,23:24:41,113811,0,0.340827,0.15,0.61,-2,-6.125,110.5625,1.518056e-7,0,0,8.128002,0,0,1000,-45,-17.05
14.08.2026,23:24:41,113917,0,-0.191864,0.18,-0.35,-2.3125,-10.4375,113.375,-9.220093e-8,0,0,8.128002,0,0,1000,-45,-16.3625
14.08.2026,23:24:41,114023,0,-0.698225,0.01,-1.65,-2.625,-11.25,115.5,-0.007249,0,0,8.128002,0,0,1000,-45,-13.6125
14.08.2026,23:24:41,114129,0,0.164169,-0.11,0.54,-2.25,-8.1875,116.125,0.001376,0,0,8.128002,0,0,1000,-45,-14.3
14.08.2026,23:24:41,114235,0,-0.145062,-0.09,0.41,-1.3125,-7.875,115.5625,-8.288771e-8,0,0,8.128002,0,0,1000,-45,-27.08125
14.08.2026,23:24:41,114342,0,-0.123894,0.17,1.34,-1.4375,-8.5,114.875,-0.001478,0,0,8.128002,0,0,1000,-45,-18.39375
14.08.2026,23:24:41,114448,0,-0.601054,-0.19,0.64,-3.0625,-11.125,114.5,-0.006221,0,0,8.128002,0,0,1000,-45,-4.737503
14.08.2026,23:24:41,114554,0,-0.695327,-0.57,0.25,-4.4375,-12.9375,114.0625,-3.473833e-7,0,0,8.128002,0,0,1000,-45,5.731247
14.08.2026,23:24:41,114660,0,0.129987,-0.01,1.28,-4.75,-13.3125,113.9375,5.867332e-8,0,0,8.128002,0,0,1000,-45,-3.487503
14.08.2026,23:24:41,114766,0,-0.119616,0.47,1.12,-4.25,-14.375,114.0625,-0.00129,0,0,8.128002,0,0,1000,-45,-9.362503
14.08.2026,23:24:41,114872,0,0.161428,0.12,1.13,-4.3125,-15.125,114.5,1.089647e-7,0,0,8.128002,0,0,1000,-45,-5.018753
14.08.2026,23:24:41,114978,0,-0.030169,0.07,0.87,-4.75,-15.625,114.6875,5.611219e-8,0,0,8.128002,0,0,1000,-45,-2.956253
14.08.2026,23:24:41,115084,0,-0.040652,0.19,0.88,-4.75,-14.8125,115.125,-0.000512,0,0,8.128002,0,0,1000,-45,-1.581253
14.08.2026,23:24:41,115190,0,-0.22836,0.38,1.38,-4.4375,-13.125,115.4375,-0.002361,0,0,8.128002,0,0,1000,-45,-6.768753
14.08.2026,23:24:41,115296,0,-0.311441,0.66,0.48,-3.25,-11.875,114.5625,-3.306195e-7,0,0,8.128002,0,0,1000,-45,-17.4875
14.08.2026,23:24:41,115402,0,0.758484,0.35,-1.47,-3,-9.1875,112.75,0.00757,0,0,8.128002,0,0,1000,-45,-13.1125
14.08.2026,23:24:41,115508,0,0.340209,-0.14,-3.75,-2.9375,-11.875,111.25,0.003304,0,0,8.128002,0,0,1000,-45,-13.1125
14.08.2026,23:24:41,115614,0,0.358279,0.16,-4.01,-2.3125,-11.625,110.9375,1.69035e-7,0,0,8.128002,0,0,1000,-45,-21.58125
14.08.2026,23:24:41,115720,0,1.511494,0.01,-1.46,-1.75,-6.75,111.5625,3.72529e-9,0,0,8.128002,0,0,1000,-45,-21.55
14.08.2026,23:24:41,115827,0,-0.057583,-0.39,-0.74,-0.6875,-7.1875,112.25,-0.000553,0,0,8.128002,0,0,1000,-45,-30.70625
14.08.2026,23:24:41,115933,0,-0.278463,-0.11,-0.71,-0.125,-8.9375,113.6875,2.369052e-8,0,0,8.128002,0,0,1000,-45,-26.675
14.08.2026,23:24:41,116039,0,-1.68707,-0.11,-1.07,-0.3125,-10.8125,116,-1.862645e-9,0,0,8.128002,0,0,1000,-45,-27.3625
14.08.2026,23:24:41,116145,0,0.492385,0,0.16,-0.875,-7.0625,118.1875,0.004746,0,0,8.128002,0,0,1000,-45,-23.58125
14.08.2026,23:24:41,116251,0,-0.440396,-0.22,-0.03,-0.375,-9.5625,119.5,-2.244487e-7,0,0,8.128002,0,0,1000,-45,-25.9875
14.08.2026,23:24:41,116357,0,1.050321,-0.51,0,0.125,-10.3125,121.6875,3.101304e-7,0,0,8.128002,0,0,1000,-45,-28.05
14.08.2026,23:24:41,116463,0,1.188174,-0.21,0.11,-0.0625,-11.8125,124,0.011563,0,0,8.128002,0,0,1000,-45,-29.08125
14.08.2026,23:24:41,116569,0,0.955575,0,-0.19,-1.0625,-13.75,127.875,0.009111,0,0,8.128002,0,0,1000,-45,-24.26875
14.08.2026,23:24:41,116675,0,0.775595,-0.01,-0.1,-2.8125,-15.75,133.1875,3.520399e-7,0,0,8.128002,0,0,1000,-45,1.481247
14.08.2026,23:24:41,116781,0,0.69074,0.23,-0.58,-4.3125,-15,140.0625,0.006292,0,0,8.128002,0,0,1000,-45,6.606247
14.08.2026,23:24:41,116887,0,-0.441773,0.27,-0.37,-4.1875,-13.375,150.625,-0.001541,0,0,8.128002,0,0,1000,-45,-4.862503
14.08.2026,23:24:41,116993,0,-0.308884,0.25,-0.18,-3.125,-12,159.25,-1.797453e-7,0,0,8.128002,0,0,1000,-18.625,-21.8
14.08.2026,23:24:41,117099,0,-0.225176,0.19,-1.09,-2.5,-11.125,167.25,-1.369044e-7,0,0,8.128002,0,0,1000,-4.5,-17.425
14.08.2026,23:24:41,117205,0,0.594465,0.07,0.57,-2.25,-8.3125,176.875,0.005379,0,0,8.128002,0,0,1000,7.875,-17.2375
14.08.2026,23:24:41,117312,0,-0.119517,0.81,-0.43,-2.6875,-8.3125,190.4375,-3.853347e-8,0,0,8.128002,0,0,1000,28.625,-14.64375
14.08.2026,23:24:41,117418,0,-0.094763,0.49,-0.13,-3.375,-9.3125,200.75,-1.783483e-7,0,0,8.128002,0,0,1000,45,-10.51875
14.08.2026,23:24:41,117524,0,-0.720033,0.43,-0.03,-3.25,-9.1875,209.9375,-0.007684,0,0,8.128002,0,0,1000,45,-8.800003
14.08.2026,23:24:41,117630,0,-0.353297,0.33,0.43,-2,-7.75,216.875,-0.003955,0,0,8.128002,0,0,1000,45,-29.55
14.08.2026,23:24:41,117736,0,-0.768668,0.3,0.11,-0.875,-8.125,223.1875,-3.930181e-7,0,0,8.128002,0,0,1000,45,-29.4875
14.08.2026,23:24:41,117842,0,-0.567337,0.17,0.2,0,-8.4375,229.4375,-0.005947,0,0,8.128002,0,0,1000,45,-31.70625
14.08.2026,23:24:41,117948,0,-0.571307,0.31,0.15,0.3125,-7.9375,232.875,-0.005926,0,0,8.128002,0,0,1000,45,-31.33125
14.08.2026,23:24:41,118054,0,-0.725019,0.63,0.19,0,-8.625,235.375,-3.613532e-7,0,0,8.128002,0,0,1000,45,-26.4875
14.08.2026,23:24:41,118160,0,-0.767544,0.66,-0.86,-0.9375,-8.6875,237.25,-3.78117e-7,0,0,8.128002,0,0,1000,45,-11.95625
14.08.2026,23:24:41,118266,0,-1.067645,0.37,-0.35,-2.125,-9.0625,239.5,-0.009873,0,0,8.128002,0,0,1000,45,-19.1125
14.08.2026,23:24:41,118372,0,-0.548996,0.54,0.61,-3.5,-8.75,241.25,-2.682209e-7,0,0,8.128002,0,0,1000,45,-11.55
14.08.2026,23:24:41,118478,0,-0.465332,0.38,0.02,-4.875,-9.8125,243.25,-1.736917e-7,0,0,8.128002,0,0,1000,45,-2.956253
14.08.2026,23:24:41,118584,0,-0.362421,0.19,-0.7,-5.125,-11.625,244.0625,-0.003442,0,0,8.128002,0,0,1000,45,-2.987503
14.08.2026,23:24:41,118690,0,0.28842,0.2,-0.73,-4.125,-11.75,243.125,0.003064,0,0,8.128002,0,0,1000,45,-17.8625
14.08.2026,23:24:41,118797,0,0.183895,0.18,-2.72,-2.4375,-11.625,239.25,1.220033e-7,0,0,8.128002,0,0,1000,45,-23.175
14.08.2026,23:24:41,118903,0,0.172183,0.24,-1.85,-2.1875,-12.4375,234.8125,0.001844,0,0,8.128002,0,0,1000,45,-19.4875
14.08.2026,23:24:41,119009,0,-0.129416,0.01,-0.42,-3.0625,-14.125,229.875,-0.001188,0,0,8.128002,0,0,1000,45,-5.456253
14.08.2026,23:24:41,119115,0,-0.070197,0.07,2.75,-4.8125,-16.8125,224.0625,-2.945308e-8,0,0,8.128002,0,0,1000,45,12.48125
14.08.2026,23:24:41,119221,0,1.175626,0.85,3.69,-6.125,-16.6875,218.5,0.011889,0,0,8.128002,0,0,1000,45,11.8875
14.08.2026,23:24:41,119327,0,0.862849,1.27,0.44,-6.125,-13.625,213.4375,0.01673,0,0,8.128002,0,0,1000,45,5.637497
14.08.2026,23:24:41,119433,0,0.046784,0.85,-1.13,-6.4375,-12.9375,211.125,4.342292e-8,0,0,8.128002,0,0,1000,45,6.668747
14.08.2026,23:24:41,119539,0,-0.113355,0.46,-0.55,-6.4375,-10.75,209.5625,-6.193295e-8,0,0,8.128002,0,0,1000,45,7.356247
14.08.2026,23:24:41,119645,0,0.587336,0.77,1.72,-6.5,-9.25,208.4375,0.005736,0,0,8.128002,0,0,1000,45,9.262497
14.08.2026,23:24:41,119751,0,0.461576,0.48,1.84,-6.875,-9.5,207.8125,2.160668e-7,0,0,8.128002,0,0,1000,45,9.762497
14.08.2026,23:24:41,119857,0,0.326392,0.27,0,-6.875,-10.3125,206.375,1.289882e-7,0,0,8.128002,0,0,1000,45,10.10625
14.08.2026,23:24:41,119963,0,0.482699,0.33,-0.13,-6.4375,-9.9375,205.125,0.004543,0,0,8.128002,0,0,1000,45,8.387497
14.08.2026,23:24:41,120069,0,0.567882,0.24,-0.16,-6.0625,-9.5,203.6875,0.005348,0,0,8.128002,0,0,1000,45,5.637497
14.08.2026,23:24:41,120175,0,0.462825,0.21,0.03,-6.125,-9.9375,202.1875,2.076849e-7,0,0,8.128002,0,0,1000,45,7.199997
14.08.2026,23:24:41,120282,0,0.637965,0.29,-0.71,-6.0625,-9.5625,199.375,0.005959,0,0,8.128002,0,0,1000,45,5.637497
14.08.2026,23:24:41,120388,0,0.573068,0.14,-0.58,-5.1875,-7.9375,197.75,0.005262,0,0,8.128002,0,0,1000,45,-5.268753
14.08.2026,23:24:41,120494,0,0.878536,0.34,-0.37,-3.75,-6,196.8125,4.04194e-7,0,0,8.128002,0,0,1000,45,-19.925
14.08.2026,23:24:41,120600,0,0.602512,0.42,0.2,-2.125,-4.125,196.1875,2.663583e-7,0,0,8.128002,0,0,1000,45,-27.3
14.08.2026,23:24:41,120706,0,-0.559397,0.46,0.69,-1.5,-3.375,195.8125,-0.006176,0,0,8.128002,0,0,1000,45,-21.3625
14.08.2026,23:24:41,120812,0,-0.779508,0.44,0.11,-2.6875,-2.5625,193.75,-4.451722e-7,0,0,8.128002,0,0,1000,43.5,-16.01875
14.08.2026,23:24:41,120918,0,-0.212925,0.18,-0.35,-3.8125,-1.875,191.5,-1.764856e-7,0,0,8.128002,0,0,1000,38.5,-8.112503
14.08.2026,23:24:41,121024,0,-0.320099,0.42,0.12,-3.3125,-0.875,189.625,-0.003595,0,0,8.128002,0,0,1000,34.375,-19.20625
14.08.2026,23:24:41,121130,0,-0.675079,0.66,0.57,-2.1875,1.0625,187.875,-0.007086,0,0,8.128002,0,0,1000,28.46875,-22.26875
14.08.2026,23:24:41,121236,0,-0.249558,0.39,0.61,-2.5625,2.625,185.1875,-1.359731e-7,0,0,8.128002,0,0,1000,21.53125,-6.143753
14.08.2026,23:24:41,121342,0,-0.267562,-0.17,-0.46,-5.5,2.25,180.9375,-0.002951,0,0,8.128002,0,0,1000,16.25,15.45
14.08.2026,23:24:41,121448,0,-0.084546,0.37,-0.22,-7.125,2.75,178,-0.001091,0,0,8.128002,0,0,1000,7.3125,22.075
14.08.2026,23:24:41,121554,0,-0.074318,0.25,-0.08,-7.4375,4.5,175.8125,-4.819594e-8,0,0,8.128002,0,0,1000,4.03125,12.85625
14.08.2026,23:24:41,121660,0,-0.153748,0.29,-0.25,-7,5.8125,173.875,-8.6613e-8,0,0,8.128002,0,0,1000,0.46875,5.762497
14.08.2026,23:24:41,121767,0,-0.391599,0,-0.26,-5.8125,5.5625,171.625,-0.002337,0,0,8.128002,0,0,1000,-1.625,5.637497
14.08.2026,23:24:41,121873,0,-0.985314,-0.3,-0.99,-4.5,2.5625,169.3125,-4.731119e-7,0,0,8.128002,0,0,1000,-5.625,-0.550003
14.08.2026,23:24:41,121979,0,-0.655454,-0.1,-0.21,-2.8125,1.3125,165.9375,-3.837049e-7,0,0,8.128002,0,0,1000,-11.125,-8.800003
14.08.2026,23:24:41,122085,0,-0.399932,-0.35,0.43,-1.875,3.75,162.125,-0.00399,0,0,8.128002,0,0,1000,-18.875,-20.8625
14.08.2026,23:24:41,122191,0,-0.078236,-0.68,-0.15,-1.9375,5.6875,157.25,-3.736932e-8,0,0,8.128002,0,0,1000,-35.125,-14.26875
14.08.2026,23:24:41,122297,0,-0.509279,-0.24,-1.07,-2.75,2.625,151.125,3.026798e-8,0,0,8.128002,0,0,1000,-44.4375,-5.800003
14.08.2026,23:24:41,122403,0,-1.149504,0.36,-0.4,-2.875,-0.125,146.6875,-0.01139,0,0,8.128002,0,0,1000,-45,-12.58125
14.08.2026,23:24:41,122509,0,-0.233361,0.44,0.18,-2.875,1.125,141.125,-0.002167,0,0,8.128002,0,0,1000,-45,-13.8
14.08.2026,23:24:41,122615,0,-0.232007,0.47,-0.42,-2.5,0.1875,134.4375,-1.043081e-7,0,0,8.128002,0,0,1000,-45,-18.9875
14.08.2026,23:24:41,122721,0,-0.746351,0.55,-0.21,-1.4375,-0.9375,124.9375,-0.00585,0,0,8.128002,0,0,1000,-45,-22.425
14.08.2026,23:24:41,122827,0,-0.440544,0.73,0.09,-0.75,-0.125,118,-0.004111,0,0,8.128002,0,0,1000,-45,-25.4875
14.08.2026,23:24:41,122933,0,-0.267514,0.89,0.1,-0.6875,0.875,109.8125,-1.145527e-7,0,0,8.128002,0,0,1000,-45,-21.14375
14.08.2026,23:24:41,123039,0,-0.274973,0.9,0.09,-1,0.875,101.0625,-1.173466e-7,0,0,8.128002,0,0,1000,-45,-17.8625
14.08.2026,23:24:41,123145,0,-0.521127,0.7,-0.55,-2.1875,0.125,91.625,-0.004813,0,0,8.128002,0,0,1000,-45,-16.01875
14.08.2026,23:24:41,123252,0,-0.496184,0.6,-0.42,-3.3125,-0.375,79.375,-1.99303e-7,0,0,8.128002,0,0,1000,-45,-11.55
14.08.2026,23:24:41,123358,0,-0.261634,0.44,0.54,-3.875,-1.3125,70.25,-1.676381e-7,0,0,8.128002,0,0,1000,-45,-8.112503
14.08.2026,23:24:41,123464,0,-0.05934,0.2,-0.37,-4.5,-2.125,62.3125,-0.000084,0,0,8.128002,0,0,1000,-45,-0.175003
14.08.2026,23:24:41,123570,0,0.499528,-0.22,0.27,-4.875,-1.5,54.375,0.005481,0,0,8.128002,0,0,1000,-45,1.887497
14.08.2026,23:24:41,123676,0,0.493622,-0.4,-0.43,-5.125,-2.8125,47.5,2.617016e-7,0,0,8.128002,0,0,1000,-45,0.137497
14.08.2026,23:24:41,123782,0,0.695544,-0.43,0.14,-5.25,-2.5,40.9375,0.007311,0,0,8.128002,0,0,1000,-45,4.293747
14.08.2026,23:24:41,123888,0,0.997064,-0.22,0.83,-5.25,-2.4375,37.375,0.010241,0,0,8.128002,0,0,1000,-45,0.824997
14.08.2026,23:24:41,123994,0,0.308788,0,0.4,-5.75,-3.3125,35.125,1.597218e-7,0,0,8.128002,0,0,1000,-45,9.824997
14.08.2026,23:24:41,124100,0,-0.291725,0.44,0.22,-6.875,-2.125,33.625,-1.336448e-7,0,0,8.128002,0,0,1000,-45,19.1375
14.08.2026,23:24:41,124206,0,-0.180157,0.55,-0.18,-7.5,-0.375,32.0625,-0.0016,0,0,8.128002,0,0,1000,-45,13.2
14.08.2026,23:24:41,124312,0,-0.026717,0.54,-0.3,-6.9375,0.3125,30.25,-3.597233e-8,0,0,8.128002,0,0,1000,-45,11.825
14.08.2026,23:24:41,124418,0,0.253136,0.56,-0.41,-4.625,0.5625,28.9375,8.125789e-8,0,0,8.128002,0,0,1000,-45,2.543747
14.08.2026,23:24:41,124524,0,0.728819,0.66,0.37,-1.875,0.75,27.1875,0.007462,0,0,8.128002,0,0,1000,-45,-11.89375
14.08.2026,23:24:41,124630,0,0.44166,0.53,0.19,0.5,0.75,25.1875,0.004522,0,0,8.128002,0,0,1000,-45,-45
14.08.2026,23:24:41,124737,0,0.111652,0.22,0.98,2.6875,3.1875,21.3125,-7.21775e-8,0,0,8.128002,0,0,1000,-45,-45
14.08.2026,23:24:41,124843,0,-0.009554,-0.35,-0.4,3.375,0.75,17.8125,0.000009050406,0,0,8.128002,0,0,1000,-45,-45
14.08.2026,23:24:41,124949,0,0.020258,-0.68,-0.5,3.5,-3,14.1875,0.000305,0,0,8.128002,0,0,1000,-45,-45
14.08.2026,23:24:41,125055,0,-0.250144,-0.66,-1.43,3.25,-5.6875,11.875,-1.173466e-7,0,0,8.128002,0,0,1000,-45,-44.3625
14.08.2026,23:24:41,125161,0,0.232771,-0.2,-0.24,3.375,-4,11.0625,0.002451,0,0,8.128002,0,0,1000,-45,-45
14.08.2026,23:24:41,125267,0,-0.033589,-0.18,-0.11,3.75,-3.5,10.6875,0.00094,0,0,8.128002,0,0,1000,-45,-45
14.08.2026,23:24:41,125373,0,-0.381765,0.52,0.76,3.9375,-2.3125,11,-1.657754e-7,0,0,8.128002,0,0,1000,-45,-45
14.08.2026,23:24:41,125479,0,-0.60756,0.56,0.14,4.25,-1.375,11.25,-2.57045e-7,0,0,8.128002,0,0,1000,-45,-45
14.08.2026,23:24:41,125585,0,-0.601404,0.19,-0.69,3.8125,-0.6875,10.5,-0.005816,0,0,8.128002,0,0,1000,-45,-45
14.08.2026,23:24:41,125691,0,-0.13664,0.13,-1.28,2.625,0.5,9.25,-5.518086e-8,0,0,8.128002,0,0,1000,-45,-42.4875
14.08.2026,23:24:41,125797,0,-0.363137,0.09,-0.32,0.125,2.4375,8.1875,-2.086163e-7,0,0,8.128002,0,0,1000,-45,-32.8625
14.08.2026,23:24:41,125903,0,0.287687,-0.35,0.98,-0.4375,3.1875,7.3125,0.003147,0,0,8.128002,0,0,1000,-45,-25.64375
14.08.2026,23:24:41,126009,0,-0.463867,-0.51,-0.06,1.1875,-0.375,6.4375,-0.004372,0,0,8.128002,0,0,1000,-45,-30.8
14.08.2026,23:24:41,126115,0,-0.01995,-0.25,-0.46,3.8125,0.4375,6,5.034963e-9,0,0,8.128002,0,0,1000,-45,-45
14.08.2026,23:24:41,126222,0,-0.211669,-0.15,-0.79,6.125,0.625,5.5625,0.001273,0,0,8.128002,0,0,1000,-45,-45
14.08.2026,23:24:41,126328,0,-0.128841,0.11,0.45,5.5625,0,5.25,-0.000977,0,0,8.128002,0,0,1000,-45,-45
14.08.2026,23:24:41,126434,0,-0.307573,1.08,0.76,2.375,-0.0625,5.25,-1.341105e-7,0,0,8.128002,0,0,1000,-45,-3.612503
14.08.2026,23:24:41,126540,0,-0.713438,1.17,-0.5,-1.625,-0.3125,5.25,-3.306195e-7,0,0,8.128002,0,0,1000,-45,18.3875
14.08.2026,23:24:41,126646,0,0.021385,0.67,-1.18,-5.875,1,5.1875,0.000626,0,0,8.128002,0,0,1000,-45,32.3875
14.08.2026,23:24:41,126752,0,-0.050899,0.72,-0.85,-8,2.625,5.5,4.563481e-8,0,0,8.128002,0,0,1000,-45,15.2625
14.08.2026,23:24:41,126858,0,0.09889,0.53,-0.68,-7.75,3.0625,5.8125,5.029142e-8,0,0,8.128002,0,0,1000,-45,14.91875
14.08.2026,23:24:41,126964,0,0.198588,0.35,1.01,-7.25,5.25,6.375,0.002369,0,0,8.128002,0,0,1000,-45,13.54375
14.08.2026,23:24:41,127070,0,-0.282551,-0.55,0.49,-5.5625,5.0625,7.0625,-0.002448,0,0,8.128002,0,0,1000,-45,-14.64375
14.08.2026,23:24:41,127176,0,0.002861,-0.19,0.05,-2,4.25,8,-1.103617e-7,0,0,8.128002,0,0,1000,-45,-32.89375
14.08.2026,23:24:41,127282,0,0.191261,-0.3,-1.38,-1.1875,3.75,8.5,0.002325,0,0,8.128002,0,0,1000,-45,-26.7375
14.08.2026,23:24:41,127388,0,-0.199822,-0.43,-0.95,-0.875,1.5,9.3125,-0.001596,0,0,8.128002,0,0,1000,-45,-26.01875
14.08.2026,23:24:41,127494,0,0.369423,-0.26,1.06,-0.8125,4.6875,10,1.99303e-7,0,0,8.128002,0,0,1000,-45,-23.58125
14.08.2026,23:24:41,127600,0,0.314431,-0.09,1.33,-1.25,6.625,9.8125,1.70432e-7,0,0,8.128002,0,0,1000,-45,-13.3625
14.08.2026,23:24:41,127707,0,-0.315847,0.73,0.4,-2.875,6.5,7.75,-0.002923,0,0,8.128002,0,0,1000,-45,-7.862503
14.08.2026,23:24:41,127813,0,0.02634,0.43,-0.42,-4.125,5.75,5.3125,-6.053597e-9,0,0,8.128002,0,0,1000,-45,-7.425003
14.08.2026,23:24:41,127919,0,-0.203935,0.28,-1.07,-5.25,4.75,2.5,-4.540198e-8,0,0,8.128002,0,0,1000,-45,-0.893753
14.08.2026,23:24:41,128025,0,-0.062955,0.34,-0.76,-6.4375,5.1875,0.125,-0.000258,0,0,8.128002,0,0,1000,-45,5.637497
14.08.2026,23:24:41,128131,0,-0.042309,-0.16,0.07,-7.625,4.8125,358.125,-4.447138e-7,0,0,8.128002,0,0,1000,-45,24.825
14.08.2026,23:24:41,128237,0,-0.51819,-0.88,-0.83,-8.1875,5,356.1875,-2.682209e-7,0,0,8.128002,0,0,1000,-45,16.98125
14.08.2026,23:24:41,128343,0,-0.235236,-0.75,-0.91,-7.8125,6.1875,355.6875,-0.001905,0,0,8.128002,0,0,1000,-45,14.91875
14.08.2026,23:24:41,128449,0,0.036216,-0.28,-0.97,-8,6.6875,356,0.000824,0,0,8.128002,0,0,1000,-45,16.6375
14.08.2026,23:24:41,128555,0,0.354663,-0.28,-0.68,-7.8125,7.375,356.75,1.946464e-7,0,0,8.128002,0,0,1000,-45,13.35625
14.08.2026,23:24:41,128661,0,-0.087755,-0.47,-0.07,-8.25,8.0625,358,-0.000454,0,0,8.128002,0,0,1000,-45,22.0125
14.08.2026,23:24:41,128767,0,-0.587407,0.41,0.58,-9.125,8.75,359.875,-0.002956,0,0,8.128002,0,0,1000,-45,29.2625
14.08.2026,23:24:41,128873,0,0.055987,0.58,0.25,-9.375,10,0.75,4.982576e-8,0,0,8.128002,0,0,1000,-45,23.5125
14.08.2026,23:24:41,128979,0,-0.542751,0.4,-1.15,-8.8125,8.8125,0.8125,-2.421439e-7,0,0,8.128002,0,0,1000,-45,15.73125
14.08.2026,23:24:41,129085,0,-0.100196,0.42,-0.78,-8.4375,9.375,0.5,-0.000503,0,0,8.128002,0,0,1000,-45,16.79375
14.08.2026,23:24:41,129192,0,0.219832,0.37,0.07,-8.5,9.625,359.6875,1.220033e-7,0,0,8.128002,0,0,1000,-45,18.35625
14.08.2026,23:24:41,129298,0,-0.022027,0.03,1.2,-8.875,9.875,358.75,5.326001e-9,0,0,8.128002,0,0,1000,-45,20.075
14.08.2026,23:24:41,129404,0,0.057397,-0.16,0.7,-9,10.625,357.4375,0.001046,0,0,8.128002,0,0,1000,-45,21.45
14.08.2026,23:24:41,129510,0,0.126067,0,-0.52,-8.6875,9.3125,355.875,0.001717,0,0,8.128002,0,0,1000,-45,15.04375
14.08.2026,23:24:41,129616,0,-0.084354,-0.04,-1.49,-8.4375,7.8125,354.6875,-1.880107e-8,0,0,8.128002,0,0,1000,-45,16.79375
14.08.2026,23:24:41,129722,0,-0.06499,-0.37,-0.5,-8.625,6.25,354.25,-0.0002,0,0,8.128002,0,0,1000,-45,20.2625
14.08.2026,23:24:41,129828,0,-0.044662,0.16,0.56,-9,5.3125,354.8125,0.000006741658,0,0,8.128002,0,0,1000,-45,24.23125
14.08.2026,23:24:41,129934,0,0.024794,0.58,1.36,-9.3125,4.5625,355.5,3.399327e-8,0,0,8.128002,0,0,1000,-45,26.29375
14.08.2026,23:24:41,130040,0,-0.264732,1.03,-0.34,-9.875,3.9375,355.625,-1.071021e-7,0,0,8.128002,0,0,1000,-45,32.5125
14.08.2026,23:24:41,130146,0,0.016728,0.91,-0.97,-10,2.875,355.3125,0.000633,0,0,8.128002,0,0,1000,-45,25.3875
14.08.2026,23:24:41,130252,0,0.206191,0.63,-0.9,-9.0625,3,355.375,1.015142e-7,0,0,8.128002,0,0,1000,-45,23.5125
14.08.2026,23:24:41,130358,0,0.133836,0.52,-0.11,-8.875,3.625,355.6875,9.639189e-8,0,0,8.128002,0,0,1000,-45,20.7625
14.08.2026,23:24:41,130464,0,0.172153,0.3,1.27,-8.75,3.75,355.8125,0.002139,0,0,8.128002,0,0,1000,-45,20.41875
14.08.2026,23:24:41,130570,0,-0.287741,-0.27,0.13,-8.25,3.75,355.6875,-0.00245,0,0,8.128002,0,0,1000,-45,11.075
14.08.2026,23:24:41,130677,0,0.052574,-0.21,-0.73,-7.125,3.25,355.375,1.005828e-7,0,0,8.128002,0,0,1000,-45,2.793747
14.08.2026,23:24:41,130783,0,-0.107473,-0.07,-1.53,-6.6875,2.4375,355.5,-0.00065,0,0,8.128002,0,0,1000,-45,9.762497
14.08.2026,23:24:41,130889,0,0.10144,-0.33,-0.29,-6.375,2.625,355.8125,0.001429,0,0,8.128002,0,0,1000,-45,7.356247
14.08.2026,23:24:41,130995,0,0.250471,-0.32,1.26,-6.3125,2.8125,356.4375,1.420267e-7,0,0,8.128002,0,0,1000,-45,8.231247
14.08.2026,23:24:41,131101,0,-0.132454,0.22,0.97,-6.625,3.3125,356.875,-0.000947,0,0,8.128002,0,0,1000,-45,9.949997
14.08.2026,23:24:41,131207,0,-0.348646,0.56,-0.51,-6.9375,3.5625,356.375,-0.003889,0,0,8.128002,0,0,1000,-45,10.98125
14.08.2026,23:24:41,131313,0,0.102779,0.15,-0.77,-6.6875,1.8125,355.4375,5.634502e-8,0,0,8.128002,0,0,1000,-45,8.731247
14.08.2026,23:24:41,131419,0,0.071065,0.33,-1,-6.75,1.4375,354.75,5.47152e-8,0,0,8.128002,0,0,1000,-45,10.6375
14.08.2026,23:24:41,131525,0,0.03064,0.41,0.19,-6.9375,1.375,354.0625,0.000711,0,0,8.128002,0,0,1000,-45,13.23125
14.08.2026,23:24:41,131631,0,-0.300187,-0.07,1.88,-7.375,0.4375,352.875,-1.266599e-7,0,0,8.128002,0,0,1000,-45,12.5125
14.08.2026,23:24:41,131737,0,-0.26768,-0.36,-0.16,-7.3125,1.4375,350.6875,-4.190952e-8,0,0,8.128002,0,0,1000,-45,12.85625
14.08.2026,23:24:41,131843,0,-0.195471,-0.33,-1.13,-7,0.8125,349.1875,-0.001506,0,0,8.128002,0,0,1000,-45,10.79375
14.08.2026,23:24:41,131949,0,0.045737,-0.16,-1.49,-6.8125,1.3125,348.5,0.000914,0,0,8.128002,0,0,1000,-45,9.418747
14.08.2026,23:24:41,132055,0,-0.115101,-0.36,-0.58,-6.5625,1.5,348.25,-3.42261e-8,0,0,8.128002,0,0,1000,-45,4.918747
14.08.2026,23:24:41,132162,0,0.215064,-0.23,1.45,-6.0625,3.1875,348.3125,0.002601,0,0,8.128002,0,0,1000,-45,2.856247
14.08.2026,23:24:41,132268,0,-0.225961,0.23,1.31,-5.75,3.5625,348.125,-0.001819,0,0,8.128002,0,0,1000,-45,2.699997
14.08.2026,23:24:41,132374,0,-0.006039,0.36,1.01,-5.1875,5.3125,347.5625,1.851004e-8,0,0,8.128002,0,0,1000,-45,-5.768753
14.08.2026,23:24:41,132480,0,-0.016863,0.19,-0.24,-4.6875,3.9375,346.5625,1.280569e-8,0,0,8.128002,0,0,1000,-45,-5.393753
14.08.2026,23:24:41,132586,0,-0.087153,0.49,-0.82,-5.125,5.0625,345.6875,-0.000442,0,0,8.128002,0,0,1000,-45,6.387497
14.08.2026,23:24:41,132692,0,-0.016659,0.07,-0.32,-5.8125,7.9375,344.8125,3.259629e-8,0,0,8.128002,0,0,1000,-45,2.543747
14.08.2026,23:24:41,132798,0,0.382718,-0.28,0,-6.375,10.25,344.5,1.44355e-7,0,0,8.128002,0,0,1000,-45,6.324997
14.08.2026,23:24:41,132904,0,0.169154,-0.29,-0.65,-6.625,11.6875,344.75,0.00208,0,0,8.128002,0,0,1000,-45,8.387497
14.08.2026,23:24:41,133010,0,-0.281409,-0.34,-1,-5.875,10.125,345.5,-0.002425,0,0,8.128002,0,0,1000,-45,-3.550003
14.08.2026,23:24:41,133116,0,-0.229187,-0.12,-0.99,-4.75,9.0625,346.75,-9.173527e-8,0,0,8.128002,0,0,1000,-45,-14.425
14.08.2026,23:24:41,133222,0,-0.176612,-0.12,-1.15,-3.3125,8.625,348.625,-0.001332,0,0,8.128002,0,0,1000,-45,-17.4875
14.08.2026,23:24:41,133328,0,-0.444193,0.02,-1.61,-3.0625,9,349.875,-0.003984,0,0,8.128002,0,0,1000,-45,-12.76875
14.08.2026,23:24:41,133434,0,0.207132,0.36,-0.54,-3.5,11.4375,351,1.243316e-7,0,0,8.128002,0,0,1000,-45,-4.112503
14.08.2026,23:24:41,133540,0,0.034471,0.42,-1.22,-4,11.75,351.5625,3.853347e-8,0,0,8.128002,0,0,1000,-45,-2.925003
14.08.2026,23:24:41,133647,0,0.134017,0.15,-1.04,-3.9375,9.5625,351.5625,0.001183,0,0,8.128002,0,0,1000,-45,-5.706253
14.08.2026,23:24:41,133753,0,0.18255,0.15,-1.16,-3.1875,8,351.375,8.079223e-8,0,0,8.128002,0,0,1000,-45,-8.800003
14.08.2026,23:24:41,133859,0,0.040256,0.28,-0.61,-2.0625,6.875,350.8125,6.891787e-8,0,0,8.128002,0,0,1000,-45,-14.3
14.08.2026,23:24:41,133965,0,0.208769,0.33,0.99,-1.3125,6.625,350,0.00247,0,0,8.128002,0,0,1000,-45,-25.51875
14.08.2026,23:24:41,134071,0,-0.612113,-0.31,0.35,-0.6875,5.0625,348.875,-2.803281e-7,0,0,8.128002,0,0,1000,-45,-30.51875
14.08.2026,23:24:41,134177,0,-0.353589,-0.12,0.36,0.6875,7.625,346.9375,-2.542511e-7,0,0,8.128002,0,0,1000,-45,-37.2375
14.08.2026,23:24:41,134283,0,0.127344,-0.44,0.24,1.875,11.75,345.5,0.001747,0,0,8.128002,0,0,1000,-45,-36.3
14.08.2026,23:24:41,134389,0,0.572269,-0.64,-0.34,2.625,11.25,344,0.006146,0,0,8.128002,0,0,1000,-45,-41.45625
14.08.2026,23:24:41,134495,0,-0.091179,-0.47,0.01,3.0625,11.8125,342.6875,-2.561137e-8,0,0,8.128002,0,0,1000,-45,-45
14.08.2026,23:24:41,134601,0,-0.421551,0.24,0.41,3.3125,15.0625,340.625,-0.001734,0,0,8.128002,0,0,1000,-45,-45
14.08.2026,23:24:41,134707,0,-0.0502,-0.04,-0.05,3.5,13.3125,338.25,-0.000104,0,0,8.128002,0,0,1000,-45,-45
14.08.2026,23:24:41,134813,0,-0.479528,-0.55,-1.47,3.75,8.8125,335.125,-2.142042e-7,0,0,8.128002,0,0,1000,-45,-45
14.08.2026,23:24:41,134919,0,-0.634665,-0.39,-0.96,3.4375,8.8125,332.3125,-2.877787e-7,0,0,8.128002,0,0,1000,-45,-42.26875
14.08.2026,23:24:41,135025,0,-0.270762,-0.18,0,3.125,11.25,329.3125,-0.002211,0,0,8.128002,0,0,1000,-45,-43.675
14.08.2026,23:24:41,135132,0,0.516683,-0.77,0.59,3.75,10.5,324.875,3.417954e-7,0,0,8.128002,0,0,1000,-45,-45
14.08.2026,23:24:41,135238,0,-0.047809,-1.13,-0.21,4.6875,5,322.5625,3.6438e-8,0,0,8.128002,0,0,1000,-45,-45
14.08.2026,23:24:41,135344,0,-0.157343,-0.74,-0.71,5.6875,1.75,321.1875,-0.001144,0,0,8.128002,0,0,1000,-45,-45
14.08.2026,23:24:41,135450,0,0.372848,-0.71,0.32,6,4.75,320.125,0.004151,0,0,8.128002,0,0,1000,-45,-45
14.08.2026,23:24:41,135556,0,0.468264,-0.32,0.48,5.1875,8.25,320.125,2.468005e-7,0,0,8.128002,0,0,1000,-45,-44.08125
14.08.2026,23:24:41,135662,0,-0.619687,0.48,-0.48,2.875,6.75,321,-0.005894,0,0,8.128002,0,0,1000,-45,-28.55
14.08.2026,23:24:41,135768,0,-0.812048,0.56,-0.2,1.25,6.375,321.5,-0.007741,0,0,8.128002,0,0,1000,-45,-25.51875
14.08.2026,23:24:41,135874,0,0.441982,0.45,-1.17,0.1875,7.0625,321.125,2.365559e-7,0,0,8.128002,0,0,1000,-45,-19.70625
14.08.2026,23:24:41,135980,0,0.596422,0.44,-1.11,-0.5,7.8125,320.125,3.091991e-7,0,0,8.128002,0,0,1000,-45,-23.7375
14.08.2026,23:24:41,136086,0,0.151569,0.37,-0.44,-1.0625,8,318.25,0.001828,0,0,8.128002,0,0,1000,-45,-17.51875
14.08.2026,23:24:41,136192,0,-0.132124,-0.27,0.04,-1.375,5.625,314.6875,1.263106e-8,0,0,8.128002,0,0,1000,-45,-20.4875
14.08.2026,23:24:41,136298,0,-0.608081,-0.58,0.07,-1.0625,3.8125,312.1875,-2.961606e-7,0,0,8.128002,0,0,1000,-45,-21.175
14.08.2026,23:24:41,136404,0,-0.233163,-0.66,-0.37,-0.5,3,309.6875,-0.001957,0,0,8.128002,0,0,1000,-45,-23.925
14.08.2026,23:24:41,136510,0,0.456691,-0.42,-0.49,0.1875,3.5625,307.1875,0.004926,0,0,8.128002,0,0,1000,-45,-35.33125
14.08.2026,23:24:41,136617,0,0.108075,-0.31,-0.65,0.9375,3.5,304.0625,2.831221e-7,0,0,8.128002,0,0,1000,-45,-35.64375
14.08.2026,23:24:41,136723,0,-0.405328,-0.19,0.38,1.4375,3.0625,302.3125,-0.003806,0,0,8.128002,0,0,1000,-45,-38.39375
14.08.2026,23:24:41,136829,0,-0.498852,-0.31,0.9,1.1875,-0.125,300.625,-0.004677,0,0,8.128002,0,0,1000,-45,-35.6125
14.08.2026,23:24:41,136935,0,-0.293359,-0.15,-0.42,0.0625,-2.1875,299.0625,-1.252629e-7,0,0,8.128002,0,0,1000,-45,-15.89375
14.08.2026,23:24:41,137041,0,0.356469,-0.13,-0.77,-1.0625,-1.5625,297.4375,0.003915,0,0,8.128002,0,0,1000,-45,-12.83125
14.08.2026,23:24:41,137147,0,0.467628,-0.36,-0.4,-2.3125,0.0625,295.125,0.00608,0,0,8.128002,0,0,1000,-45,-10.8
14.08.2026,23:24:41,137253,0,-0.437216,-0.5,-0.41,-3.3125,-0.125,294.1875,-1.152512e-8,0,0,8.128002,0,0,1000,-45,-11.55
14.08.2026,23:24:41,137359,0,-0.28247,-0.27,-0.38,-4.3125,-1.1875,294.0625,-2.132729e-7,0,0,8.128002,0,0,1000,-45,-6.050003
14.08.2026,23:24:41,137465,0,-0.321167,-0.28,-0.96,-4.6875,-1.4375,295.0625,-0.002918,0,0,8.128002,0,0,1000,-45,-0.706253
14.08.2026,23:24:41,137571,0,-0.62707,-0.15,-1.04,-4.5,-2.375,297.3125,-2.896413e-7,0,0,8.128002,0,0,1000,-45,-3.300003
14.08.2026,23:24:41,137677,0,-0.212609,-0.14,-0.46,-4.625,-0.875,302.375,-7.590279e-8,0,0,8.128002,0,0,1000,-45,-2.612503
14.08.2026,23:24:41,137783,0,-0.900411,0.37,-0.17,-4.1875,-0.9375,307.625,-0.008597,0,0,8.128002,0,0,1000,-45,-3.643753
14.08.2026,23:24:41,137889,0,-1.381565,1.16,-0.08,-3.5,-3.75,313.9375,-0.013308,0,0,8.128002,0,0,1000,-45,-7.768753
14.08.2026,23:24:41,137995,0,-1.357875,1.44,-0.47,-3,-7.625,318.9375,-3.72529e-9,0,0,8.128002,0,0,1000,-45,-17.8
14.08.2026,23:24:41,138102,0,-0.15552,0.95,-0.46,-2.4375,-10.625,321.75,-0.004631,0,0,8.128002,0,0,1000,-45,-15.01875
14.08.2026,23:24:41,138208,0,0.889202,-0.08,1.6,-2.8125,-12.5625,322.125,0.009584,0,0,8.128002,0,0,1000,-45,-9.800003
14.08.2026,23:24:41,138314,0,-0.235524,0.08,1.59,-2.5,-16.4375,322.6875,-8.35862e-8,0,0,8.128002,0,0,1000,-45,-15.8625
14.08.2026,23:24:41,138420,0,0.415483,0.21,-0.04,-2.25,-14.125,323.125,2.346933e-7,0,0,8.128002,0,0,1000,-45,-15.675
14.08.2026,23:24:41,138526,0,0.517397,-0.05,-0.39,-1.9375,-8.625,322.875,0.005737,0,0,8.128002,0,0,1000,-45,-18.95625
14.08.2026,23:24:41,138632,0,0.09237,-0.52,0.48,-1.25,-6.1875,323.1875,5.122274e-8,0,0,8.128002,0,0,1000,-45,-20.4875
14.08.2026,23:24:41,138738,0,-1.073025,-0.39,-1.53,-0.625,-8.8125,325.375,-1.518056e-7,0,0,8.128002,0,0,1000,-45,-23.925
14.08.2026,23:24:41,138844,0,1.418203,0.19,0,-0.9375,-1.875,328.1875,0.014636,0,0,8.128002,0,0,1000,-45,-24.26875
14.08.2026,23:24:41,138950,0,1.253089,0.05,-1.31,-1.75,0.75,329.375,0.012834,0,0,8.128002,0,0,1000,-45,-12.175
14.08.2026,23:24:41,139056,0,0.727665,-0.35,-0.03,-1.625,-0.625,328.75,1.862645e-9,0,0,8.128002,0,0,1000,-45,-18.95625
14.08.2026,23:24:41,139162,0,0.26059,-0.47,-0.31,-0.5625,0.25,327.625,0.002712,0,0,8.128002,0,0,1000,-45,-30.175
14.08.2026,23:24:41,139268,0,0.37742,-0.11,0.24,-0.4375,1.625,326.5,0.003849,0,0,8.128002,0,0,1000,-45,-29.1125
14.08.2026,23:24:41,139374,0,0.822524,-0.02,0.15,-1,3.1875,325.5,4.023314e-7,0,0,8.128002,0,0,1000,-45,-14.7375
14.08.2026,23:24:41,139480,0,-0.054163,-0.01,-0.4,-1.875,1.75,324.8125,-2.852175e-8,0,0,8.128002,0,0,1000,-45,-8.362503
14.08.2026,23:24:41,139587,0,0.178308,0.19,-0.2,-2.1875,1.5,324.1875,-0.001637,0,0,8.128002,0,0,1000,-45,-14.1125
14.08.2026,23:24:41,139693,0,0.565238,0.06,0.02,-1.9375,1.4375,323.625,2.589077e-7,0,0,8.128002,0,0,1000,-45,-17.05
14.08.2026,23:24:41,139799,0,0.410454,-0.02,-0.03,-1.625,0.3125,323.0625,1.885928e-7,0,0,8.128002,0,0,1000,-45,-19.1125
14.08.2026,23:24:41,139905,0,0.22779,-0.15,-0.09,-1.8125,-1.25,323.125,0.002152,0,0,8.128002,0,0,1000,-45,-18.425
14.08.2026,23:24:41,140011,0,-0.013433,-0.13,-0.36,-2.125,-3.5,323.5625,-1.309672e-8,0,0,8.128002,0,0,1000,-45,-13.2375
14.08.2026,23:24:41,140117,0,-0.081146,0,-0.25,-1.1875,-5.625,323.9375,-1.089647e-7,0,0,8.128002,0,0,1000,-45,-19.1125
14.08.2026,23:24:41,140223,0,-0.010769,0.03,0.14,-0.375,-5.8125,324,-0.000215,0,0,8.128002,0,0,1000,-45,-24.95625
14.08.2026,23:24:41,140329,0,0.269244,0.09,-0.18,0,-4.5,323.9375,0.002585,0,0,8.128002,0,0,1000,-45,-27.70625
14.08.2026,23:24:41,140435,0,0.465218,-0.08,-0.24,0.0625,-4.3125,323.5625,2.197921e-7,0,0,8.128002,0,0,1000,-45,-28.39375
14.08.2026,23:24:41,140541,0,-0.126101,-0.05,0.2,0.125,-4.9375,323.0625,-0.001417,0,0,8.128002,0,0,1000,-45,-31.8625
14.08.2026,23:24:41,140647,0,0.24678,0.02,0.05,1.5625,-3.1875,322.8125,-0.001372,0,0,8.128002,0,0,1000,-45,-45
14.08.2026,23:24:41,140753,0,0.742526,0.06,0.11,2.25,-2.875,322.875,3.539026e-7,0,0,8.128002,0,0,1000,-45,-43.55
14.08.2026,23:24:41,140859,0,-0.172783,0.3,-0.26,1.625,-4,322.9375,-9.546056e-8,0,0,8.128002,0,0,1000,-45,-27.6125
14.08.2026,23:24:41,140965,0,-0.440006,0.28,-0.02,-0.25,-3.6875,322.625,-0.004591,0,0,8.128002,0,0,1000,-45,-11.05
14.08.2026,23:24:41,141072,0,0.482209,-0.28,-0.28,-1.9375,-1.6875,321.375,1.438893e-7,0,0,8.128002,0,0,1000,-45,-18.425
14.08.2026,23:24:41,141178,0,0.337528,0.07,-0.16,-1.8125,-1.8125,320.75,1.904555e-7,0,0,8.128002,0,0,1000,-45,-17.39375
14.08.2026,23:24:41,141284,0,0.234522,0.29,0.27,-1.625,-2.125,320.9375,0.002086,0,0,8.128002,0,0,1000,-45,-19.45625
14.08.2026,23:24:41,141390,0,0.073215,0.14,-0.11,-2.125,-3.375,321.3125,0.000464,0,0,8.128002,0,0,1000,-45,-13.2375
14.08.2026,23:24:41,141496,0,-0.036658,-0.01,0,-2.6875,-5,321.4375,-3.085006e-8,0,0,8.128002,0,0,1000,-45,-10.14375
14.08.2026,23:24:41,141602,0,-0.184104,0,0.13,-3.1875,-6.1875,320.875,-0.002082,0,0,8.128002,0,0,1000,-45,-8.425003
14.08.2026,23:24:41,141708,0,0.207085,-0.03,-0.26,-4.3125,-5.25,320.4375,0.001842,0,0,8.128002,0,0,1000,-45,2.981247
14.08.2026,23:24:41,141814,0,0.454052,-0.64,0.08,-4.6875,-4.4375,320.3125,2.086163e-7,0,0,8.128002,0,0,1000,-45,-2.268753
14.08.2026,23:24:41,141920,0,0.380034,-0.11,-0.48,-3.9375,-3.5,320.5,1.708977e-7,0,0,8.128002,0,0,1000,-45,-17.33125
14.08.2026,23:24:41,142026,0,0.105877,0.35,0.5,-2.5,-4.6875,321.1875,0.001921,0,0,8.128002,0,0,1000,-45,-22.3
14.08.2026,23:24:41,142132,0,-0.313619,0.25,-0.32,-2.6875,-6.25,321.625,-1.378357e-7,0,0,8.128002,0,0,1000,-45,-13.95625
14.08.2026,23:24:41,142238,0,-0.210083,-0.01,-0.24,-3.125,-7.3125,321.3125,-1.490116e-7,0,0,8.128002,0,0,1000,-45,-11.55
14.08.2026,23:24:41,142344,0,0.241023,-0.02,-0.01,-3.1875,-7.3125,320.25,0.002118,0,0,8.128002,0,0,1000,-45,-10.51875
14.08.2026,23:24:41,142450,0,0.268918,0.2,-0.06,-3.1875,-7.875,319.3125,0.002374,0,0,8.128002,0,0,1000,-45,-8.956253
14.08.2026,23:24:41,142557,0,0.1265,0.26,-0.05,-3.4375,-8.25,318.75,7.031485e-8,0,0,8.128002,0,0,1000,-45,-8.268753
14.08.2026,23:24:41,142663,0,0.085836,0.16,0.02,-3.6875,-8.3125,318.5625,0.000517,0,0,8.128002,0,0,1000,-45,-4.987503
14.08.2026,23:24:41,142769,0,0.105322,0.01,-0.09,-3.875,-8.3125,318.5,0.000706,0,0,8.128002,0,0,1000,-45,-5.175003
14.08.2026,23:24:41,142875,0,0.104373,0.08,-0.03,-3.875,-8.3125,318.8125,3.352761e-8,0,0,8.128002,0,0,1000,-45,-6.737503
14.08.2026,23:24:41,142981,0,0.004169,0.05,0.03,-4,-9,319.0625,-0.000316,0,0,8.128002,0,0,1000,-45,-4.487503
14.08.2026,23:24:41,143087,0,0.004575,-0.07,-0.19,-4.25,-10.1875,318.9375,-0.00041,0,0,8.128002,0,0,1000,-45,-1.550003
14.08.2026,23:24:41,143193,0,-0.144959,0.03,-0.15,-4.3125,-10.6875,318.75,-6.356277e-8,0,0,8.128002,0,0,1000,-45,-4.331253
14.08.2026,23:24:41,143299,0,-0.133332,0.15,-0.01,-4.1875,-11,318.4375,-8.125789e-8,0,0,8.128002,0,0,1000,-45,-6.581253
14.08.2026,23:24:41,143405,0,-0.012067,0.07,-0.13,-4.25,-11,317.875,-0.00044,0,0,8.128002,0,0,1000,-45,-4.675003
14.08.2026,23:24:41,143511,0,0.148071,0.11,-0.1,-4.375,-10.5,317.25,5.657785e-8,0,0,8.128002,0,0,1000,-45,-3.987503
14.08.2026,23:24:41,143617,0,0.075483,0.1,-0.09,-4.375,-10,316.6875,8.405186e-8,0,0,8.128002,0,0,1000,-45,-3.987503
14.08.2026,23:24:41,143723,0,-0.044732,0.25,-0.22,-4.0625,-10.25,316.75,-0.000794,0,0,8.128002,0,0,1000,-45,-5.018753
14.08.2026,23:24:41,143829,0,-0.023934,0.25,-0.14,-3.8125,-8.875,317.0625,-0.000577,0,0,8.128002,0,0,1000,-45,-6.393753
14.08.2026,23:24:41,143935,0,0.206491,0.19,0,-3.5625,-6.375,317.0625,8.428469e-8,0,0,8.128002,0,0,1000,-45,-10.01875
14.08.2026,23:24:41,144042,0,0.342487,-0.02,-0.02,-3.4375,-3.9375,317.25,0.00305,0,0,8.128002,0,0,1000,-45,-9.143753
14.08.2026,23:24:41,144148,0,0.100388,-0.04,-0.16,-3.4375,-3.625,317.6875,0.000608,0,0,8.128002,0,0,1000,-45,-9.143753
14.08.2026,23:24:41,144254,0,-0.009886,0,-0.05,-3.375,-3.875,318.0625,-2.43308e-8,0,0,8.128002,0,0,1000,-45,-9.487503
14.08.2026,23:24:41,144360,0,-0.178973,0.02,-0.05,-3.4375,-4.6875,317.875,-1.061708e-7,0,0,8.128002,0,0,1000,-45,-7.581253
14.08.2026,23:24:41,144466,0,-0.356223,0.02,-0.22,-3.625,-5.5,317.1875,-0.003917,0,0,8.128002,0,0,1000,-45,-6.550003
14.08.2026,23:24:41,144572,0,0.136629,0.09,-0.07,-3.8125,-4.8125,315.625,2.596062e-8,0,0,8.128002,0,0,1000,-45,-7.425003
14.08.2026,23:24:41,144678,0,0.364926,0.2,-0.15,-3.625,-4.8125,314.25,1.513399e-7,0,0,8.128002,0,0,1000,-45,-7.768753
14.08.2026,23:24:41,144784,0,0.321435,0.17,-0.14,-3.5,-4.8125,313.4375,0.002822,0,0,8.128002,0,0,1000,-45,-8.800003
14.08.2026,23:24:41,144890,0,0.049496,0.23,0.01,-3.375,-5.3125,313.3125,0.000089,0,0,8.128002,0,0,1000,-45,-11.05
14.08.2026,23:24:41,144996,0,-0.219037,0.13,-0.16,-3.3125,-8.25,313.0625,-1.122244e-7,0,0,8.128002,0,0,1000,-45,-9.831253
14.08.2026,23:24:41,145102,0,-0.395012,0.01,-0.24,-3.375,-9.5,312.375,-0.004301,0,0,8.128002,0,0,1000,-45,-7.925003
14.08.2026,23:24:41,145208,0,0.187503,0.05,0.03,-3.4375,-8.375,311.8125,0.00155,0,0,8.128002,0,0,1000,-45,-7.581253
14.08.2026,23:24:41,145314,0,0.145835,0.09,-0.09,-3.4375,-7.875,311.4375,5.448237e-8,0,0,8.128002,0,0,1000,-45,-9.143753
14.08.2026,23:24:41,145420,0,-0.024286,0.17,0,-3.3125,-8.375,311.0625,-2.863817e-8,0,0,8.128002,0,0,1000,-45,-9.831253
14.08.2026,23:24:41,145527,0,-0.153341,0.12,-0.16,-3.375,-9.4375,310.1875,-0.00157,0,0,8.128002,0,0,1000,-45,-9.831253
14.08.2026,23:24:41,145633,0,-0.051578,0.17,-0.12,-3.375,-9.25,309.625,-5.7742e-8,0,0,8.128002,0,0,1000,-45,-9.487503
14.08.2026,23:24:41,145739,0,0.148718,0.18,-0.03,-3.4375,-8.375,309.375,4.02797e-8,0,0,8.128002,0,0,1000,-45,-9.143753
14.08.2026,23:24:41,145845,0,0.157472,0.18,0.02,-3.4375,-7.875,309.3125,0.001247,0,0,8.128002,0,0,1000,-45,-9.143753
14.08.2026,23:24:41,145951,0,-0.02303,0.06,-0.06,-3.4375,-8.5625,309.125,-2.73576e-8,0,0,8.128002,0,0,1000,-45,-9.143753
14.08.2026,23:24:41,146057,0,-0.102044,0.07,-0.16,-3.4375,-9.75,308.8125,-5.611219e-8,0,0,8.128002,0,0,1000,-45,-9.143753
14.08.2026,23:24:41,146163,0,-0.120724,0.18,-0.11,-3.4375,-9.5625,308.8125,-0.001515,0,0,8.128002,0,0,1000,-45,-9.143753
14.08.2026,23:24:41,146269,0,0.070101,0.21,0.01,-3.375,-9.25,308.6875,0.000402,0,0,8.128002,0,0,1000,-45,-9.487503
14.08.2026,23:24:41,146375,0,0.049662,0.17,-0.1,-3.375,-9.5,308.3125,9.400537e-9,0,0,8.128002,0,0,1000,-45,-9.487503
14.08.2026,23:24:41,146481,0,0.04935,0.13,-0.06,-3.4375,-9.75,307.875,0.000186,0,0,8.128002,0,0,1000,-45,-9.143753
14.08.2026,23:24:41,146587,0,-0.090173,0.18,-0.07,-3.375,-9.9375,307.75,-0.000707,0,0,8.128002,0,0,1000,-45,-9.487503
14.08.2026,23:24:41,146693,0,-0.029057,0.14,-0.06,-3.375,-9.6875,307.6875,-4.563481e-8,0,0,8.128002,0,0,1000,-45,-9.487503
14.08.2026,23:24:41,146799,0,0.091349,0.14,-0.01,-3.375,-9.5625,307.375,3.061723e-8,0,0,8.128002,0,0,1000,-45,-9.487503
14.08.2026,23:24:41,146905,0,-0.028824,0.11,-0.11,-3.4375,-9.9375,306.875,-0.000575,0,0,8.128002,0,0,1000,-45,-7.581253
14.08.2026,23:24:41,147012,0,0.081978,0.11,-0.1,-3.5,-10,306.1875,1.658918e-8,0,0,8.128002,0,0,1000,-45,-8.800003
14.08.2026,23:24:41,147118,0,0.051482,0.11,-0.03,-3.5625,-9.625,305.875,1.856824e-8,0,0,8.128002,0,0,1000,-45,-8.456253
14.08.2026,23:24:41,147224,0,0.001324,0.17,-0.06,-3.5625,-9.6875,305.5,-0.000273,0,0,8.128002,0,0,1000,-45,-8.456253
14.08.2026,23:24:41,147330,0,-0.008235,0.16,-0.06,-3.5625,-9.375,305.25,-0.000364,0,0,8.128002,0,0,1000,-45,-8.456253
14.08.2026,23:24:41,147436,0,0.081778,0.03,-0.12,-3.5625,-9.1875,304.9375,2.607703e-8,0,0,8.128002,0,0,1000,-45,-8.456253
14.08.2026,23:24:41,147542,0,0.151673,0.09,0.1,-3.6875,-8,305,0.001233,0,0,8.128002,0,0,1000,-45,-8.112503
14.08.2026,23:24:41,147648,0,0.210688,0.26,-0.07,-3.6875,-7.8125,305.625,0.001814,0,0,8.128002,0,0,1000,-45,-7.768753
14.08.2026,23:24:41,147754,0,-0.060156,0.42,-0.01,-3.5,-7.75,305.9375,-4.412141e-8,0,0,8.128002,0,0,1000,-45,-10.3625
14.08.2026,23:24:41,147860,0,-0.019349,0.32,-0.01,-3.1875,-8,305.5625,-2.374873e-8,0,0,8.128002,0,0,1000,-45,-12.08125
14.08.2026,23:24:41,147966,0,-0.018797,0.02,-0.15,-3.25,-8.5,304.8125,-0.000475,0,0,8.128002,0,0,1000,-45,-8.612503
14.08.2026,23:24:41,148072,0,-0.018419,0.03,-0.09,-3.3125,-8.375,304.125,-2.043089e-8,0,0,8.128002,0,0,1000,-45,-9.831253
14.08.2026,23:24:41,148178,0,0.141935,0.08,-0.09,-3.3125,-8,303.75,3.853347e-8,0,0,8.128002,0,0,1000,-45,-9.831253
14.08.2026,23:24:41,148284,0,0.090855,0.11,-0.03,-3.25,-8.0625,303.5625,0.000616,0,0,8.128002,0,0,1000,-45,-10.51875
14.08.2026,23:24:41,148390,0,0.020283,0.23,-0.04,-3.25,-7.875,303.6875,-0.000095,0,0,8.128002,0,0,1000,-45,-10.175
14.08.2026,23:24:41,148497,0,-0.068702,0.21,-0.12,-3.125,-8.0625,303.4375,-5.7742e-8,0,0,8.128002,0,0,1000,-45,-12.425
14.08.2026,23:24:41,148603,0,0.011866,0.07,-0.03,-3.0625,-8.0625,302.9375,-0.000163,0,0,8.128002,0,0,1000,-45,-11.20625
14.08.2026,23:24:41,148709,0,0.081728,-0.02,-0.09,-3.125,-8.125,302.375,0.000535,0,0,8.128002,0,0,1000,-45,-11.20625
14.08.2026,23:24:41,148815,0,0.101457,0.04,-0.17,-3.25,-7.625,302.1875,3.562309e-8,0,0,8.128002,0,0,1000,-45,-8.612503
14.08.2026,23:24:41,148921,0,0.070565,0.28,0.09,-3.125,-7,302.125,0.00041,0,0,8.128002,0,0,1000,-45,-12.425
14.08.2026,23:24:41,149027,0,0.020305,0.09,-0.18,-3.0625,-7.25,301.75,0.0000061686,0,0,8.128002,0,0,1000,-45,-11.20625
14.08.2026,23:24:41,149133,0,0.050418,0.09,-0.1,-3.0625,-7.125,301.25,5.282345e-9,0,0,8.128002,0,0,1000,-45,-11.20625
14.08.2026,23:24:41,149239,0,0.070171,0.19,-0.04,-3.0625,-6.9375,301,1.728768e-8,0,0,8.128002,0,0,1000,-45,-11.20625
14.08.2026,23:24:41,149345,0,0.05993,0.13,-0.13,-3.0625,-7.25,300.6875,0.000298,0,0,8.128002,0,0,1000,-45,-11.20625
14.08.2026,23:24:41,149451,0,0.009795,0.08,-0.08,-3.125,-7.5,300.1875,-5.107722e-9,0,0,8.128002,0,0,1000,-45,-11.20625
14.08.2026,23:24:41,149557,0,-0.000013,0.21,-0.1,-3.125,-7.5,300,-1.222361e-8,0,0,8.128002,0,0,1000,-45,-10.8625
14.08.2026,23:24:41,149663,0,0.030226,0.11,-0.12,-3.0625,-7.3125,299.8125,0.000004698359,0,0,8.128002,0,0,1000,-45,-11.20625
14.08.2026,23:24:41,149769,0,0.070111,0.2,-0.06,-3,-7.0625,299.5625,0.000402,0,0,8.128002,0,0,1000,-45,-11.20625
14.08.2026,23:24:41,149875,0,-0.049899,0.13,-0.1,-3.0625,-6.875,299.1875,-3.888272e-8,0,0,8.128002,0,0,1000,-45,-9.643753
14.08.2026,23:24:41,149982,0,0.110837,0.07,-0.13,-3.0625,-6.75,298.5625,0.000817,0,0,8.128002,0,0,1000,-45,-11.20625
14.08.2026,23:24:41,150088,0,0.179459,0.12,0,-3.0625,-6,298.3125,0.001489,0,0,8.128002,0,0,1000,-45,-11.20625
14.08.2026,23:24:41,150194,0,0.028162,0.14,-0.07,-3,-5.9375,298.0625,-3.630921e-7,0,0,8.128002,0,0,1000,-45,-11.55
14.08.2026,23:24:41,150300,0,-0.071383,0.17,-0.13,-3,-6.5,297.8125,-5.005859e-8,0,0,8.128002,0,0,1000,-45,-11.55
14.08.2026,23:24:41,150406,0,-0.070114,0.18,-0.14,-2.9375,-6.625,297.5625,-0.001,0,0,8.128002,0,0,1000,-45,-11.89375
14.08.2026,23:24:41,150512,0,0.17018,0.11,-0.12,-2.9375,-6,297.3125,6.123446e-8,0,0,8.128002,0,0,1000,-45,-11.89375
14.08.2026,23:24:41,150618,0,0.188538,0.07,-0.04,-2.875,-5.625,297.25,9.150244e-8,0,0,8.128002,0,0,1000,-45,-12.2375
14.08.2026,23:24:41,150724,0,-0.042382,0.14,-0.14,-2.875,-6,297.25,-0.000747,0,0,8.128002,0,0,1000,-45,-12.2375
14.08.2026,23:24:41,150830,0,-0.061461,0.12,-0.11,-2.8125,-6.25,297.125,-0.000927,0,0,8.128002,0,0,1000,-45,-12.58125
14.08.2026,23:24:41,150936,0,-0.030509,0.12,-0.11,-2.8125,-6.3125,296.75,-2.968591e-8,0,0,8.128002,0,0,1000,-45,-12.58125
14.08.2026,23:24:41,151042,0,0.129332,0.05,-0.03,-2.875,-5.9375,296.25,0.000987,0,0,8.128002,0,0,1000,-45,-12.2375
14.08.2026,23:24:41,151148,0,0.008721,0.16,-0.07,-2.875,-5.9375,296,-0.000226,0,0,8.128002,0,0,1000,-45,-12.2375
14.08.2026,23:24:41,151254,0,-0.000985,0.11,-0.17,-2.875,-6.25,295.75,-1.559965e-8,0,0,8.128002,0,0,1000,-45,-12.2375
14.08.2026,23:24:41,151360,0,0.069014,0.12,-0.04,-2.875,-6.0625,295.4375,1.856824e-8,0,0,8.128002,0,0,1000,-45,-12.2375
14.08.2026,23:24:41,151467,0,0.008691,0.09,-0.1,-2.875,-6.375,295.0625,0.000074,0,0,8.128002,0,0,1000,-45,-12.2375
14.08.2026,23:24:41,151573,0,-0.030935,0.16,-0.14,-2.875,-6.5625,294.75,-2.782326e-8,0,0,8.128002,0,0,1000,-45,-12.2375
14.08.2026,23:24:41,151679,0,0.05949,0.1,-0.11,-2.875,-6.3125,294.4375,3.880341e-7,0,0,8.128002,0,0,1000,-45,-12.2375
14.08.2026,23:24:41,151785,0,0.059073,0.11,-0.04,-2.875,-6,294.25,0.000281,0,0,8.128002,0,0,1000,-45,-12.2375
14.08.2026,23:24:41,151891,0,0.068744,0.09,-0.09,-2.9375,-6,294.0625,1.827721e-8,0,0,8.128002,0,0,1000,-45,-11.89375
14.08.2026,23:24:41,151997,0,0.078166,0.12,-0.08,-2.9375,-6.1875,293.625,1.786975e-8,0,0,8.128002,0,0,1000,-45,-11.89375
14.08.2026,23:24:41,152103,0,0.037845,0.13,-0.08,-3,-6.625,293.25,0.000057,0,0,8.128002,0,0,1000,-45,-11.55
14.08.2026,23:24:41,152209,0,-0.011992,0.16,-0.1,-3.0625,-6.9375,292.8125,-0.00044,0,0,8.128002,0,0,1000,-45,-11.20625
14.08.2026,23:24:41,152315,0,0.098238,0.15,-0.08,-3.125,-7.1875,292.25,3.236346e-8,0,0,8.128002,0,0,1000,-45,-10.8625
14.08.2026,23:24:41,152421,0,0.157398,0.13,-0.06,-3.125,-7.5,291.6875,0.001243,0,0,8.128002,0,0,1000,-45,-10.8625
14.08.2026,23:24:41,152527,0,0.03593,0.26,-0.05,-2.9375,-8.375,291.25,0.000019,0,0,8.128002,0,0,1000,-45,-13.45625
14.08.2026,23:24:41,152633,0,-0.06379,0.18,-0.25,-2.9375,-8.9375,291,-4.761387e-8,0,0,8.128002,0,0,1000,-45,-11.89375