Log_Date,Log_Time,Time,Depth,Ax,Ay,Az,pitch,roll,yaw,velocityx,velocityy,velocityz,distancex,distancey,distancez,rpm,rudderangle,sternangle
18.08.2026,19:10:21,13251,0,0,0,0,0,0,0,0,0,0,0,0,0,0,0,45
18.08.2026,19:10:21,13357,0,0,0,0,0,0,0,0,0,0,0,0,0,0,0,45
18.08.2026,19:10:21,13463,0,0,0,0,0,0,0,0,0,0,0,0,0,0,0,45
18.08.2026,19:10:21,13569,0,0,0,0,0,0,0,0,0,0,0,0,0,0,0,45
18.08.2026,19:10:21,13675,0,0,0,0,0,0,0,0,0,0,0,0,0,0,0,45
18.08.2026,19:10:21,13781,0,0,0,0,0,0,0,0,0,0,0,0,0,0,0,45
18.08.2026,19:10:21,13887,0,0,0,0,0,0,0,0,0,0,0,0,0,0,0,45
18.08.2026,19:10:21,13993,0,0,0,0,0,0,0,0,0,0,0,0,0,0,0,45
18.08.2026,19:10:21,14099,0,0,0,0,0,0,0,0,0,0,0,0,0,0,0,45
18.08.2026,19:10:21,14205,0,0,0,0,0,0,0,0,0,0,0,0,0,0,0,45
18.08.2026,19:10:21,14311,0,0,0,0,0,0,0,0,0,0,0,0,0,0,0,45
18.08.2026,19:10:21,14417,0,0,0,0,0,0,0,0,0,0,0,0,0,0,0,45
18.08.2026,19:10:21,14523,0,0,0,0,0,0,0,0,0,0,0,0,0,0,0,45
18.08.2026,19:10:21,14629,0,0,0,0,0,0,0,0,0,0,0,0,0,0,0,45
18.08.2026,19:10:21,14735,0.005114,0,0,0,0,0,0,0,0,0,0,0,0,0,0,45
18.08.2026,19:10:21,14841,0,0,0,0,0,0,0,0,0,0,0,0,0,0,0,45
18.08.2026,19:10:21,14947,0,0,0,0,0,0,90,0,0,0,0,0,0,0,45,45
18.08.2026,19:10:21,15053,0,0.092247,0.01,-0.49,-0.1875,1.9375,89.375,4.668254e-8,0,0,0,0,0,1005,45,42.125
18.08.2026,19:10:21,15159,0,0.132374,-0.05,-0.43,-1.625,-4.6875,88.875,6.565824e-8,0,0,0,0,0,1000,45,31.6875
18.08.2026,19:10:21,15265,0,-0.078284,-0.06,-0.34,-3.125,-5.625,89.125,-0.000467,0,0,0,0,0,1000,45,22.5
18.08.2026,19:10:21,15371,0,0.002282,-0.09,-0.45,-4.3125,-6.0625,89.9375,4.508474e-7,0,0,0,0,0,1000,45,17.8125
18.08.2026,19:10:21,15477,0,-0.067955,-0.1,-0.44,-4.875,-5.8125,90.8125,-3.213063e-8,0,0,0,0,0,1000,45,23.375
18.08.2026,19:10:21,15583,0,-0.107375,-0.23,-0.2,-4.625,-5.5625,91.4375,-0.001046,0,0,0,0,0,1000,45,32.1875
18.08.2026,19:10:21,15689,0,-0.24611,-0.24,0.01,-3.6875,-5.375,91.5625,-0.002418,0,0,0,0,0,1001,45,31.25
18.08.2026,19:10:21,15795,0,0.105608,-0.11,0.07,-2.25,-3.875,91.125,2.991874e-8,0,0,0,0,0,1000,45,35.75
18.08.2026,19:10:21,15901,0,0.324158,-0.15,-0.32,-1,-2.5625,90.875,0.003278,0,0,0,0,0,1000,45,40.5
18.08.2026,19:10:21,16007,0,0.540691,-0.19,-0.07,-0.5,-0.6875,91.25,0.005404,0,0,0,0,0,1000,45,45
18.08.2026,19:10:21,16113,0.003068,0.415597,0.04,-0.17,-0.75,-0.6875,92.25,2.002344e-7,0,0,0,0,0,1000,45,39.875
18.08.2026,19:10:21,16220,0.002046,0.021437,0,-0.12,-1.875,-3.5,94.875,9.965152e-8,0,0,0,0,0,1000,45,31.9375
18.08.2026,19:10:21,16326,0.004091,-0.23801,-0.04,-0.43,-2.9375,-6,97.4375,-0.00246,0,0,0,0,0,1000,45,27.6875
18.08.2026,19:10:21,16432,0,-0.35504,-0.04,-0.58,-3.5625,-8.1875,100,-1.7602e-7,0,0,0,0,0,1002,45,28.625
18.08.2026,19:10:21,16538,0.009205,-0.261864,0.02,-0.08,-3.5625,-9,102.125,-1.289882e-7,0,0,0,0,0,1000,45,33.3125
18.08.2026,19:10:21,16644,0,-0.319397,0.16,-0.13,-3.125,-8.6875,0.5,-0.003182,0,0,0,0,0,1002,1,38.1875
18.08.2026,19:10:21,16750,0,-0.265242,0.06,-0.16,-2.1875,-8.5625,2.1875,-0.003812,0,0,0,0,0,1003,3.625,36.5
18.08.2026,19:10:21,16856,0,0.216276,0,-0.15,-1.75,-6.5,3.375,6.728806e-8,0,0,0,0,0,1001,6,38.75
18.08.2026,19:10:21,16962,0,0.284006,0.03,-0.2,-1.8125,-6.375,4.4375,0.002875,0,0,0,0,0,1000,9.65625,39
18.08.2026,19:10:21,17068,0,0.301233,-0.1,0.14,-2.3125,-7.5625,5.5625,0.003019,0,0,0,0,0,1000,12.21875,30.5
18.08.2026,19:10:21,17174,0,0.068517,-0.21,-0.24,-3.25,-10.25,7.25,4.272442e-8,0,0,0,0,0,1000,14.4375,27.75
18.08.2026,19:10:21,17280,0.007159,-0.061708,-0.25,-0.14,-3.5625,-11.4375,8.5625,-1.146691e-8,0,0,0,0,0,1000,17.34375,28.875
18.08.2026,19:10:21,17386,0.003068,-0.160816,-0.26,-0.05,-3.5,-11.6875,10.0625,-0.001616,0,0,0,0,0,1000,21.21875,32
18.08.2026,19:10:21,17492,0.012273,-0.298912,-0.22,-0.39,-3.0625,-12.0625,11.25,-1.452863e-7,0,0,0,0,0,1001,23.28125,38.4375
18.08.2026,19:10:21,17598,0.007159,-0.416382,-0.16,-0.44,-2.1875,-12.1875,11.8125,-2.011657e-7,0,0,0,0,0,1000,23.9375,45
18.08.2026,19:10:21,17705,0.013296,-0.081809,-0.17,-0.34,-1,-10,11.3125,-0.002045,0,0,0,0,0,1000,23.25,45
18.08.2026,19:10:21,17811,0.007159,0.198212,-0.13,-0.25,-0.4375,-8.1875,10.25,7.892959e-8,0,0,0,0,0,1000,21.25,43.75
18.08.2026,19:10:21,17917,0.019433,0.255883,0.01,-0.49,-0.3125,-7.6875,9.1875,1.378357e-7,0,0,0,0,0,1000,18.875,45
18.08.2026,19:10:21,18023,0.016365,0.323219,0.14,-0.37,-0.625,-7.75,8.5,0.003259,0,0,0,0,0,1000,16.6875,44
18.08.2026,19:10:21,18129,0.024547,0.240071,-0.07,-0.56,-1,-8.75,8.0625,0.002397,0,0,0,0,0,1000,16.125,42
18.08.2026,19:10:21,18235,0.029661,0.087863,0,-0.19,-1.125,-11.625,7.5,5.16884e-8,0,0,0,0,0,1000,15.25,41.5
18.08.2026,19:10:21,18341,0.046025,-0.112513,0.39,0.14,-1,-13.4375,7.1875,-0.001148,0,0,0,0,0,1000,14.21875,41.75
18.08.2026,19:10:21,18447,0.058299,-0.181139,-0.12,0.07,-0.8125,-14.875,6.875,-0.001819,0,0,0,0,0,1001,13.4375,44.3125
18.08.2026,19:10:21,18553,0.071595,0.0503,-0.04,-0.12,-0.625,-14.125,6.6875,2.468005e-8,0,0,0,0,0,1000,13.21875,45
18.08.2026,19:10:21,19083,0.150349,0.112377,-0.06,-0.45,1.5,-18.625,5.9375,0.001046,0,0,0,0,0,1000,11.875,45
18.08.2026,19:10:21,20038,0.480709,-0.051688,-0.1,0.18,-6.125,-18.75,7.375,-2.607703e-8,0,0,0,0,0,1000,14.59375,19.24025
18.08.2026,19:10:21,20144,0.511392,-0.021043,0,0.39,-5.5,-17.5625,7.25,-0.000622,0,0,0,0,0,1000,14.5,22.02908
18.08.2026,19:10:21,20250,0.548213,0.009073,0,0.22,-4.875,-17.75,7.375,0.000082,0,0,0,0,0,1000,14.625,20.59768
18.08.2026,19:10:21,20356,0.569691,0.028849,-0.01,0.09,-4.0625,-18.25,7.6875,1.600711e-8,0,0,0,0,0,1000,15.125,23.88041
18.08.2026,19:10:21,20462,0.590147,0.208107,-0.05,0.19,-3.125,-18.0625,8.375,0.002059,0,0,0,0,0,1000,17.53125,26.78676
18.08.2026,19:10:21,20568,0.611625,0.096318,-0.04,0.12,-2.375,-18.0625,9.1875,0.000925,0,0,0,0,0,1000,18.375,30.50126
18.08.2026,19:10:21,20675,0.632081,-0.142916,-0.02,0.15,-1.5625,-18.6875,10.1875,-1.061708e-7,0,0,0,0,0,1000,20,33.30035
18.08.2026,19:10:21,20781,0.653559,-0.062155,0.09,0.02,-1.5625,-19.5,10.5,-0.000643,0,0,0,0,0,1001,21.15625,33.1994
18.08.2026,19:10:21,20887,0.66481,0.047904,0.1,0.12,-2.25,-20.1875,10.5,0.000458,0,0,0,0,0,1000,21,22.53418
18.08.2026,19:10:21,20993,0.677083,-0.112296,-0.4,0.38,-3.375,-20.875,10.4375,-5.587935e-8,0,0,0,0,0,1000,20.875,14.79462
18.08.2026,19:10:21,21099,0.675038,-0.230572,-0.3,0.32,-4.625,-22.0625,10.3125,-1.1269e-7,0,0,0,0,0,1000,20.625,9.860085
18.08.2026,19:10:21,21205,0.677083,-0.14773,-0.18,0.1,-6,-23.3125,10.5625,-0.001455,0,0,0,0,0,1000,21.4375,8.407791
18.08.2026,19:10:21,21311,0.684243,0.073153,-0.11,0.04,-6.625,-22.5,11.25,3.72529e-8,0,0,0,0,0,1000,23.125,9.541664
18.08.2026,19:10:21,21417,0.679129,0.191858,0.05,-0.04,-7,-20.8125,12.1875,9.452924e-8,0,0,0,0,0,1000,25,8.041668
18.08.2026,19:10:21,21523,0.675038,0.0603,-0.02,-0.11,-7.1875,-20.5,13.0625,0.000605,0,0,0,0,0,1000,26.125,8.854164
18.08.2026,19:10:21,21629,0.660719,-0.080054,-0.08,-0.07,-7.3125,-20.6875,13.75,-0.0008,0,0,0,0,0,1000,27.5,10.21123
18.08.2026,19:10:21,21735,0.660719,-0.088665,-0.13,-0.05,-7.375,-20.625,14.4375,-4.761387e-8,0,0,0,0,0,1000,28.5,9.961227
18.08.2026,19:10:21,21841,0.652537,-0.037797,-0.1,-0.1,-7.25,-20.0625,14.6875,-0.000355,0,0,0,0,0,1000,29.53125,10.24396
18.08.2026,19:10:21,21947,0.649468,0.012519,-0.12,-0.06,-7.0625,-19.25,14.875,0.00015,0,0,0,0,0,1000,29.90625,12.70827
18.08.2026,19:10:21,22053,0.63924,0.012187,-0.21,-0.07,-6.75,-18.75,14.9375,6.984919e-9,0,0,0,0,0,1000,29.875,15.73351
18.08.2026,19:10:21,22160,0.635149,0.05169,-0.11,-0.38,-6.375,-18.6875,14.8125,2.619345e-8,0,0,0,0,0,1000,29.75,16.92989
18.08.2026,19:10:21,22266,0.62799,0.051024,-0.11,-0.22,-6.0625,-17.0625,14.9375,0.000521,0,0,0,0,0,1000,30.03125,18.50718
18.08.2026,19:10:21,22372,0.612648,0.000381,-0.02,-0.14,-5.6875,-15.4375,14.9375,7.539074e-8,0,0,0,0,0,1000,29.875,20.65445
18.08.2026,19:10:21,22478,0.613671,0.030373,-0.08,-0.24,-5.375,-14.875,14.8125,1.501758e-8,0,0,0,0,0,1000,29.46875,20.5056
18.08.2026,19:10:21,22584,0.614694,0.119848,0.06,-0.21,-4.9375,-14.8125,14.5,0.001195,0,0,0,0,0,1000,29,23.88356
18.08.2026,19:10:21,22690,0.605488,0.088519,0.21,-0.27,-4.5,-15.125,14,0.001273,0,0,0,0,0,1000,28.125,22.02946
18.08.2026,19:10:21,22796,0.601397,0.017788,0.14,-0.3,-4.5625,-15.125,13.6875,1.495937e-8,0,0,0,0,0,1000,27.625,22.41037
18.08.2026,19:10:21,22902,0.593215,0.067353,0.06,-0.39,-4.875,-15,13.5,0.000646,0,0,0,0,0,1000,26.84375,21.54129
18.08.2026,19:10:21,23008,0.599352,0.106574,0.03,-0.23,-5.375,-14.5625,13.375,0.001029,0,0,0,0,0,1000,26.59375,15.78537
18.08.2026,19:10:21,23114,0.595261,-0.093698,-0.12,-0.27,-5.75,-14.625,13.125,-4.749745e-8,0,0,0,0,0,1000,25.9375,14.44902
18.08.2026,19:10:21,23220,0.590147,-0.062449,-0.18,-0.32,-6.25,-15.1875,12.625,-4.167669e-8,0,0,0,0,0,1010,25.5,16.13948
18.08.2026,19:10:21,23326,0.593215,0.127421,0,-0.29,-6.625,-15,12.125,0.001248,0,0,0,0,0,1020,23.78125,14.32855
18.08.2026,19:10:21,23432,0.612648,0.145848,-0.01,-0.19,-6.9375,-14.625,11.8125,6.91507e-8,0,0,0,0,0,1025,23.46875,9.077164
18.08.2026,19:10:21,23538,0.60958,0.124384,0,-0.23,-7.4375,-14.75,11.4375,5.797483e-8,0,0,0,0,0,1035,22.5625,7.257172
18.08.2026,19:10:21,23645,0.618785,-0.156035,-0.04,-0.31,-8.125,-15.8125,11,-0.000822,0,0,0,0,0,1045,22.25,5.077164
18.08.2026,19:10:21,23751,0.624921,-0.074719,0.05,-0.34,-8.6875,-16.25,10.6875,0.000223,0,0,0.000007607903,0,0,1055,21.625,6.176739
18.08.2026,19:10:21,23857,0.62799,-0.053746,0.06,-0.24,-9.1875,-15.375,10.5,0.000632,0,0,0.000049,0,0,1060,20.84375,-1.436241
18.08.2026,19:10:21,23963,0.642309,-0.033429,-0.14,-0.24,-9.4375,-14.375,10.375,0.000804,0,0,0.000151,0,0,1070,20.75,0.705124
18.08.2026,19:10:21,24069,0.63924,-0.102856,-0.12,-0.46,-9.625,-13.375,10.1875,0.000795,0,0,0.000307,0,0,1080,20.375,1.239426
18.08.2026,19:10:21,24175,0.651514,-0.011966,-0.09,0.08,-9.5,-13.0625,9.5625,0.002881,0,0,0.00057,0,0,1090,19.5,1.309418
18.08.2026,19:10:21,24281,0.670947,-0.051274,0.21,-0.16,-9.25,-14.625,8.875,0.003413,0,0,0.000949,0,0,1095,17.28125,1.797581
18.08.2026,19:10:21,24387,0.665833,0.048862,0.08,0.08,-9,-15.375,8.3125,0.005676,0,0,0.001417,0,0,1105,16.15625,6.586227
18.08.2026,19:10:21,24493,0.670947,0.158248,0.13,0.13,-8.875,-16,8,0.006994,0,0,0.002092,0,0,1115,15.84375,5.507362
18.08.2026,19:10:21,24599,0.681175,0.047,0.19,0.03,-8.8125,-16.5,7.9375,0.008742,0,0,0.002877,0,0,1125,15.875,3.916664
18.08.2026,19:10:21,24705,0.681175,-0.01291,0.2,-0.01,-8.75,-16.25,8.1875,0.010591,0,0,0.003958,0,0,1135,16.53125,4.559414
18.08.2026,19:10:21,24811,0.674015,-0.112176,0.05,-0.02,-8.625,-16.0625,8.5625,0.013514,0,0,0.005301,0,0,1140,17.4375,4.797585
18.08.2026,19:10:21,24917,0.677083,-0.031069,0.14,-0.27,-8.4375,-15.875,8.9375,0.016143,0,0,0.006781,0,0,1150,18.1875,7.077354
18.08.2026,19:10:21,25023,0.666856,-0.02068,0.15,-0.3,-8.0625,-15.4375,9.3125,0.018854,0,0,0.008731,0,0,1160,18.625,11.93146
18.08.2026,19:10:21,25130,0.674015,0.049547,0,-0.29,-7.4375,-16,9.5,0.022811,0,0,0.010831,0,0,1170,19,8.650303
18.08.2026,19:10:21,25236,0.679129,-0.00068,-0.02,-0.07,-7,-17.1875,9.5,0.026674,0,0,0.013541,0,0,1175,19,10.45393
18.08.2026,19:10:21,25342,0.671969,-0.050043,0.02,0,-6.5625,-18.4375,9.375,0.030206,0,0,0.016716,0,0,1185,18.75,16.20531
18.08.2026,19:10:21,25448,0.672992,0.030824,0.22,-0.14,-6.25,-18.5625,9.3125,0.035414,0,0,0.020046,0,0,1195,18.625,15.74553
18.08.2026,19:10:21,25554,0.65765,0.010779,-0.2,0.02,-6.0625,-16.9375,9.4375,0.040896,0,0,0.024247,0,0,1205,19.03125,16.34825
18.08.2026,19:10:21,25660,0.676061,-0.097584,-0.2,-0.04,-6.1875,-15.5625,9.6875,0.04618,0,0,0.028598,0,0,1210,19.40625,13.12053
18.08.2026,19:10:21,25766,0.661742,0.003638,0.09,-0.12,-6.3125,-15.625,9.6875,0.051973,0,0,0.03402,0,0,1220,19.375,12.51781
18.08.2026,19:10:21,25872,0.659696,0.113608,0,-0.28,-6.4375,-16.0625,9.5,0.059341,0,0,0.040165,0,0,1230,18.84375,12.21418
18.08.2026,19:10:21,25978,0.656628,0.024614,0.01,-0.36,-6.4375,-16.1875,9.3125,0.066038,0,0,0.04643,0,0,1240,18.46875,13.71123
18.08.2026,19:10:21,26084,0.652537,0.124553,0.16,-0.32,-6.3125,-16,9.125,0.07451,0,0,0.054125,0,0,1245,18.09375,14.21123
18.08.2026,19:10:21,26190,0.653559,0.034138,0.2,-0.04,-6.1875,-15.875,8.875,0.082289,0,0,0.061904,0,0,1255,17.875,14.46123
18.08.2026,19:10:21,26296,0.6464,0.123875,0.2,-0.07,-6.125,-15.375,8.6875,0.090782,0,0,0.071384,0,0,1265,17.5,15.14124
18.08.2026,19:10:21,26402,0.644354,0.173414,0.02,-0.49,-6.0625,-15.1875,8.5625,0.101343,0,0,0.081897,0,0,1275,17.25,15.50579
18.08.2026,19:10:21,26508,0.650491,0.003453,-0.15,-0.14,-6.0625,-15.25,8.5,0.108986,0,0,0.092411,0,0,1285,17,15.37487
18.08.2026,19:10:21,26615,0.653559,0.154919,0.05,-0.25,-5.9375,-15.1875,8.3125,0.12085,0,0,0.105095,0,0,1290,16.75,15.51032
18.08.2026,19:10:21,26721,0.655605,0.114833,0.14,-0.39,-5.625,-14.875,8.3125,0.132623,0,0,0.119024,0,0,1300,16.625,20.20078
18.08.2026,19:10:21,26827,0.652537,0.244712,0.26,-0.06,-5.375,-14,8.3125,0.145048,0,0,0.132829,0,0,1310,16.625,19.67101
18.08.2026,19:10:21,26933,0.656628,0.013183,0.28,0.09,-5.0625,-12.625,8.3125,0.156701,0,0,0.149345,0,0,1320,16.625,20.83919
18.08.2026,19:10:21,27039,0.655605,0.19376,0.22,-0.92,-4.75,-11.0625,8.375,0.16915,0,0,0.165633,0,0,1325,16.75,23.58623
18.08.2026,19:10:21,27145,0.670947,0.394138,0.13,-0.74,-4.4375,-9,8.25,0.1819,0,0,0.185025,0,0,1335,16.46875,21.44486
18.08.2026,19:10:21,27251,0.669924,0.082605,0.34,-0.18,-4.125,-9,8.125,0.198715,0,0,0.206042,0,0,1345,16.09375,26.0535
18.08.2026,19:10:21,27357,0.669924,0.072938,0.32,-0.45,-3.9375,-10.125,7.9375,0.213137,0,0,0.226629,0,0,1355,15.71875,23.82578
18.08.2026,19:10:21,27463,0.670947,-0.085206,0.06,-0.34,-4,-12.5,7.5625,0.227412,0,0,0.250981,0,0,1360,14.8125,23.34668
18.08.2026,19:10:21,27569,0.678106,0.00813,0.17,-0.48,-4.1875,-13.625,7.1875,0.244113,0,0,0.274741,0,0,1370,14.375,22.4003
18.08.2026,19:10:21,27675,0.678106,0.159736,0.13,0.04,-4.25,-12.1875,6.75,0.263675,0,0,0.30274,0,0,1380,13.75,22.10121
18.08.2026,19:10:21,27781,0.687311,0.320406,0.3,-0.25,-4.1875,-10.4375,6.5,0.28413,0,0,0.332776,0,0,1390,13.25,22.20393
18.08.2026,19:10:21,27887,0.688334,0.040027,0.06,0.18,-4.25,-10.125,6.3125,0.299152,0,0,0.361923,0,0,1400,12.46875,21.52845
18.08.2026,19:10:21,27993,0.69038,0.002035,-0.09,-0.52,-4.5625,-11.125,6,0.32092,0,0,0.396093,0,0,1405,11.84375,19.27235
18.08.2026,19:10:21,28100,0.688334,0.085241,0.02,-0.07,-5.125,-12.1875,5.625,0.340232,0,0,0.429144,0,0,1415,11.34375,15.7471
18.08.2026,19:10:21,28206,0.700607,0.14687,0.47,-0.01,-5.4375,-11.9375,5.5,0.361818,0,0,0.467771,0,0,1425,10.84375,15.44505
18.08.2026,19:10:21,28312,0.692425,-0.011958,0.77,-0.78,-5.125,-11.8125,5.4375,0.385023,0,0,0.508862,0,0,1435,10.875,26.15187
18.08.2026,19:10:21,28418,0.685266,0.289789,0.32,-0.09,-4.75,-10.8125,5.3125,0.406461,0,0,0.548431,0,0,1440,10.46875,19.79028
18.08.2026,19:10:21,28524,0.700607,-0.040088,-0.08,-0.12,-5.125,-10.625,5.0625,0.428387,0,0,0.594475,0,0,1450,9.96875,18.4212
18.08.2026,19:10:21,28630,0.702653,-0.007959,-0.09,-0.43,-6.0625,-10.25,4.4375,0.451469,0,0,0.638692,0,0,1460,9.125,15.38847
18.08.2026,19:10:21,28736,0.699585,0.313343,-0.15,-0.01,-6.75,-9.375,3.8125,0.479522,0,0,0.690009,0,0,1470,8,12.58938
18.08.2026,19:10:21,28842,0.711858,0.153675,-0.08,-0.58,-7.3125,-8.625,3.125,0.505505,0,0,0.744217,0,0,1475,6.625,4.378212
18.08.2026,19:10:21,28948,0.725154,0.113798,-0.09,-0.44,-7.75,-8.0625,2.375,0.529979,0,0,0.796077,0,0,1485,3.96875,2.791855
18.08.2026,19:10:21,29054,0.730268,0.344923,-0.07,-0.06,-8,-8.0625,1.375,0.559263,0,0,0.856039,0,0,1495,2.75,6.74572
18.08.2026,19:10:21,29160,0.740496,0.005623,-0.03,-0.25,-8.0625,-8.3125,0.75,0.58548,0,0,0.91327,0,0,1505,1.25,6.163895
18.08.2026,19:10:21,29266,0.755838,0.06645,-0.01,-0.38,-8.0625,-8.5625,0.0625,0.613261,0,0,0.979293,0,0,1515,0.5,5.591141
18.08.2026,19:10:21,29372,0.756861,-0.021555,0,-0.37,-7.9375,-8.625,359.375,0.645346,0,0,1.048609,0,0,1520,-1.71875,6.28751
18.08.2026,19:10:21,29478,0.786521,0.130443,-0.03,-0.16,-7.75,-8.4375,358.75,0.673525,0,0,1.114547,0,0,1530,-3.125,7.503586
18.08.2026,19:10:21,29585,0.784476,-0.037346,-0.02,-0.34,-7.4375,-7.9375,358,0.703478,0,0,1.190366,0,0,1540,-4.09375,7.132931
18.08.2026,19:10:21,29691,0.803909,0.245049,0.02,-0.29,-7.25,-7.625,357.4375,0.737438,0,0,1.269702,0,0,1550,-4.75,7.543808
18.08.2026,19:10:21,29797,0.820273,0.216015,-0.07,0.02,-6.9375,-7.375,356.875,0.767368,0,0,1.344939,0,0,1555,-5.875,8.756546
18.08.2026,19:10:21,29903,0.847888,0.078027,-0.02,-0.67,-6.75,-7.3125,356.25,0.799005,0,0,1.431188,0,0,1565,-7.125,10.73445
18.08.2026,19:10:21,30009,0.839706,0.280256,0,-0.2,-6.5,-7.375,355.6875,0.83197,0,0,1.512823,0,0,1575,-8.625,10.38469
18.08.2026,19:10:21,30115,0.866298,0.079682,0.06,-0.53,-6.25,-7.5625,354.9375,0.866537,0,0,1.606232,0,0,1585,-9.75,10.67649
18.08.2026,19:10:21,30221,0.865276,0.06161,0,-0.09,-6.125,-7.625,354.4375,0.899554,0,0,1.703483,0,0,1590,-10.875,13.34901
18.08.2026,19:10:21,30327,0.877549,-0.015859,0.02,-0.13,-6,-7.5625,353.9375,0.931249,0,0,1.795277,0,0,1600,-12.4375,12.02467
18.08.2026,19:10:21,30433,0.901073,0.296792,0,0.2,-5.8125,-7.5,353.4375,0.970407,0,0,1.900025,0,0,1610,-13.4375,14.07534
18.08.2026,19:10:21,30539,0.930734,0.337872,0,0.06,-5.75,-7.3125,353,1.003683,0,0,1.998725,0,0,1620,-14.46875,12.64828
18.08.2026,19:10:21,30645,0.916415,0.347514,-0.01,0.09,-5.625,-7.0625,352.5,1.041299,0,0,2.111165,0,0,1630,-15.0625,14.59623
18.08.2026,19:10:21,30751,0.920506,0.327065,-0.03,-0.1,-5.625,-6.9375,352.125,1.0782,0,0,2.227704,0,0,1635,-16.0625,12.05186
18.08.2026,19:10:21,30857,0.937893,0.526399,-0.05,-0.18,-5.5625,-6.875,351.6875,1.112618,0,0,2.337241,0,0,1645,-16.9375,12.76007
18.08.2026,19:10:21,30963,0.964486,0.374555,-0.09,-0.4,-5.5,-6.8125,351.3125,1.151465,0,0,2.461723,0,0,1655,-17.6875,11.99547
18.08.2026,19:10:21,31070,0.946076,0.263786,-0.1,-0.07,-5.4375,-6.875,350.8125,1.187105,0,0,2.578546,0,0,1665,-18.125,13.39099
18.08.2026,19:10:21,31176,0.98085,0.59273,-0.1,-0.35,-5.5,-6.75,350.4375,1.22449,0,0,2.711107,0,0,1670,-18.75,12.11002
18.08.2026,19:10:21,31282,1.001306,-0.058384,-0.03,-0.54,-5.5625,-6.5,350.1875,1.259819,0,0,2.847945,0,0,1680,-19.375,9.83931
18.08.2026,19:10:21,31388,1.007443,-0.324468,-0.04,-0.13,-5.5625,-6.25,349.9375,1.292825,0,0,2.976078,0,0,1690,-20.28125,11.61455
18.08.2026,19:10:21,31494,1.013579,-0.219198,-0.03,-0.57,-5.625,-6,349.6875,1.338611,0,0,3.121156,0,0,1700,-20.78125,11.31546
18.08.2026,19:10:21,31600,1.035058,-0.092653,-0.06,-0.22,-5.6875,-5.875,349.375,1.37461,0,0,3.256816,0,0,1705,-21.28125,11.21727
18.08.2026,19:10:21,31706,1.030967,0.106639,-0.06,0.19,-5.6875,-5.875,349.125,1.412392,0,0,3.410208,0,0,1715,-21.78125,10.81999
18.08.2026,19:10:21,31812,1.0504,0.446608,-0.01,-0.18,-5.75,-5.9375,348.875,1.454233,0,0,3.567978,0,0,1725,-22.40625,10.65181
18.08.2026,19:10:21,31918,1.067787,-0.422001,-0.07,-0.18,-5.75,-6.0625,348.625,1.490513,0,0,3.715214,0,0,1735,-22.90625,9.440834
18.08.2026,19:10:21,32024,1.085174,-0.37626,0.01,-0.06,-5.8125,-6.125,348.4375,1.523765,0,0,3.881371,0,0,1740,-23.28125,9.698135
18.08.2026,19:10:21,32130,1.098471,0.753351,-0.16,-0.45,-5.8125,-5.8125,348.25,1.569979,0,0,4.036243,0,0,1750,-23.375,9.289024
18.08.2026,19:10:21,32236,1.094379,-0.394784,-0.02,0.21,-5.875,-5.625,348.0625,1.606999,0,0,4.210807,0,0,1760,-23.75,9.153576
18.08.2026,19:10:21,32342,1.129154,0.779472,-0.11,-0.61,-5.875,-5.5625,347.9375,1.651854,0,0,4.389775,0,0,1770,-24,9.709969
18.08.2026,19:10:21,32448,1.1312,-0.173402,-0.11,-0.9,-5.875,-5.625,347.8125,1.678691,0,0,4.556295,0,0,1780,-24.375,9.186306
18.08.2026,19:10:21,32555,1.125063,0.826778,-0.21,-0.6,-5.8125,-5.875,347.6875,1.723347,0,0,4.743667,0,0,1785,-24.625,8.225327
18.08.2026,19:10:21,32661,1.136314,0.824075,-0.28,-0.23,-5.625,-6.25,347.5625,1.768627,0,0,4.93543,0,0,1795,-24.875,10.48874
18.08.2026,19:10:21,32767,1.157792,-0.531474,-0.15,0.16,-5.5,-6.375,347.4375,1.791273,0,0,5.113564,0,0,1805,-25.125,9.622608
18.08.2026,19:10:21,32873,1.184384,0.021206,-0.06,-0.91,-5.375,-6.1875,347.3125,1.839111,0,0,5.313684,0,0,1815,-25.53125,10.9978
18.08.2026,19:10:21,32979,1.18643,1.096563,-0.13,-0.74,-5.25,-5.875,347.25,1.875087,0,0,5.499396,0,0,1820,-25.5,11.62871
18.08.2026,19:10:21,33085,1.202795,-0.720778,-0.07,0.15,-5.1875,-5.3125,347.25,1.904565,0,0,5.707828,0,0,1830,-25.5,10.59441
18.08.2026,19:10:21,33191,1.218136,1.034063,-0.12,-0.83,-5.125,-4.9375,347.1875,1.953842,0,0,5.920588,0,0,1840,-25.78125,9.649799
18.08.2026,19:10:21,33297,1.219159,0.036716,-0.3,0.23,-5.0625,-4.625,347.1875,1.989371,0,0,6.117749,0,0,1850,-25.625,10.1289
18.08.2026,19:10:21,33403,1.229387,-0.071747,-0.07,-0.93,-5,-4.5,347.1875,2.024958,0,0,6.338725,0,0,1855,-25.625,11.66321
18.08.2026,19:10:21,33509,1.254957,1.030735,0,-0.85,-4.9375,-4.625,347.1875,2.071282,0,0,6.543322,0,0,1865,-25.625,9.990685
18.08.2026,19:10:21,33615,1.257002,0.731064,-0.07,-0.99,-4.8125,-4.75,347.1875,2.102176,0,0,6.772438,0,0,1875,-25.625,10.58434
18.08.2026,19:10:21,33721,1.272344,-0.273436,-0.29,0.32,-4.75,-4.5625,347.1875,2.135167,0,0,7.005786,0,0,1885,-25.625,10.39703
18.08.2026,19:10:21,33827,1.287686,-0.25556,-0.09,-0.74,-4.625,-4.375,347.1875,2.17003,0,0,7.221574,0,0,1895,-25.625,10.89703
18.08.2026,19:10:21,33933,1.315301,0.043377,-0.13,-1.18,-4.4375,-4.4375,347.125,2.213158,0,0,7.462937,0,0,1900,-25.90625,13.37318
18.08.2026,19:10:21,34040,1.306096,0.986819,0,-1.28,-4.0625,-4.9375,347.0625,2.247504,0,0,7.685971,0,0,1910,-26.03125,16.08295
18.08.2026,19:10:21,34146,1.307119,0.874485,-0.04,-1.12,-3.875,-5,347,2.291076,0,0,7.935259,0,0,1920,-26,16.22413
18.08.2026,19:10:21,34252,1.306096,1.059132,0.12,-1.33,-3.625,-4.625,346.9375,2.322276,0,0,8.188662,0,0,1930,-26.28125,15.10127
18.08.2026,19:10:21,34358,1.30405,-1.149802,-0.17,0.65,-3.375,-4.1875,346.9375,2.35597,0,0,8.422578,0,0,1935,-26.125,16.6413
18.08.2026,19:10:21,34464,1.337802,-1.025845,-0.01,0.55,-3.125,-3.8125,346.875,2.38012,0,0,8.683764,0,0,1945,-26.25,18.90924
18.08.2026,19:10:21,34570,1.32962,1.123062,-0.24,-0.48,-2.9375,-3.1875,346.75,2.415719,0,0,8.924711,0,0,1955,-26.375,16.61153
18.08.2026,19:10:21,34676,1.337802,-0.339174,-0.34,0.91,-2.8125,-3.125,346.75,2.462489,0,0,9.193588,0,0,1965,-26.5,16.8497
18.08.2026,19:10:21,34782,1.331665,0.508793,-0.48,0.19,-2.6875,-3.25,346.75,2.501339,0,0,9.466455,0,0,1970,-26.5,17.28424
18.08.2026,19:10:21,34888,1.326552,-1.022745,-0.36,1.11,-2.5625,-3.5625,346.6875,2.518759,0,0,9.717957,0,0,1980,-26.625,18.607
18.08.2026,19:10:21,34994,1.339848,-1.134204,-0.12,0.59,-2.375,-3.5625,346.6875,2.567066,0,0,9.998368,0,0,1990,-26.625,20.52675
18.08.2026,19:10:21,35100,1.338825,1.357206,-0.06,-0.9,-2.1875,-3.1875,346.625,2.599293,0,0,10.25669,0,0,2000,-26.75,19.75881
18.08.2026,19:10:21,35206,1.338825,0.730861,0.24,-1.67,-2.125,-2.9375,346.625,2.639081,0,0,10.54453,0,0,2000,-26.75,20.11153
18.08.2026,19:10:21,35312,1.350076,-0.999673,-0.08,-0.02,-2,-2.6875,346.6875,2.665698,0,0,10.83603,0,0,2000,-26.625,21.634
18.08.2026,19:10:21,35418,1.338825,1.239451,0.05,-0.95,-1.9375,-2.5,346.6875,2.6926,0,0,11.10396,0,0,2000,-26.625,20.66515
18.08.2026,19:10:21,35525,1.354167,-1.194021,-0.41,0.92,-1.9375,-2.125,346.75,2.723762,0,0,11.40167,0,0,2000,-26.5,20.33786
18.08.2026,19:10:21,35631,1.353144,-1.029369,0.12,-0.14,-1.875,-2.25,346.6875,2.745324,0,0,11.70228,0,0,2000,-26.5,21.25881
18.08.2026,19:10:21,35737,1.345984,-1.130502,-0.29,1.5,-1.875,-2.25,346.6875,2.766607,0,0,11.97789,0,0,2000,-26.625,20.91516
18.08.2026,19:10:21,35843,1.362349,0.830009,-0.41,0.03,-1.9375,-2,346.6875,2.795948,0,0,12.28343,0,0,2000,-26.625,19.11902
18.08.2026,19:10:21,35949,1.34087,-1.132033,-0.11,0.24,-2.0625,-1.5625,346.6875,2.794672,0,0,12.56318,0,0,2000,-26.625,21.49068
18.08.2026,19:10:21,36055,1.327574,1.304933,-0.33,-0.8,-2.25,-1.375,346.75,2.82493,0,0,12.87292,0,0,2000,-26.5,19.50151
18.08.2026,19:10:21,36161,1.365417,1.052601,0.24,-2.41,-2.3125,-1.6875,346.75,2.852275,0,0,13.18461,0,0,2000,-26.5,18.85423
18.08.2026,19:10:21,36267,1.34087,1.13934,0.07,-1.94,-2.3125,-2.125,346.8125,2.867478,0,0,13.46952,0,0,2000,-26.375,19.60699
18.08.2026,19:10:21,36373,1.350076,-0.051885,0.11,-1.61,-2.375,-2.4375,346.875,2.87066,0,0,13.78451,0,0,2000,-26.09375,18.94788
18.08.2026,19:10:21,36479,1.332688,1.352337,0.06,-2.45,-2.375,-2.5625,346.8125,2.882789,0,0,14.07219,0,0,2000,-26.375,18.88243
18.08.2026,19:10:21,36585,1.361326,-0.641215,0.09,-0.61,-2.1875,-2.625,346.75,2.888787,0,0,14.38998,0,0,2000,-26.5,20.61764
18.08.2026,19:10:21,36691,1.371554,-1.20306,-0.59,1.45,-2.0625,-2.6875,346.6875,2.906373,0,0,14.70907,0,0,2000,-26.625,21.79311
18.08.2026,19:10:21,36797,1.357235,0.123444,-0.56,0.45,-2,-2.5,346.6875,2.915825,0,0,15.00019,0,0,2000,-26.625,20.16969
18.08.2026,19:10:21,36903,1.368486,1.424356,-0.2,-1.2,-1.875,-2.25,346.6875,2.939919,0,0,15.32146,0,0,2000,-26.625,20.12965
18.08.2026,19:10:21,37010,1.364395,0.856337,0.05,-2.18,-1.5625,-1.875,346.6875,2.92144,0,0,15.61441,0,0,2000,-26.625,21.84969
18.08.2026,19:10:21,37116,1.363372,1.348982,0.37,-1.55,-1.25,-1.6875,346.6875,2.941523,0,0,15.93754,0,0,2000,-26.625,23.18152
18.08.2026,19:10:21,37222,1.345984,1.165415,-0.15,-0.85,-1.125,-1.3125,346.6875,2.960992,0,0,16.26152,0,0,2000,-26.625,23.73061
18.08.2026,19:10:21,37328,1.349053,0.907079,0.5,-2.03,-1.125,-1,346.625,2.964599,0,0,16.55673,0,0,2000,-26.75,23.86606
18.08.2026,19:10:21,37434,1.355189,-1.023338,-0.01,-0.07,-1.25,-0.875,346.5625,2.961467,0,0,16.88214,0,0,2000,-26.875,21.60719
18.08.2026,19:10:21,37540,1.341893,0.990501,-0.52,-0.14,-1.375,-1.1875,346.4375,2.966728,0,0,17.17856,0,0,2000,-27,23.52518
18.08.2026,19:10:21,37646,1.343939,0.001205,-0.73,0.72,-1.4375,-1.625,346.4375,2.972508,0,0,17.50519,0,0,2000,-27.125,22.99698
18.08.2026,19:10:21,37752,1.349053,-0.971792,-0.54,1.45,-1.4375,-2.0625,346.4375,2.97692,0,0,17.83239,0,0,2000,-27.125,22.25604
18.08.2026,19:10:21,37858,1.356212,0.985583,-0.48,-0.2,-1.4375,-2.0625,346.4375,2.980992,0,0,18.13029,0,0,2000,-27.125,23.02518
18.08.2026,19:10:21,37964,1.357235,-0.170136,-0.57,0.79,-1.5,-1.8125,346.4375,2.983949,0,0,18.45843,0,0,2000,-27.125,20.01806
18.08.2026,19:10:21,38070,1.313255,0.175847,0.3,-1.83,-1.5625,-1.1875,346.4375,3.00156,0,0,18.75711,0,0,2000,-27.125,21.93605
18.08.2026,19:10:21,38176,1.352121,-1.422246,-0.29,0.7,-1.625,-0.8125,346.4375,2.992026,0,0,19.08605,0,0,2000,-27.125,21.5715
18.08.2026,19:10:21,38282,1.345984,1.281993,0.03,-1.86,-1.6875,-0.625,346.375,3.00866,0,0,19.41535,0,0,2000,-27.25,21.33786
18.08.2026,19:10:21,38388,1.325529,0.417457,0.11,-1.73,-1.6875,-0.6875,346.375,3.002641,0,0,19.715,0,0,2000,-27.25,21.17422
18.08.2026,19:10:21,38495,1.302005,-0.420402,-0.77,1.15,-1.6875,-1.125,346.375,3.000551,0,0,20.04492,0,0,2000,-27.25,21.48515
18.08.2026,19:10:21,38601,1.310187,-1.306267,-0.63,1.55,-1.6875,-1.375,346.4375,2.990669,0,0,20.37511,0,0,2000,-27.125,22.22608
18.08.2026,19:10:21,38707,1.353144,0.581107,-0.68,0.21,-1.6875,-1.4375,346.5,3.011586,0,0,20.67552,0,0,2000,-27,21.77971
18.08.2026,19:10:21,38813,1.325529,-0.779006,-0.78,1.3,-1.625,-1.4375,346.5625,3.007134,0,0,21.0062,0,0,2000,-26.875,22.48792
18.08.2026,19:10:21,38919,1.336779,-1.465372,-0.53,1.63,-1.5,-1.125,346.5625,3.008866,0,0,21.307,0,0,2000,-26.875,24.46859
18.08.2026,19:10:21,39025,1.352121,1.121433,0.12,-2.11,-1.5625,-0.8125,346.625,3.01168,0,0,21.63807,0,0,2000,-26.75,22.08787
18.08.2026,19:10:21,39131,1.334734,-0.03425,0.32,-1.53,-1.625,-0.75,346.625,3.012215,0,0,21.96933,0,0,2000,-26.75,21.0236
18.08.2026,19:10:21,39237,1.328597,1.058482,0.15,-2.31,-1.6875,-0.6875,346.6875,3.013551,0,0,22.27062,0,0,2000,-26.625,22.15609
18.08.2026,19:10:21,39343,1.337802,1.418864,-0.07,-1.7,-1.75,-0.6875,346.75,3.029929,0,0,22.60218,0,0,2000,-26.5,21.54607
18.08.2026,19:10:21,39449,1.339848,0.192753,0.2,-1.7,-1.6875,-0.8125,346.8125,3.018767,0,0,22.90373,0,0,2000,-26.375,21.74698
18.08.2026,19:10:21,39555,1.338825,-1.18578,-0.05,-0.23,-1.625,-0.875,346.8125,3.017164,0,0,23.23556,0,0,2000,-26.375,21.8006
18.08.2026,19:10:21,39661,1.334734,-1.100417,-0.63,1.48,-1.625,-0.75,346.8125,3.008018,0,0,23.5675,0,0,2000,-26.375,22.17699
18.08.2026,19:10:21,39767,1.356212,0.129501,-0.79,0.36,-1.5625,-0.6875,346.8125,3.021171,0,0,23.86936,0,0,2000,-26.375,23.17126
18.08.2026,19:10:21,39873,1.330643,-0.799154,0.12,-0.7,-1.375,-0.75,346.8125,3.01995,0,0,24.20151,0,0,2000,-26.375,24.72312
18.08.2026,19:10:21,39980,1.331665,0.498364,-0.41,0.22,-1.3125,-0.625,346.875,3.020683,0,0,24.50354,0,0,2000,-26.375,23.42699
18.08.2026,19:10:21,40086,1.326552,1.381156,0.19,-1.72,-1.375,-0.4375,346.875,3.03598,0,0,24.83586,0,0,2000,-26.25,21.64722
18.08.2026,19:10:21,40192,1.323483,0.967019,-0.42,-0.36,-1.5,-0.3125,346.875,3.022098,0,0,25.16825,0,0,2000,-26.25,21.44178
18.08.2026,19:10:21,40298,1.313255,1.025898,-0.09,-2.13,-1.5,-0.5,346.875,3.022662,0,0,25.47049,0,0,2000,-26.25,23.41339
18.08.2026,19:10:21,40404,1.28564,1.188399,-0.05,-1.25,-1.375,-0.9375,346.9375,3.035725,0,0,25.80301,0,0,2000,-26.125,24.78858
18.08.2026,19:10:21,40510,1.314278,0.953671,0.23,-2.07,-1.3125,-0.875,347,3.029246,0,0,26.10536,0,0,2000,-26,23.31244
18.08.2026,19:10:21,40616,1.331665,-0.58133,0.23,-0.91,-1.3125,-0.5,347,3.024188,0,0,26.438,0,0,2000,-26,23.3288
18.08.2026,19:10:21,40722,1.314278,-1.407038,-0.34,0.76,-1.4375,-0.1875,347,3.011158,0,0,26.77068,0,0,2000,-26,23.22608
18.08.2026,19:10:21,40828,1.287686,-0.464574,-0.57,1.08,-1.5625,0,347,3.020971,0,0,27.07316,0,0,2000,-26,21.2736
18.08.2026,19:10:21,40934,1.307119,-0.024783,0.19,-1.65,-1.75,-0.0625,347,3.025364,0,0,27.40593,0,0,2000,-26,20.5727
18.08.2026,19:10:21,41040,1.313255,-0.257256,-0.69,0.89,-2.0625,-0.1875,347,3.025672,0,0,27.70849,0,0,2000,-26,17.53562
18.08.2026,19:10:21,41146,1.321438,-1.200631,-0.55,1.32,-2.3125,-0.3125,347,3.014644,0,0,28.04133,0,0,2000,-26,20.08611
18.08.2026,19:10:21,41252,1.326552,0.175345,-0.97,0.36,-2.5,-0.4375,347,3.026269,0,0,28.3742,0,0,2000,-26,17.32723
18.08.2026,19:10:21,41358,1.316324,1.284027,-0.01,-1.52,-2.625,-0.5625,347.0625,3.026507,0,0,28.67684,0,0,2000,-25.875,16.94178
18.08.2026,19:10:21,41465,1.321438,0.929509,0.23,-2.18,-2.625,-0.5625,347.125,3.012057,0,0,29.00977,0,0,2000,-25.75,17.75151
18.08.2026,19:10:21,41571,1.321438,1.25181,0.12,-1.79,-2.6875,-0.4375,347.1875,3.026968,0,0,29.34273,0,0,2000,-25.625,18.13973
18.08.2026,19:10:21,41677,1.325529,0.23713,0.21,-1.78,-2.75,-0.3125,347.1875,3.027151,0,0,29.64543,0,0,2000,-25.625,17.857
18.08.2026,19:10:21,41783,1.316324,1.115983,0.16,-2.18,-2.8125,-0.1875,347.1875,3.039215,0,0,29.97843,0,0,2000,-25.625,16.2736
18.08.2026,19:10:21,41889,1.321438,-0.164115,0.18,-1.25,-2.8125,-0.1875,347.25,3.026594,0,0,30.28117,0,0,2000,-25.5,18.08157
18.08.2026,19:10:21,41995,1.333711,-0.179866,-0.65,0.46,-2.75,-0.25,347.25,3.027645,0,0,30.6142,0,0,2000,-25.5,17.03877
18.08.2026,19:10:21,42101,1.339848,-0.55468,0.04,-0.87,-2.8125,-0.375,347.25,3.022973,0,0,30.94725,0,0,2000,-25.5,18.08611
18.08.2026,19:10:21,42207,1.334734,-1.258018,-0.42,0.9,-2.75,-0.5,347.25,3.016044,0,0,31.25003,0,0,2000,-25.5,17.56243
18.08.2026,19:10:21,42313,1.342916,-0.621828,-0.69,1.06,-2.8125,-0.625,347.3125,3.028027,0,0,31.58311,0,0,2000,-25.21875,17.65609
18.08.2026,19:10:21,42419,1.337802,0.960021,-0.55,-0.16,-2.8125,-0.5,347.3125,3.028128,0,0,31.88592,0,0,2000,-25.375,17.52518
18.08.2026,19:10:21,42525,1.334734,1.284137,0.07,-1.63,-2.75,-0.125,347.375,3.041803,0,0,32.21901,0,0,2000,-25.25,20.205
18.08.2026,19:10:21,42631,1.330643,0.243405,0.12,-1.55,-2.75,0.125,347.375,3.028322,0,0,32.55211,0,0,2000,-25.40625,17.20242
18.08.2026,19:10:21,42737,1.354167,0.007544,-0.81,0.7,-2.625,0.25,347.4375,3.028399,0,0,32.85496,0,0,2000,-25.125,19.28128
18.08.2026,19:10:21,42843,1.347007,0.962193,-0.15,-0.59,-2.5625,0.25,347.4375,3.038893,0,0,33.1881,0,0,2000,-25.125,18.59064
18.08.2026,19:10:21,42950,1.357235,-1.36578,-0.34,0.26,-2.5,0.125,347.4375,3.038139,0,0,33.49094,0,0,2000,-25.125,18.1206
18.08.2026,19:10:21,43056,1.338825,-1.128857,-0.64,1.27,-2.4375,0,347.4375,3.028607,0,0,33.82408,0,0,2000,-25.125,18.51334
18.08.2026,19:10:21,43162,1.355189,-1.412133,-0.43,0.81,-2.4375,-0.0625,347.5,3.015424,0,0,34.15721,0,0,2000,-25,18.40332
18.08.2026,19:10:21,43268,1.360303,-0.771756,-0.12,-0.77,-2.375,0,347.5625,3.021871,0,0,34.46009,0,0,2000,-24.71875,18.80061
18.08.2026,19:10:21,43374,1.364395,-1.504725,-0.63,1.04,-2.3125,0,347.5625,3.028768,0,0,34.79327,0,0,2000,-24.875,20.44946
18.08.2026,19:10:21,43480,1.367463,-0.737871,-0.62,1.2,-2.25,0.125,347.625,3.02881,0,0,35.09615,0,0,2000,-24.75,20.56855
18.08.2026,19:10:21,43586,1.357235,0.782952,-0.68,-0.1,-2.1875,0.1875,347.6875,3.037608,0,0,35.42933,0,0,2000,-24.625,19.69788
18.08.2026,19:10:21,43692,1.382805,0.991403,0.03,-1.56,-2.0625,0.1875,347.6875,3.028892,0,0,35.7625,0,0,2000,-24.625,21.72765
18.08.2026,19:10:21,43798,1.382805,-1.403648,-0.61,1.47,-2.0625,0.125,347.6875,3.028924,0,0,36.06539,0,0,2000,-24.625,20.44335
18.08.2026,19:10:21,43904,1.358258,-0.026275,-0.78,0.44,-1.9375,0.125,347.6875,3.029627,0,0,36.39857,0,0,2000,-24.625,21.94946
18.08.2026,19:10:21,44010,1.379736,1.039447,-0.33,-0.51,-1.8125,0.0625,347.625,3.039295,0,0,36.70145,0,0,2000,-24.75,20.21148
18.08.2026,19:10:21,44116,1.367463,0.702323,0,-1.87,-1.8125,0,347.5625,3.029012,0,0,37.03463,0,0,2000,-24.75,20.98515
18.08.2026,19:10:21,44222,1.371554,-0.285121,0.04,-1.35,-1.6875,-0.0625,347.5625,3.027041,0,0,37.36781,0,0,2000,-24.875,20.98968
18.08.2026,19:10:21,44328,1.374622,0.257599,-0.76,0.23,-1.5625,0,347.5,3.032498,0,0,37.67069,0,0,2000,-25.15625,22.8767
18.08.2026,19:10:21,44435,1.368486,-0.207126,0,-1.08,-1.5,0,347.5,3.02908,0,0,38.00391,0,0,2000,-25,22.26787
18.08.2026,19:10:21,44541,1.374622,-1.642132,-0.48,0.65,-1.5,-0.0625,347.5,3.013455,0,0,38.33712,0,0,2000,-25,22.3006
18.08.2026,19:10:21,44647,1.372577,-0.985421,-0.6,1.42,-1.4375,-0.0625,347.5,3.020122,0,0,38.64005,0,0,2000,-25,21.89602
18.08.2026,19:10:21,44753,1.378713,-1.70944,-0.54,1.02,-1.4375,0,347.5625,3.029132,0,0,38.97327,0,0,2000,-24.875,22.19058
18.08.2026,19:10:21,44859,1.365417,-0.986766,-0.14,-0.47,-1.4375,0.1875,347.5625,3.029145,0,0,39.27619,0,0,2000,-24.875,20.31715
18.08.2026,19:10:21,44965,1.3736,-1.28394,-0.52,1,-1.4375,0.25,347.625,3.015639,0,0,39.60941,0,0,2000,-24.75,22.20695
18.08.2026,19:10:21,45071,1.367463,-0.571877,-0.71,1.28,-1.5,0.3125,347.625,3.029172,0,0,39.94263,0,0,2000,-24.75,22.41516
18.08.2026,19:10:21,45177,1.364395,0.840489,-0.39,-0.39,-1.5625,0.25,347.625,3.029183,0,0,40.24555,0,0,2000,-24.75,20.50447
18.08.2026,19:10:21,45283,1.36644,1.178869,0.08,-2.14,-1.6875,0.125,347.625,3.042044,0,0,40.57877,0,0,2000,-24.75,19.51353
18.08.2026,19:10:21,45389,1.364395,0.291526,-0.04,-1.54,-1.75,0.0625,347.625,3.017609,0,0,40.88169,0,0,2000,-24.75,20.48238
18.08.2026,19:10:21,45495,1.357235,1.204828,-0.04,-1.95,-1.6875,0,347.6875,3.029211,0,0,41.21491,0,0,2000,-24.625,21.49698
18.08.2026,19:10:21,45601,1.36644,-0.130797,0.03,-1.64,-1.6875,0,347.6875,3.02899,0,0,41.54813,0,0,2000,-24.625,20.97784
18.08.2026,19:10:21,45707,1.360303,0.603942,0.15,-1.94,-1.5625,-0.0625,347.6875,3.036291,0,0,41.85106,0,0,2000,-24.625,23.72765
18.08.2026,19:10:21,45813,1.367463,-0.438772,0.1,-1.25,-1.5625,-0.0625,347.6875,3.029233,0,0,42.18427,0,0,2000,-24.625,21.72331
18.08.2026,19:10:21,45920,1.350076,-0.133109,-0.8,0.7,-1.5,0.125,347.6875,3.029238,0,0,42.4872,0,0,2000,-24.625,23.39703
18.08.2026,19:10:21,46026,1.363372,-0.876295,-0.59,1.23,-1.4375,0.3125,347.6875,3.021517,0,0,42.82042,0,0,2000,-24.625,23.78581
18.08.2026,19:10:21,46132,1.357235,-1.579107,-0.48,0.84,-1.375,0.375,347.625,3.029249,0,0,43.15363,0,0,2000,-24.90625,24.28128
18.08.2026,19:10:21,46238,1.34803,-0.707113,-0.68,1.17,-1.3125,0.25,347.625,3.029253,0,0,43.45656,0,0,2000,-24.75,24.13853
18.08.2026,19:10:21,46344,1.370531,-1.12796,-0.48,0.89,-1.25,0.1875,347.625,3.01912,0,0,43.78978,0,0,2000,-24.75,24.99402
18.08.2026,19:10:21,46450,1.358258,1.151621,-0.16,-1.47,-1.1875,0,347.625,3.024887,0,0,44.0927,0,0,2000,-24.75,23.49698
18.08.2026,19:10:21,46556,1.355189,0.391686,-0.08,-1.8,-1.125,0.0625,347.625,3.029266,0,0,44.42592,0,0,2000,-24.75,23.73515
18.08.2026,19:10:21,46662,1.36644,-0.432391,-0.65,0.67,-1,0.125,347.6875,3.026133,0,0,44.75914,0,0,2000,-24.46875,24.38243
18.08.2026,19:10:21,46768,1.378713,0.784613,-0.48,-0.31,-0.875,0.25,347.6875,3.038365,0,0,45.06206,0,0,2000,-24.625,24.88242
18.08.2026,19:10:21,46874,1.367463,1.240401,-0.08,-1.59,-0.75,0.3125,347.6875,3.029274,0,0,45.39528,0,0,2000,-24.625,24.62966
18.08.2026,19:10:21,46980,1.351098,0.49979,0.07,-1.72,-0.625,0.25,347.6875,3.029276,0,0,45.6982,0,0,2000,-24.625,25.94335
18.08.2026,19:10:21,47086,1.357235,-1.03791,-0.07,-0.28,-0.5,0.125,347.6875,3.02012,0,0,46.03142,0,0,2000,-24.625,27.79765
18.08.2026,19:10:21,47192,1.356212,0.16296,-0.01,-1.58,-0.5,0,347.6875,3.029282,0,0,46.36464,0,0,2000,-24.625,26.25151
18.08.2026,19:10:21,47298,1.333711,0.897263,0.01,-1.76,-0.5,0,347.625,3.029284,0,0,46.66756,0,0,2000,-24.90625,26.26788
18.08.2026,19:10:21,47405,1.343939,-1.507633,-0.49,0.68,-0.5,0.0625,347.625,3.031251,0,0,47.00078,0,0,2000,-24.75,26.46425
18.08.2026,19:10:21,47511,1.343939,-0.551118,-0.64,1.04,-0.5,0.1875,347.625,3.029289,0,0,47.334,0,0,2000,-24.75,26.74245
18.08.2026,19:10:21,47617,1.344962,-1.466216,-0.48,1.09,-0.4375,0.25,347.5625,3.029291,0,0,47.63692,0,0,2000,-24.875,26.74698
18.08.2026,19:10:21,47723,1.332688,-1.055235,-0.24,-0.07,-0.375,0.125,347.5625,3.019906,0,0,47.97014,0,0,2000,-24.875,26.94788
18.08.2026,19:10:21,47829,1.359281,-1.493964,-0.58,1.23,-0.3125,0,347.5625,3.01554,0,0,48.27307,0,0,2000,-24.875,26.57603
18.08.2026,19:10:21,47935,1.328597,-0.552859,-0.73,1.06,-0.3125,-0.0625,347.4375,3.029292,0,0,48.60629,0,0,2000,-25,27.39426
18.08.2026,19:10:21,48041,1.336779,0.572569,-0.6,-0.01,-0.3125,0.0625,347.375,3.036347,0,0,48.9395,0,0,2000,-25.125,27.55791
18.08.2026,19:10:21,48147,1.328597,0.988598,-0.12,-1.64,-0.375,0.1875,347.375,3.040452,0,0,49.24243,0,0,2000,-25.25,27.6352
18.08.2026,19:10:21,48253,1.318369,0.416566,0.11,-1.76,-0.4375,0.3125,347.3125,3.029292,0,0,49.57565,0,0,2000,-25.375,27.12337
18.08.2026,19:10:21,48359,1.31121,-0.315708,-0.71,0.77,-0.5625,0.4375,347.25,3.029292,0,0,49.87857,0,0,2000,-25.5,25.12632
18.08.2026,19:10:21,48465,1.330643,0.417648,0.04,-1.62,-0.6875,0.625,347.1875,3.034745,0,0,50.21179,0,0,2000,-25.78125,25.51788
18.08.2026,19:10:21,48571,1.320415,0.961816,0,-1.4,-0.875,0.6875,347.1875,3.029292,0,0,50.54501,0,0,2000,-25.625,23.87632
18.08.2026,19:10:21,48677,1.318369,0.165835,0.08,-1.66,-1.125,0.5625,347.125,3.029292,0,0,50.84793,0,0,2000,-25.75,22.54903
18.08.2026,19:10:21,48783,1.331665,-1.050227,-0.24,-0.02,-1.375,0.3125,347.0625,3.020006,0,0,51.18115,0,0,2000,-25.875,23.74975
18.08.2026,19:10:21,48890,1.315301,0.268833,-0.78,0.18,-1.625,0,347,3.041794,0,0,51.48407,0,0,2000,-25.875,23.0652
18.08.2026,19:10:21,48996,1.312232,-0.976784,-0.27,-0.37,-1.75,0,347,3.029292,0,0,51.81729,0,0,2000,-25.875,22.05338
18.08.2026,19:10:21,49102,1.319392,-1.579961,-0.7,0.78,-1.8125,-0.125,347,3.014607,0,0,52.15051,0,0,2000,-26,21.81973
18.08.2026,19:10:21,49208,1.2928,-0.724594,-0.85,1.1,-1.8125,-0.25,346.9375,3.023219,0,0,52.45343,0,0,2000,-26.125,21.8361
18.08.2026,19:10:21,49314,1.31121,-1.30075,-0.56,0.91,-1.8125,-0.25,346.875,3.029292,0,0,52.78665,0,0,2000,-26.40625,21.54154
18.08.2026,19:10:21,49420,1.310187,1.100761,-0.12,-1.48,-1.75,0,346.8125,3.029292,0,0,53.08958,0,0,2000,-26.53125,22.21702
18.08.2026,19:10:21,49526,1.32962,-1.518984,-0.58,0.72,-1.6875,0.0625,346.75,3.015312,0,0,53.42279,0,0,2000,-26.65625,23.99679
18.08.2026,19:10:21,49632,1.308141,-0.47253,-0.71,0.66,-1.625,0.1875,346.6875,3.029292,0,0,53.75601,0,0,2000,-26.78125,24.63953
18.08.2026,19:10:21,49738,1.324506,0.690395,-0.52,-0.13,-1.5625,0.25,346.75,3.029293,0,0,54.05894,0,0,2000,-26.34375,24.33315
18.08.2026,19:10:21,49844,1.300982,-0.912073,-0.19,-0.73,-1.5625,0.4375,346.8125,3.041275,0,0,54.39215,0,0,2000,-26.5,22.68882
18.08.2026,19:10:21,49950,1.32246,0.36336,0.05,-1.89,-1.5625,0.5625,346.8125,3.015331,0,0,54.69508,0,0,2000,-26.375,22.79154
18.08.2026,19:10:21,50056,1.319392,1.047519,-0.21,-1.02,-1.5625,0.75,346.875,3.029292,0,0,55.0283,0,0,2000,-26.375,22.78701
18.08.2026,19:10:21,50162,1.307119,0.274579,-0.03,-2,-1.625,0.8125,346.875,3.033369,0,0,55.36152,0,0,2000,-26.25,21.23634
18.08.2026,19:10:21,50268,1.310187,1.180282,-0.08,-1.42,-1.625,0.875,346.9375,3.042372,0,0,55.66444,0,0,2000,-26.125,22.45518
18.08.2026,19:10:21,50375,1.308141,-1.530427,-0.66,1.02,-1.625,0.75,346.9375,3.029292,0,0,55.99766,0,0,2000,-26.125,21.99245
18.08.2026,19:10:21,50481,1.323483,-1.011357,-0.7,1.14,-1.5625,0.5625,347,3.020465,0,0,56.33088,0,0,2000,-26.125,23.8913
18.08.2026,19:10:21,50587,1.302005,0.170749,-0.18,-1.44,-1.5,0.3125,347,3.032308,0,0,56.6338,0,0,2000,-26,24.46859
18.08.2026,19:10:21,50693,1.314278,-0.764829,-0.14,-0.64,-1.4375,0.125,347.0625,3.029292,0,0,56.96702,0,0,2000,-25.71875,22.66516
18.08.2026,19:10:21,50799,1.336779,-1.41015,-0.55,0.57,-1.3125,0.125,347.0625,3.029292,0,0,57.26994,0,0,2000,-25.875,24.95676
18.08.2026,19:10:21,50905,1.313255,-0.978099,-0.58,0.82,-1.1875,0.375,347.0625,3.02093,0,0,57.60316,0,0,2000,-25.875,24.3852
18.08.2026,19:10:21,51011,1.314278,0.080341,-0.71,0.36,-1.125,0.4375,347.0625,3.029292,0,0,57.93638,0,0,2000,-25.875,24.61884
18.08.2026,19:10:21,51117,1.318369,-0.761148,-0.09,-0.67,-1.0625,0.5625,347.0625,3.029292,0,0,58.2393,0,0,2000,-25.875,24.52517
18.08.2026,19:10:21,51223,1.307119,-1.460534,-0.49,0.75,-1.125,0.5,347.0625,3.016108,0,0,58.57252,0,0,2000,-25.875,24.89703
18.08.2026,19:10:21,51329,1.295868,-0.96301,-0.7,0.97,-1.125,0.4375,347.0625,3.021148,0,0,58.87545,0,0,2000,-25.875,23.99698
18.08.2026,19:10:21,51435,1.313255,0.724595,-0.14,-1.66,-1.0625,0.5,347.125,3.029292,0,0,59.20866,0,0,2000,-25.75,24.65609
18.08.2026,19:10:21,51541,1.31121,1.158967,-0.14,-0.86,-1,0.5625,347.1875,3.042267,0,0,59.54188,0,0,2000,-25.625,25.73219
18.08.2026,19:10:21,51647,1.310187,0.886698,0.02,-1.99,-0.9375,0.6875,347.1875,3.039531,0,0,59.84481,0,0,2000,-25.625,26.76768
18.08.2026,19:10:21,51753,1.300982,1.171476,-0.19,-1.07,-1,0.8125,347.25,3.029292,0,0,60.17802,0,0,2000,-25.5,25.00428
18.08.2026,19:10:21,51860,1.308141,0.882407,-0.07,-1.75,-1.0625,0.9375,347.3125,3.029292,0,0,60.48095,0,0,2000,-25.21875,23.43725
18.08.2026,19:10:21,51966,1.293822,-0.123079,-0.02,-1.45,-1.125,0.875,347.3125,3.029431,0,0,60.81417,0,0,2000,-25.375,25.01158
18.08.2026,19:10:21,52072,1.287686,-1.470752,-0.51,0.24,-1.125,0.8125,347.375,3.029292,0,0,61.14738,0,0,2000,-25.25,25.27341
18.08.2026,19:10:21,52178,1.298936,-0.242322,-0.01,-1.44,-1.1875,0.625,347.4375,3.029292,0,0,61.45031,0,0,2000,-25.125,24.25428
18.08.2026,19:10:21,52284,1.291777,0.881811,-0.2,-1.54,-1.125,0.5,347.4375,3.039608,0,0,61.78353,0,0,2000,-25.125,24.94612
18.08.2026,19:10:21,52390,1.286663,-1.483905,-0.68,0.93,-1,0.375,347.4375,3.026508,0,0,62.08645,0,0,2000,-25.125,25.33157
18.08.2026,19:10:21,52496,1.310187,-1.293092,-0.4,-0.3,-0.875,0.375,347.4375,3.029292,0,0,62.41967,0,0,2000,-25.125,25.40156
18.08.2026,19:10:21,52602,1.327574,-1.436884,-0.56,0.91,-0.75,0.375,347.4375,3.016471,0,0,62.75289,0,0,2000,-25.125,25.66063
18.08.2026,19:10:21,52708,1.299959,-0.346341,-0.8,1.06,-0.6875,0.625,347.5,3.027359,0,0,63.05581,0,0,2000,-25,26.49975
18.08.2026,19:10:21,52814,1.325529,-0.213224,0.08,-1.28,-0.75,0.875,347.4375,3.029292,0,0,63.38903,0,0,2000,-25.125,26.60977
18.08.2026,19:10:21,52920,1.289731,-0.596165,-0.82,1.11,-0.875,1,347.375,3.029292,0,0,63.69196,0,0,2000,-25.25,26.44159
18.08.2026,19:10:21,53026,1.299959,0.76227,-0.63,0.1,-1,0.9375,347.3125,3.038438,0,0,64.02518,0,0,2000,-25.25,23.94908
18.08.2026,19:10:21,53132,1.30405,-0.551383,-0.85,0.75,-1,0.75,347.3125,3.029292,0,0,64.35844,0,0,2000,-25.375,25.26611
18.08.2026,19:10:21,53238,1.296891,0.727261,-0.5,-0.42,-1,0.6875,347.3125,3.029293,0,0,64.6614,0,0,2000,-25.375,25.1352
18.08.2026,19:10:21,53345,1.30405,-0.900498,-0.14,-0.6,-0.9375,0.8125,347.3125,3.02665,0,0,64.99466,0,0,2000,-25.375,25.89249
18.08.2026,19:10:21,53451,1.290754,0.489433,-0.58,-0.06,-0.9375,0.875,347.3125,3.029292,0,0,65.32792,0,0,2000,-25.375,25.45065
18.08.2026,19:10:21,53557,1.297914,1.133199,-0.07,-1.7,-0.9375,0.875,347.3125,3.029292,0,0,65.63088,0,0,2000,-25.375,25.8925
18.08.2026,19:10:21,53663,1.288708,0.267935,-0.09,-1.64,-0.9375,0.8125,347.3125,3.033542,0,0,65.96414,0,0,2000,-25.375,25.53248
18.08.2026,19:10:21,53769,1.284617,-1.066609,-0.36,-0.34,-1.0625,0.6875,347.3125,3.020278,0,0,66.26711,0,0,2000,-25.375,24.99975
18.08.2026,19:10:21,53875,1.290754,-1.629056,-0.6,0.63,-1.0625,0.6875,347.375,3.029293,0,0,66.60036,0,0,2000,-25.25,25.27795
18.08.2026,19:10:21,53981,1.293822,-0.708678,-0.22,-0.97,-1,0.75,347.4375,3.023911,0,0,66.93362,0,0,2000,-25.125,26.53405
18.08.2026,19:10:21,54087,1.300982,0.427648,-0.01,-1.89,-0.875,0.875,347.375,3.035233,0,0,67.23659,0,0,2000,-25.25,27.13224
18.08.2026,19:10:21,54193,1.2928,-0.977807,-0.17,-0.57,-0.8125,0.8125,347.4375,3.029292,0,0,67.56985,0,0,2000,-24.96875,27.98772
18.08.2026,19:10:21,54299,1.283595,-1.462584,-0.52,0.63,-0.75,0.6875,347.4375,3.029292,0,0,67.87281,0,0,2000,-25.125,28.59774
18.08.2026,19:10:21,54405,1.276435,-1.281704,-0.75,1.3,-0.75,0.6875,347.5,3.018157,0,0,68.20607,0,0,2000,-25.125,26.57704
18.08.2026,19:10:21,54511,1.28564,0.138142,-0.85,0.62,-0.6875,0.75,347.5,3.029292,0,0,68.53933,0,0,2000,-25,28.25862
18.08.2026,19:10:21,54617,1.280526,-1.053961,-0.73,0.98,-0.6875,0.875,347.5625,3.029292,0,0,68.84229,0,0,2000,-24.875,26.82704
18.08.2026,19:10:21,54723,1.26723,-1.547006,-0.61,0.67,-0.6875,1.0625,347.625,3.015579,0,0,69.17555,0,0,2000,-24.75,27.18706
18.08.2026,19:10:21,54830,1.291777,0.950967,-0.89,-0.46,-0.4375,0.9375,347.625,3.021696,0,0,69.47852,0,0,2000,-24.75,27.1143
18.08.2026,19:10:21,54936,1.288708,0.775724,-0.2,-1.79,-0.125,0.5,347.6875,3.029292,0,0,69.81178,0,0,2000,-24.625,28.56068
18.08.2026,19:10:21,55042,1.293822,-0.09237,-0.01,-1.32,0.1875,0.25,347.75,3.030151,0,0,70.14503,0,0,2000,-24.5,33.25566
18.08.2026,19:10:21,55148,1.2928,-0.179578,-0.82,0.81,0.4375,0.3125,347.8125,3.029315,0,0,70.448,0,0,2000,-24.375,32.64407
18.08.2026,19:10:21,55254,1.252911,1.026945,-0.39,-0.48,0.625,0.75,347.8125,3.029292,0,0,70.78126,0,0,2000,-24.375,33.83591
18.08.2026,19:10:21,55360,1.257002,1.148601,0.13,-1.64,0.625,1.3125,347.6875,3.029292,0,0,71.08422,0,0,2000,-24.5,32.04431
18.08.2026,19:10:21,55466,1.254957,0.483794,0.07,-1.94,0.5,1.375,347.5,3.035868,0,0,71.41748,0,0,2000,-25.03125,30.47275
18.08.2026,19:10:21,55572,1.26723,-1.041851,-0.36,-0.46,0.375,1.125,347.4375,3.029292,0,0,71.75074,0,0,2000,-25.125,29.38362
18.08.2026,19:10:21,55678,1.245752,0.758802,-0.52,-0.59,0.25,0.625,347.3125,3.029293,0,0,72.0537,0,0,2000,-25.53125,29.73458
18.08.2026,19:10:21,55784,1.234501,1.005461,-0.2,-1.54,0.1875,0.1875,347.25,3.041078,0,0,72.38696,0,0,2000,-25.5,30.31067
18.08.2026,19:10:21,55890,1.228364,-1.450697,-0.55,0.48,0.0625,-0.0625,347.1875,3.0327,0,0,72.68993,0,0,2000,-25.625,30.61707
18.08.2026,19:10:21,55996,1.231433,-0.804954,-0.73,1.03,0,0.125,347.125,3.029292,0,0,73.02319,0,0,2000,-25.625,30.96803
18.08.2026,19:10:21,56102,1.24882,-1.471937,-0.82,0.87,-0.0625,0.4375,347.0625,3.016356,0,0,73.35645,0,0,2000,-25.75,28.02637
18.08.2026,19:10:21,56208,1.212,-0.912821,-0.19,-0.87,0,0.5625,347,3.021931,0,0,73.65941,0,0,2000,-26.15625,31.04985
18.08.2026,19:10:21,56315,1.22325,-1.561815,-0.64,0.74,0,0.5,346.9375,3.029292,0,0,73.99267,0,0,2000,-26.28125,30.18253
18.08.2026,19:10:21,56421,1.209954,-1.128876,-0.74,1.36,0.0625,0.375,346.8125,3.019814,0,0,74.32593,0,0,2000,-26.25,30.71072
18.08.2026,19:10:21,56527,1.216091,0.356356,-0.93,0.64,0.1875,0.125,346.6875,3.034727,0,0,74.62889,0,0,2000,-26.78125,32.75686
18.08.2026,19:10:21,56633,1.208931,1.183285,-0.16,-0.91,0.25,0,346.625,3.029292,0,0,74.96215,0,0,2000,-26.75,32.29532
18.08.2026,19:10:21,56739,1.212,0.334633,-0.6,0.46,0.3125,0,346.5,3.029292,0,0,75.26511,0,0,2000,-27,32.85625
18.08.2026,19:10:21,56845,1.182339,-0.325562,-0.04,-1.46,0.125,0.3125,346.375,3.021648,0,0,75.59837,0,0,2000,-27.40625,31.94713
18.08.2026,19:10:21,56951,1.184384,0.827963,-0.17,-2.12,0,0.5625,346.25,3.029292,0,0,75.93163,0,0,2000,-27.5,30.75529
18.08.2026,19:10:21,57057,1.172111,0.927223,-0.42,-0.79,-0.0625,0.5625,346.1875,3.029292,0,0,76.2346,0,0,2000,-27.78125,29.13916
18.08.2026,19:10:21,57163,1.170066,0.750597,-0.05,-1.92,-0.125,0.4375,346.125,3.038486,0,0,76.56786,0,0,2000,-27.75,29.49465
18.08.2026,19:10:21,57269,1.16086,-1.417131,-0.66,0.8,-0.1875,0.25,346.125,3.027947,0,0,76.87082,0,0,2000,-27.75,31.10624
18.08.2026,19:10:21,57375,1.158815,-1.17815,-0.37,-0.19,-0.25,0.3125,346.125,3.029292,0,0,77.20408,0,0,2000,-27.75,31.01989
18.08.2026,19:10:21,57481,1.166997,-0.134897,-0.1,-1.69,-0.25,0.5,346.125,3.029783,0,0,77.53734,0,0,2000,-27.75,30.50806
18.08.2026,19:10:21,57587,1.16086,-1.049542,-0.37,-0.18,-0.375,0.75,346.125,3.020602,0,0,77.8403,0,0,2000,-27.75,28.95285
18.08.2026,19:10:21,57693,1.134268,0.065098,-0.01,-1.82,-0.4375,0.75,346.125,3.029292,0,0,78.17356,0,0,2000,-27.75,29.87261
18.08.2026,19:10:21,57800,1.14245,-0.917648,-0.93,1.13,-0.5625,0.6875,346.125,3.029292,0,0,78.47652,0,0,2000,-27.75,29.34441
18.08.2026,19:10:21,57906,1.146541,0.290652,-0.8,0.27,-0.5,0.5,346.0625,3.034105,0,0,78.80978,0,0,2000,-27.875,31.57786
18.08.2026,19:10:21,58012,1.14245,-0.868785,-0.47,-0.83,-0.375,0.3125,346,3.029292,0,0,79.14304,0,0,2000,-28,31.63601
18.08.2026,19:10:21,58118,1.133245,-1.441389,-0.6,0.52,-0.125,0.0625,345.9375,3.029292,0,0,79.44601,0,0,2000,-28.125,33.11059
18.08.2026,19:10:21,58224,1.135291,-0.685843,-0.73,1.05,0,-0.0625,345.875,3.024285,0,0,79.77927,0,0,2000,-28.25,32.12991
18.08.2026,19:10:21,58330,1.150633,-0.202283,-0.91,0.7,0.125,0,345.8125,3.034457,0,0,80.08223,0,0,2000,-28.375,31.84441
18.08.2026,19:10:21,58436,1.150633,0.724611,-0.45,-0.49,0.1875,0.1875,345.75,3.029292,0,0,80.41549,0,0,2000,-28.5,32.24169
18.08.2026,19:10:21,58542,1.134268,-0.256036,-1,0.56,0.1875,0.5,345.6875,3.028487,0,0,80.74875,0,0,2000,-28.5,33.41994
18.08.2026,19:10:21,58648,1.130177,-1.438362,-0.8,1.1,0.1875,0.6875,345.6875,3.016748,0,0,81.05171,0,0,2000,-28.625,33.19083
18.08.2026,19:10:21,58754,1.136314,-0.28211,-1.12,0.59,0.1875,0.6875,345.625,3.029292,0,0,81.38497,0,0,2000,-28.75,33.38721
18.08.2026,19:10:21,58860,1.090288,0.481816,-0.05,-2.12,0.25,0.5,345.5625,3.029292,0,0,81.68793,0,0,2000,-28.875,33.4081
18.08.2026,19:10:21,58966,1.111767,0.819118,-0.25,-1.46,0.1875,0.5625,345.5625,3.039374,0,0,82.02119,0,0,2000,-28.875,32.94537
18.08.2026,19:10:21,59072,1.110744,0.322597,-0.02,-1.7,0.0625,0.6875,345.5,3.029292,0,0,82.35445,0,0,2000,-29,30.9156
18.08.2026,19:10:21,59178,1.102562,0.925168,-0.15,-1.41,0,0.75,345.4375,3.029292,0,0,82.65742,0,0,2000,-29.125,32.01536
18.08.2026,19:10:21,59285,1.100516,0.729895,-0.05,-2.2,-0.125,0.75,345.375,3.035921,0,0,82.99068,0,0,2000,-29.25,32.61631
18.08.2026,19:10:21,59391,1.078015,-0.71588,-0.28,-0.94,-0.1875,0.75,345.3125,3.029292,0,0,83.32394,0,0,2000,-29.375,32.2636
18.08.2026,19:10:21,59497,1.08722,-1.583262,-0.63,0.48,-0.125,0.5625,345.25,3.029292,0,0,83.6269,0,0,2000,-29.65625,33.58516
18.08.2026,19:10:21,59603,1.075969,-1.216459,-0.83,0.92,-0.125,0.3125,345.25,3.019083,0,0,83.96016,0,0,2000,-29.5,32.41541
18.08.2026,19:10:21,59709,1.093357,0.518297,-0.21,-1.69,0,0.1875,345.3125,3.036444,0,0,84.26312,0,0,2000,-29.375,32.35902
18.08.2026,19:10:21,59815,1.103585,-1.345331,-0.78,1.16,0,0.1875,345.375,3.029292,0,0,84.59638,0,0,2000,-29.25,32.24446
18.08.2026,19:10:21,59921,1.076992,-1.550089,-0.57,0.32,0,0.4375,345.3125,3.015817,0,0,84.92964,0,0,2000,-29.25,32.71903
18.08.2026,19:10:21,60027,1.070855,-1.331248,-0.67,1.25,0,0.5625,345.3125,3.018084,0,0,85.2326,0,0,2000,-29.375,32.86631
18.08.2026,19:10:21,60133,1.073924,-0.130642,-0.87,0.69,0,0.75,345.25,3.029292,0,0,85.56586,0,0,2000,-29.5,33.16088
18.08.2026,19:10:21,60239,1.067787,-0.306065,-0.1,-1.33,-0.125,0.8125,345.1875,3.029292,0,0,85.86883,0,0,2000,-29.625,30.59107
18.08.2026,19:10:21,60345,1.0504,-0.788091,-0.78,0.74,-0.4375,0.875,345.125,3.02343,0,0,86.20209,0,0,2000,-29.75,30.42114
18.08.2026,19:10:21,60451,1.059605,0.548926,-0.73,0.08,-0.6875,0.8125,345.0625,3.029293,0,0,86.53535,0,0,2000,-29.875,29.14294
18.08.2026,19:10:21,60557,1.046309,-0.746135,-0.8,0.95,-0.875,0.5625,345,3.029292,0,0,86.83831,0,0,2000,-30.15625,28.27839
18.08.2026,19:10:21,60663,1.054491,0.366393,-0.79,0,-1,0.25,345,3.035009,0,0,87.17157,0,0,2000,-30,29.27543
18.08.2026,19:10:21,60770,1.046309,-0.277835,-0.41,-1.25,-1.1875,0.0625,345,3.040758,0,0,87.47453,0,0,2000,-30,28.63998
18.08.2026,19:10:21,60876,1.041195,-1.402611,-0.9,0.16,-1.1875,0.0625,344.9375,3.029292,0,0,87.80779,0,0,2000,-30.125,28.68908
18.08.2026,19:10:21,60982,1.06165,0.877211,-0.26,-0.82,-1,0.0625,344.9375,3.04023,0,0,88.14105,0,0,2000,-30.125,30.24881
18.08.2026,19:10:21,61088,1.045286,0.618573,-0.12,-1.99,-0.875,0.375,344.875,3.037649,0,0,88.44402,0,0,2000,-30.40625,31.0761
18.08.2026,19:10:21,61194,1.041195,-0.502241,-0.05,-1.09,-0.8125,0.625,344.875,3.029292,0,0,88.77728,0,0,2000,-30.25,29.9927
18.08.2026,19:10:21,61300,1.045286,-1.36164,-0.45,0.08,-0.75,1,344.875,3.029293,0,0,89.08024,0,0,2000,-30.25,30.60272
18.08.2026,19:10:21,61406,1.030967,-1.609214,-0.81,1.16,-0.6875,1.0625,344.875,3.015408,0,0,89.4135,0,0,2000,-30.25,32.46431
18.08.2026,19:10:21,61512,1.049377,0.929466,0,-1.48,-0.5625,0.875,344.875,3.029292,0,0,89.74676,0,0,2000,-30.25,31.82729
18.08.2026,19:10:21,61618,1.025853,-0.28148,0.02,-1.18,-0.4375,0.875,344.875,3.029292,0,0,90.04972,0,0,2000,-30.25,32.11455
18.08.2026,19:10:21,61724,1.017671,-1.500427,-0.53,-0.21,-0.4375,1,344.875,3.016409,0,0,90.38298,0,0,2000,-30.25,31.42724
18.08.2026,19:10:21,61830,1.020739,0.333689,-0.71,-0.06,-0.5,1.1875,344.875,3.015238,0,0,90.68594,0,0,2000,-30.25,32.01183
18.08.2026,19:10:21,61936,1.022784,-1.000869,-0.97,1.21,-0.5,1.3125,344.875,3.029292,0,0,91.0192,0,0,2000,-30.25,31.2427
18.08.2026,19:10:21,62042,1.015625,-1.723927,-0.84,0.63,-0.5,1.3125,344.9375,3.014126,0,0,91.35246,0,0,2000,-30.125,31.88092
18.08.2026,19:10:21,62148,1.009488,-1.090444,-0.91,1.28,-0.4375,1.25,344.9375,3.020499,0,0,91.65543,0,0,2000,-30.125,33.52977
18.08.2026,19:10:21,62255,1.002329,-0.200391,-0.79,0.74,-0.375,0.9375,344.9375,3.029292,0,0,91.98869,0,0,2000,-30.125,32.21727
18.08.2026,19:10:21,62361,1.010511,0.87848,-0.47,-0.61,-0.375,0.9375,345,3.040261,0,0,92.32195,0,0,2000,-30,30.75296
18.08.2026,19:10:21,62467,1.012557,1.093287,-0.07,-1.82,-0.375,1.0625,345,3.042342,0,0,92.62491,0,0,2000,-30,32.77367
18.08.2026,19:10:21,62573,1.009488,0.795202,-0.43,-0.58,-0.5,1.3125,345.0625,3.029293,0,0,92.95817,0,0,2000,-29.875,30.33478
18.08.2026,19:10:21,62679,1.010511,-0.356589,-0.95,0.67,-0.6875,1.5,345.0625,3.029292,0,0,93.26113,0,0,2000,-29.875,30.09208
18.08.2026,19:10:21,62785,1.008466,0.558068,-0.68,-0.17,-0.875,1.5,345.1875,3.038972,0,0,93.59439,0,0,2000,-29.75,30.39728
18.08.2026,19:10:21,62891,1.005397,0.985738,-0.2,-1.56,-1,1.375,345.25,3.029292,0,0,93.92765,0,0,2000,-29.5,28.58025
18.08.2026,19:10:21,62997,1.007443,0.569197,0.02,-2.14,-1.125,1.3125,345.3125,3.029293,0,0,94.23061,0,0,2000,-29.375,27.94933
18.08.2026,19:10:21,63103,0.990055,-0.928602,-0.31,-0.6,-1.125,1.375,345.4375,3.022034,0,0,94.56387,0,0,2000,-28.96875,29.87185
18.08.2026,19:10:21,63209,1.002329,0.222539,-0.93,0.28,-1.125,1.5625,345.5,3.033634,0,0,94.86684,0,0,2000,-29,29.10272
18.08.2026,19:10:21,63315,0.995169,-0.235166,-0.28,-1.52,-0.9375,1.875,345.625,3.029292,0,0,95.2001,0,0,2000,-28.75,29.84819
18.08.2026,19:10:21,63421,1.001306,-1.529708,-0.52,0.11,-0.8125,2.0625,345.75,3.016104,0,0,95.53336,0,0,2000,-28.625,32.50434
18.08.2026,19:10:21,63527,0.991078,-0.121871,-0.2,-1.22,-0.8125,2.25,345.8125,3.030257,0,0,95.83632,0,0,2000,-28.375,30.84366
18.08.2026,19:10:21,63633,0.998238,-1.506199,-0.46,-0.14,-0.8125,2.375,345.9375,3.029292,0,0,96.16958,0,0,2000,-27.96875,30.33635
18.08.2026,19:10:21,63740,0.989033,0.107836,-0.85,0.09,-0.8125,2.375,346,3.029292,0,0,96.47254,0,0,2000,-27.84375,31.04003
18.08.2026,19:10:21,63846,0.986987,-0.990932,-0.19,-0.95,-0.9375,2.25,346,3.021574,0,0,96.8058,0,0,2000,-28,28.65024
18.08.2026,19:10:21,63952,0.976759,-1.764623,-0.75,0.12,-1.125,2.0625,346,3.029292,0,0,97.13906,0,0,2000,-28,28.01479
18.08.2026,19:10:21,64058,1.012557,-1.317264,-0.97,1.38,-1.375,1.875,346.0625,3.029292,0,0,97.44202,0,0,2000,-27.71875,25.81231
18.08.2026,19:10:21,64164,0.977782,-1.610539,-0.68,0.06,-1.5,1.6875,346.125,3.015409,0,0,97.77528,0,0,2000,-27.59375,28.47004
18.08.2026,19:10:21,64270,0.995169,0.502231,-0.76,-0.16,-1.6875,1.625,346.1875,3.02603,0,0,98.07825,0,0,2000,-27.625,27.46274
18.08.2026,19:10:21,64376,0.975736,-0.769684,-1.01,1.08,-1.6875,1.6875,346.25,3.029292,0,0,98.41151,0,0,2000,-27.5,27.94914
18.08.2026,19:10:21,64482,0.989033,-1.705685,-0.82,0.66,-1.6875,1.875,346.3125,3.014494,0,0,98.74477,0,0,2000,-27.375,27.24547
18.08.2026,19:10:21,64588,1.005397,-1.128733,-0.97,1.26,-1.625,2,346.375,3.020337,0,0,99.04773,0,0,2000,-27.25,27.15181
18.08.2026,19:10:21,64694,1.010511,0.659786,-0.16,-1.58,-1.4375,2.25,346.4375,3.029292,0,0,99.38099,0,0,2000,-27.125,29.39432
18.08.2026,19:10:21,64800,1.001306,0.520173,-0.41,-0.64,-1.375,2.3125,346.5,3.029293,0,0,99.68395,0,0,2000,-26.84375,30.58163
18.08.2026,19:10:21,64906,1.00642,0.910653,0,-1.72,-1.1875,2.375,346.5,3.040605,0,0,100.0172,0,0,2000,-27,30.84069
18.08.2026,19:10:21,65012,0.977782,0.674536,-0.59,-0.18,-1.0625,2.25,346.5,3.029292,0,0,100.3505,0,0,2000,-27,32.1262
18.08.2026,19:10:21,65118,0.981873,-0.76373,-0.97,0.94,-0.9375,2.0625,346.5625,3.029292,0,0,100.6534,0,0,2000,-26.875,31.43158
18.08.2026,19:10:21,65225,0.989033,0.476709,-0.24,-1.48,-0.75,1.8125,346.625,3.036435,0,0,100.9867,0,0,2000,-26.75,30.81092
18.08.2026,19:10:21,65331,0.995169,-0.615156,-0.19,-1.03,-0.5625,1.9375,346.6875,3.029292,0,0,101.32,0,0,2000,-26.625,31.88822
18.08.2026,19:10:21,65437,0.997215,0.783401,-0.05,-1.88,-0.4375,2.1875,346.75,3.029292,0,0,101.6229,0,0,2000,-26.5,31.91365
18.08.2026,19:10:21,65543,0.990055,0.747505,-0.45,-0.49,-0.375,2.4375,346.75,3.039141,0,0,101.9562,0,0,2000,-26.5,32.34819
18.08.2026,19:10:21,65649,0.981873,0.839587,-0.13,-1.55,-0.4375,2.5625,346.75,3.040062,0,0,102.2591,0,0,2000,-26.5,32.60549
18.08.2026,19:10:21,65755,0.997215,0.211048,-0.12,-1.96,-0.5625,2.25,346.8125,3.029293,0,0,102.5924,0,0,2000,-26.375,31.89728
18.08.2026,19:10:21,65861,0.986987,-0.857441,-0.29,-1.12,-0.6875,2.0625,346.8125,3.023039,0,0,102.9257,0,0,2000,-26.375,29.78115
18.08.2026,19:10:21,65967,0.989033,-1.614036,-0.67,0.02,-0.75,2,346.8125,3.015518,0,0,103.2286,0,0,2000,-26.375,30.93001
18.08.2026,19:10:21,66073,0.982896,0.849658,-0.35,-0.98,-0.875,2,346.8125,3.029292,0,0,103.5619,0,0,2000,-26.375,30.33183
18.08.2026,19:10:21,66179,0.983919,0.627534,-0.19,-1.49,-0.9375,2.125,346.8125,3.029293,0,0,103.8648,0,0,2000,-26.375,29.19027
18.08.2026,19:10:21,66285,0.970623,-1.836454,-0.95,0.82,-1,2.25,346.8125,3.013263,0,0,104.1981,0,0,2000,-26.375,30.15911
18.08.2026,19:10:21,66391,0.984941,-1.077506,-0.34,-0.5,-0.9375,2.375,346.875,3.029292,0,0,104.5314,0,0,2000,-26.25,31.72614
18.08.2026,19:10:21,66497,0.990055,-1.733659,-0.85,0.76,-0.875,2.375,346.875,3.029292,0,0,104.8343,0,0,2000,-26.25,32.36889
18.08.2026,19:10:21,66603,0.991078,-0.7833,-0.3,-0.78,-0.8125,2.3125,346.9375,3.023937,0,0,105.1676,0,0,2000,-26.125,30.81093
18.08.2026,19:10:21,66710,0.985964,-1.637736,-0.59,0.09,-0.625,2.1875,346.9375,3.037053,0,0,105.4706,0,0,2000,-26.125,31.24547
18.08.2026,19:10:21,66816,0.979828,-1.566363,-0.81,0.97,-0.5625,2.25,347,3.029292,0,0,105.8038,0,0,2000,-26,31.89275
18.08.2026,19:10:21,66922,0.984941,-0.731971,-1.02,1.43,-0.5625,2.375,346.9375,3.024471,0,0,106.1371,0,0,2000,-26.125,32.07276
18.08.2026,19:10:21,67028,0.986987,0.574081,-0.84,0.07,-0.5625,2.375,346.9375,3.037456,0,0,106.44,0,0,2000,-26.125,31.92548
18.08.2026,19:10:21,67134,0.970623,-1.063081,-0.37,-0.57,-0.5625,2.375,346.9375,3.029292,0,0,106.7733,0,0,2000,-26.125,31.64728
18.08.2026,19:10:21,67240,0.973691,-0.150359,-1.01,0.74,-0.6875,2.125,347,3.029292,0,0,107.0763,0,0,2000,-26,32.36279
18.08.2026,19:10:21,67346,0.976759,-1.224012,-0.82,1.21,-0.6875,2,347.0625,3.019511,0,0,107.4095,0,0,2000,-25.875,31.80186
18.08.2026,19:10:21,67452,0.974714,-0.518197,-0.98,1.06,-0.75,1.9375,347.1875,3.029292,0,0,107.7428,0,0,2000,-25.625,30.71727
18.08.2026,19:10:21,67558,0.974714,0.691095,-0.53,-0.5,-0.8125,2.0625,347.25,3.029293,0,0,108.0457,0,0,2000,-25.5,29.88665
18.08.2026,19:10:21,67664,0.970623,-0.815763,-0.34,-1.12,-0.875,2.3125,347.375,3.019056,0,0,108.379,0,0,2000,-25.375,31.11732
18.08.2026,19:10:21,67770,0.9696,0.349472,-0.88,0.21,-0.9375,2.5625,347.375,3.017358,0,0,108.682,0,0,2000,-25.25,31.58736
18.08.2026,19:10:21,67876,0.991078,0.824526,-0.35,-0.71,-1,2.625,347.4375,3.029292,0,0,109.0152,0,0,2000,-25.125,30.20821
18.08.2026,19:10:21,67982,0.986987,0.78473,-0.18,-1.91,-1.0625,2.4375,347.5,3.039773,0,0,109.3485,0,0,2000,-25,30.25277
18.08.2026,19:10:21,68088,1.000283,0.710403,-0.46,-0.5,-1.0625,2.25,347.5625,3.038981,0,0,109.6514,0,0,2000,-24.875,30.22004
18.08.2026,19:10:21,68195,0.974714,-1.005803,-0.28,-0.57,-1,2.0625,347.625,3.029292,0,0,109.9847,0,0,2000,-24.75,30.35548
18.08.2026,19:10:21,68301,0.970623,-1.583967,-0.69,0.31,-0.9375,2.0625,347.6875,3.016013,0,0,110.318,0,0,2000,-24.625,32.13526
18.08.2026,19:10:21,68407,0.976759,0.975657,-0.35,-1.16,-0.75,2.1875,347.75,3.041705,0,0,110.6209,0,0,2000,-24.5,34.49685
18.08.2026,19:10:21,68513,0.994147,0.535121,-0.4,-1.62,-0.5,2.5,347.875,3.029293,0,0,110.9542,0,0,2000,-24.09375,35.02228
18.08.2026,19:10:21,68619,0.975736,-0.247554,-0.17,-1.61,-0.125,2.8125,347.875,3.029292,0,0,111.2571,0,0,2000,-24.25,36.96412
18.08.2026,19:10:21,68725,0.990055,-1.167481,-0.53,-0.49,0.25,3.0625,348,3.020243,0,0,111.5904,0,0,2000,-24.125,36.99981
18.08.2026,19:10:21,68831,0.982896,-1.752432,-0.82,0.53,0.5625,2.9375,348,3.029292,0,0,111.9237,0,0,2000,-24,39.76322
18.08.2026,19:10:21,68937,0.974714,0.810785,-0.56,-0.96,0.875,2.75,348.0625,3.029292,0,0,112.2266,0,0,2000,-23.875,39.35253
18.08.2026,19:10:21,69043,0.96244,0.542359,-0.43,-1.95,1.25,2.5,348.0625,3.037323,0,0,112.5599,0,0,2000,-23.875,39.17548
18.08.2026,19:10:21,69149,0.972668,-0.50041,-0.09,-1.07,1.5625,2.3125,348.0625,3.026889,0,0,112.8629,0,0,2000,-23.875,40.06546
18.08.2026,19:10:21,69255,0.974714,-1.002018,-0.94,1.15,1.75,2.375,348,3.029292,0,0,113.1961,0,0,2000,-24,41.22004
18.08.2026,19:10:21,69361,0.948121,-1.616521,-0.71,0.41,1.8125,2.3125,347.9375,3.015867,0,0,113.5294,0,0,2000,-24.125,41.45821
18.08.2026,19:10:21,69467,0.955281,-0.75629,-0.43,-0.8,1.875,2.25,347.75,3.024458,0,0,113.8323,0,0,2000,-24.65625,42.33006
18.08.2026,19:10:21,69573,0.943007,-1.511739,-0.6,0.51,1.9375,2,347.5625,3.029292,0,0,114.1656,0,0,2000,-25.03125,42.38369
18.08.2026,19:10:21,69680,0.934825,-1.490853,-0.79,0.76,2.0625,1.5,347.3125,3.029292,0,0,114.4686,0,0,2000,-25.28125,43.40282
18.08.2026,19:10:21,69786,0.912324,-0.664768,-1.22,1.03,2.125,1.1875,347.125,3.025496,0,0,114.8018,0,0,2000,-25.78125,45
18.08.2026,19:10:21,69892,0.914369,0.331416,-0.92,0.31,2.3125,0.9375,346.875,3.029292,0,0,115.1351,0,0,2000,-26.40625,45
18.08.2026,19:10:21,69998,0.904142,-0.916496,-0.45,-0.59,2.5625,0.8125,346.6875,3.029292,0,0,115.438,0,0,2000,-26.78125,45
18.08.2026,19:10:21,70104,0.893914,-1.719209,-0.75,0.39,2.75,0.875,346.4375,3.014837,0,0,115.7713,0,0,2000,-27.28125,45
18.08.2026,19:10:21,70210,0.893914,0.660114,-0.76,-0.29,2.9375,1.375,346.1875,3.017972,0,0,116.0743,0,0,2000,-27.5,45
18.08.2026,19:10:21,70316,0.873458,-0.601562,-1.02,1.07,3.125,1.6875,346,3.029292,0,0,116.4075,0,0,2000,-27.875,45
18.08.2026,19:10:21,70422,0.867321,0.28558,-1.01,0.39,3.1875,1.9375,345.875,3.034898,0,0,116.7408,0,0,2000,-28.125,45
18.08.2026,19:10:21,70528,0.841752,-0.904911,-1.09,1.38,3.25,1.875,345.75,3.02301,0,0,117.0437,0,0,2000,-28.65625,45
18.08.2026,19:10:21,70634,0.837661,-1.801566,-1.06,0.74,3.25,1.6875,345.625,3.029292,0,0,117.377,0,0,2000,-28.75,45
18.08.2026,19:10:21,70740,0.835615,0.999198,-0.75,-0.52,3.5625,1.125,345.5,3.029292,0,0,117.68,0,0,2000,-29,45
18.08.2026,19:10:21,70846,0.830501,0.81282,-0.79,-1.38,3.875,0.5,345.4375,3.040249,0,0,118.0132,0,0,2000,-29.125,45
18.08.2026,19:10:21,70952,0.821296,0.476454,-1.42,0.09,4.5,-0.0625,345.375,3.029293,0,0,118.3465,0,0,2000,-29.40625,45
18.08.2026,19:10:21,71058,0.808,-0.96326,-0.68,1.19,5.3125,-0.5625,345.375,3.029292,0,0,118.6495,0,0,2000,-29.25,45
18.08.2026,19:10:21,71165,0.803909,0.55146,-1.03,-1.28,6.4375,-0.4375,345.125,3.036028,0,0,118.9827,0,0,2000,-29.78125,45
18.08.2026,19:10:21,71271,0.787544,0.94199,-1.3,-0.38,7.75,-0.75,345,3.029292,0,0,119.316,0,0,2000,-30,45
18.08.2026,19:10:21,71377,0.777316,0.766295,-1.54,-0.89,9.6875,-1.9375,344.875,3.029292,0,0,119.6189,0,0,2000,-30.25,45
18.08.2026,19:10:21,71483,0.766066,0.057609,-1.82,-0.94,12.25,-3.8125,345,3.032638,0,0,119.9522,0,0,2000,-29.84375,45
18.08.2026,19:10:21,71589,0.760952,-0.756246,-2.54,1.64,16.25,-6.25,345.3125,3.024576,0,0,120.2552,0,0,2000,-29.375,45
18.08.2026,19:10:21,71695,0.736405,0.168375,-1.55,-0.42,23.375,-8.3125,345.9375,3.029292,0,0,120.5884,0,0,2000,-28.5,45
18.08.2026,19:10:21,71801,0.712881,-0.412644,-1.25,-0.1,30.3125,-8.75,346.5,3.028033,0,0,120.9217,0,0,2000,-27.375,45
18.08.2026,19:10:21,71907,0.675038,0.496026,-0.55,0.22,38.3125,-8.375,347,3.037102,0,0,121.2246,0,0,2000,-25.53125,45
18.08.2026,19:10:21,72013,0.626967,-0.003846,0.47,0.04,45.875,-7.5625,347.25,3.029292,0,0,121.5579,0,0,2000,-25.34375,45
18.08.2026,19:10:21,72119,0.563554,0.94168,0.7,0.66,53.8125,-6.25,346.875,3.029292,0,0,121.8609,0,0,2000,-26.71875,45
18.08.2026,19:10:21,72225,0.482754,0.458509,0.35,0.25,62.1875,-5,345.3125,3.036762,0,0,122.1941,0,0,2000,-29.59375,45
18.08.2026,19:10:21,72331,0.356952,-0.037835,-0.73,0.26,67.0625,-5.0625,343.875,3.029292,0,0,122.5274,0,0,2000,-33.1875,45
18.08.2026,19:10:21,72437,0.283311,-0.70054,-1.96,0.71,71.125,-6.625,343.3125,3.029292,0,0,122.8303,0,0,2000,-33.6875,45
18.08.2026,19:10:21,72543,0.203534,0.651638,-2.66,-0.51,74.3125,-9.125,343.3125,3.038607,0,0,123.1636,0,0,2000,-33.53125,45
18.08.2026,19:10:21,72650,0.125803,0.082525,-3.33,2.46,79.6875,-14.25,342.8125,3.046677,0,0,123.4666,0,0,2000,-34,45
18.08.2026,19:10:21,72756,0.101256,-0.799024,-2.68,1.81,86.5,-19.4375,340.3125,3.029292,0,0,123.7998,0,0,2000,-36.875,45
18.08.2026,19:10:21,72862,0.086937,-0.123382,-1.21,0.02,95.3125,-26.125,330.5625,3.030625,0,0,124.1331,0,0,2000,-45,45
18.08.2026,19:10:21,72968,0.082846,-0.547422,0.76,0.49,102.875,-37.125,308.25,3.026333,0,0,124.4361,0,0,2000,-45,45
18.08.2026,19:10:21,73074,0.03682,0.473324,1.82,0.86,100.9375,-51.875,279.625,3.029292,0,0,124.7693,0,0,2000,-45,45
18.08.2026,19:10:21,73180,0.045003,1.314935,0.96,1.41,50.4375,-63.25,248.875,3.029292,0,0,125.0723,0,0,2000,-45,-45
18.08.2026,19:10:21,73286,0.094096,1.865041,0.58,1.43,18.5,-50.5,240.0625,3.049893,0,0,125.4055,0,0,2000,-45,-28.4375
18.08.2026,19:10:21,73392,0.127848,1.177841,-0.18,2.47,8.0625,-39.75,236.8125,3.029292,0,0,125.7388,0,0,2000,-45,18.875
18.08.2026,19:10:21,73498,0.15444,0.090111,-0.13,1.41,2.6875,-37.8125,235,3.029292,0,0,126.0418,0,0,2000,-45,11.4375
18.08.2026,19:10:21,73604,0.159554,0.594153,-0.43,1.97,-0.5,-41.0625,233.625,3.03686,0,0,126.375,0,0,2000,-45,20.5625
18.08.2026,19:10:21,73710,0.191261,1.629451,0.2,-0.02,-4.1875,-47.5,232.0625,3.042407,0,0,126.678,0,0,2000,-45,32.5
18.08.2026,19:10:21,73816,0.192283,0.571645,0.2,-1.66,-6.625,-52.5,231.375,3.029292,0,0,127.0112,0,0,2000,-45,22.25
18.08.2026,19:10:21,73922,0.213762,0.588848,-0.46,2.25,-8.1875,-55.375,231.125,3.036569,0,0,127.3445,0,0,2000,-45,14.75
18.08.2026,19:10:21,74028,0.214785,1.327779,-0.17,1.12,-8.9375,-56,231.0625,3.043933,0,0,127.6475,0,0,2000,-45,4
18.08.2026,19:10:21,74135,0.234218,1.231731,-0.19,0.54,-9.1875,-55.5,231,3.029292,0,0,127.9807,0,0,2000,-45,9.240685
18.08.2026,19:10:21,74241,0.253651,0.83325,0.22,-0.88,-8.625,-51.875,231.1875,3.038757,0,0,128.3139,0,0,2000,-45,9.847939
18.08.2026,19:10:21,74347,0.276152,0.35798,-0.1,-1.03,-8.5,-49.5,231.125,3.033952,0,0,128.6168,0,0,2000,-45,10.06816
18.08.2026,19:10:21,74453,0.276152,1.422214,-0.42,2.06,-9.375,-52.8125,230.5,3.029292,0,0,128.95,0,0,2000,-45,-1.424343
18.08.2026,19:10:21,74559,0.300699,1.404126,-0.19,0.46,-11.3125,-60.5,229.375,3.029292,0,0,129.2529,0,0,2000,-45,-15.20374
18.08.2026,19:10:21,74665,0.342633,-0.745655,-0.28,-0.54,-10.6875,-61.6875,228.9375,3.035003,0,0,129.586,0,0,2000,-45,10.62632
18.08.2026,19:10:21,74771,0.321154,0.505356,0.19,-1.28,-7.9375,-54.875,229.3125,3.029292,0,0,129.9192,0,0,2000,-45,40.4183
18.08.2026,19:10:21,74877,0.352861,-0.02636,-0.17,-0.93,-6.3125,-46.9375,229.75,3.029292,0,0,130.2221,0,0,2000,-45,29.53443
18.08.2026,19:10:21,74983,0.370248,0.670491,0.08,-1.33,-5.625,-38.8125,230,3.036788,0,0,130.5553,0,0,2000,-45,24.63557
18.08.2026,19:10:21,75089,0.375362,1.779116,-0.19,0.47,-5.625,-32.6875,230.125,3.047738,0,0,130.8582,0,0,2000,-45,21.41239
18.08.2026,19:10:21,75195,0.400932,-0.175449,-0.16,-0.69,-6,-30.3125,230,3.029293,0,0,131.1913,0,0,2000,-45,19.86782
18.08.2026,19:10:21,75301,0.416273,-0.40276,-0.56,0.99,-6.375,-32.1875,229.875,3.025733,0,0,131.5245,0,0,2000,-45,18.74874
18.08.2026,19:10:21,75407,0.437752,0.211962,-0.92,2.24,-6.8125,-36.5,229.5625,3.031819,0,0,131.8274,0,0,2000,-45,10.89482
18.08.2026,19:10:21,75513,0.433661,-0.583637,-0.51,0.57,-7.375,-44.625,228.875,3.029292,0,0,132.1606,0,0,2000,-45,8.824837
18.08.2026,19:10:21,75620,0.449002,1.159251,-0.42,0.89,-8,-56.5625,227.75,3.029292,0,0,132.4635,0,0,2000,-45,7.908234
18.08.2026,19:10:21,75726,0.44082,-1.12165,-0.35,-0.53,-7.0625,-60.875,227.1875,3.018359,0,0,132.7966,0,0,2000,-45,21.95279
18.08.2026,19:10:21,75832,0.428547,-0.881886,-0.52,2.17,-4.375,-55.875,227.25,3.029292,0,0,133.1298,0,0,2000,-45,45
18.08.2026,19:10:21,75938,0.463321,0.328204,-0.57,2.55,-2.5625,-48.125,227.125,3.029292,0,0,133.4327,0,0,2000,-45,44.34592
18.08.2026,19:10:21,76044,0.474572,0.95806,-0.16,1.39,-1.6875,-42.125,226.6875,3.039034,0,0,133.7659,0,0,2000,-45,40.55709
18.08.2026,19:10:21,76150,0.481732,1.157755,-0.03,0.54,-1.25,-36.75,226,3.028245,0,0,134.0688,0,0,2000,-45,37.5496
18.08.2026,19:10:21,76256,0.480709,0.653688,-0.5,1.52,-1.125,-33.4375,225.6875,3.029292,0,0,134.4019,0,0,2000,-45,38.38142
18.08.2026,19:10:21,76362,0.494005,-0.457479,-0.55,1.85,-1.1875,-32.8125,225.375,3.024748,0,0,134.7351,0,0,2000,-45,37.5141
18.08.2026,19:10:21,76468,0.478663,0.443298,-0.56,1.83,-1.25,-34.0625,225.125,3.033763,0,0,135.038,0,0,2000,-45,35.74616
18.08.2026,19:10:21,76574,0.458207,0.955041,0.39,-1.77,-1.4375,-34.9375,224.9375,3.029293,0,0,135.3712,0,0,2000,-45,35.72073
18.08.2026,19:10:21,76680,0.462299,-0.143721,0.36,-1.72,-1.5625,-31.375,225.0625,3.029292,0,0,135.6741,0,0,2000,-45,35.40074
18.08.2026,19:10:21,76786,0.446957,0.820381,-0.37,1.25,-1.9375,-23.125,225.4375,3.0375,0,0,136.0072,0,0,2000,-45,35.43505
18.08.2026,19:10:21,76892,0.471504,1.428612,-0.08,0.42,-2.4375,-14.375,225.8125,3.029292,0,0,136.3404,0,0,2000,-45,29.61367
18.08.2026,19:10:21,76998,0.460253,1.938711,-0.02,-0.35,-3,-10.25,226.0625,3.029292,0,0,136.6433,0,0,2000,-45,24.09139
18.08.2026,19:10:21,77105,0.469458,1.417398,-0.01,-1.19,-3.5625,-15.75,226,3.043191,0,0,136.9765,0,0,2000,-45,24.29664
18.08.2026,19:10:21,77211,0.481732,0.852439,-0.23,-1.57,-3.8125,-23.5625,225.8125,3.029292,0,0,137.3096,0,0,2000,-45,27.30866
18.08.2026,19:10:21,77317,0.481732,1.047832,-1.01,1.86,-4,-34.4375,225.3125,3.029292,0,0,137.6125,0,0,2000,-45,26.44411
18.08.2026,19:10:21,77423,0.479686,1.093812,-0.62,0.95,-3.8125,-45.875,224.5625,3.039747,0,0,137.9457,0,0,2000,-45,30.88734
18.08.2026,19:10:21,77529,0.490937,0.887009,-0.06,-0.44,-2.8125,-51.8125,223.875,3.037616,0,0,138.2486,0,0,2000,-45,30.715
18.08.2026,19:10:21,77635,0.464344,-1.052042,-0.19,0.8,-0.9375,-46.3125,223.3125,3.029292,0,0,138.5818,0,0,2000,-45,36.66868
18.08.2026,19:10:21,77741,0.496051,0.274987,0.63,-1.66,-0.1875,-35.9375,222.8125,3.031591,0,0,138.9149,0,0,2000,-45,40.48137
18.08.2026,19:10:21,77847,0.494005,1.544765,0.54,-1.25,-0.125,-21.125,222.25,3.044264,0,0,139.2178,0,0,2000,-45,42.11959
18.08.2026,19:10:21,77953,0.501164,1.123038,0.67,-1.85,-0.5625,-7.125,221.8125,3.029292,0,0,139.551,0,0,2000,-45,35.42025
18.08.2026,19:10:21,78059,0.47764,2.092615,0.29,-0.33,-1.125,0.875,221.625,3.029292,0,0,139.8539,0,0,2000,-45,33.02297
18.08.2026,19:10:21,78165,0.47764,-0.278707,-0.04,-0.47,-2,-1.8125,221.4375,3.025718,0,0,140.1871,0,0,2000,-45,28.15685
18.08.2026,19:10:21,78271,0.47764,-0.921921,-0.26,0.1,-2.5,-9.5625,221.375,3.029292,0,0,140.5202,0,0,2000,-45,29.4455
18.08.2026,19:10:21,78377,0.46639,1.273859,0.14,-0.94,-3.1875,-17.625,221.5,3.029292,0,0,140.8231,0,0,2000,-45,25.03481
18.08.2026,19:10:21,78483,0.464344,0.681064,0.61,-2.33,-3.6875,-20.75,222,3.035302,0,0,141.1563,0,0,2000,-45,28.0496
18.08.2026,19:10:21,78590,0.450025,0.234987,0.56,-2.31,-4.25,-16.0625,223.1875,3.027989,0,0,141.4592,0,0,2000,-45,25.41591
18.08.2026,19:10:21,78696,0.452071,-0.270061,-0.03,-0.79,-4.8125,-9.125,224.25,3.029292,0,0,141.7924,0,0,2000,-45,25.18328
18.08.2026,19:10:21,78802,0.435706,-0.880952,-0.11,0.46,-5.5,-4.5,225.1875,3.019576,0,0,142.1255,0,0,2000,-45,16.70122
18.08.2026,19:10:21,78908,0.442866,-0.134701,-0.39,1.29,-6.25,-2.625,226,3.026988,0,0,142.4284,0,0,2000,-45,13.37393
18.08.2026,19:10:21,79014,0.439797,1.317503,0.47,-1.85,-6.9375,-3.375,226.75,3.029292,0,0,142.7616,0,0,2000,-45,10.62393
18.08.2026,19:10:21,79120,0.458207,-1.10485,-0.52,0.53,-7.5625,-7.875,227.5625,3.029292,0,0,143.0645,0,0,2000,-45,9.564579
18.08.2026,19:10:21,79226,0.469458,0.006521,-0.79,1.58,-7.8125,-13.625,228,3.028222,0,0,143.3977,0,0,2000,-45,9.299786
18.08.2026,19:10:21,79332,0.467413,-1.316926,-0.28,0.04,-7.875,-18.5,228.375,3.029292,0,0,143.7309,0,0,2000,-45,11.05413
18.08.2026,19:10:21,79438,0.499119,-0.295503,-0.94,1.68,-7.625,-20,229.125,3.029292,0,0,144.0337,0,0,2000,-45,14.55728
18.08.2026,19:10:21,79544,0.522643,-0.461039,-0.78,0.11,-7.125,-19.5625,229.8125,3.023582,0,0,144.3669,0,0,2000,-45,13.48137
18.08.2026,19:10:21,79650,0.548213,-0.547481,-0.71,1.08,-6,-23.5,229.9375,3.035455,0,0,144.6698,0,0,2000,-45,16.61682
18.08.2026,19:10:21,79756,0.562531,-0.246139,-0.67,1.79,-4.875,-26.9375,229.8125,3.029292,0,0,145.003,0,0,2000,-45,19.46677
18.08.2026,19:10:21,79862,0.55844,0.666171,-0.26,1.17,-3.875,-25.75,230,3.034822,0,0,145.3362,0,0,2000,-45,33.06653
18.08.2026,19:10:21,79968,0.575828,-0.221318,-0.49,1.82,-3,-19.625,230.375,3.025856,0,0,145.639,0,0,2000,-45,33.14697
18.08.2026,19:10:21,80075,0.590147,1.802698,-0.12,-0.41,-2.4375,-10.875,230.75,3.029292,0,0,145.9722,0,0,2000,-45,33.86266
18.08.2026,19:10:21,80181,0.577873,1.058819,-0.61,1.24,-2.25,-8.6875,230.875,3.038568,0,0,146.3054,0,0,2000,-45,32.90741
18.08.2026,19:10:21,80287,0.601397,-0.104081,-0.86,1.63,-2,-11.3125,230.8125,3.026911,0,0,146.6083,0,0,2000,-45,34.31653
18.08.2026,19:10:21,80393,0.591169,0.564636,-0.96,1.51,-1.5625,-17.1875,230.75,3.029292,0,0,146.9415,0,0,2000,-45,38.70059
18.08.2026,19:10:21,80499,0.600375,1.148887,-0.48,0.61,-1.125,-22.1875,230.75,3.029293,0,0,147.2443,0,0,2000,-45,38.80627
18.08.2026,19:10:21,80605,0.614694,1.266081,-0.21,0.07,-0.375,-24.8125,230.8125,3.023788,0,0,147.5775,0,0,2000,-45,37.80035
18.08.2026,19:10:21,80711,0.607534,0.51557,-0.48,1.07,0,-22.25,230.875,3.029292,0,0,147.9107,0,0,2000,-45,41.98924
18.08.2026,19:10:21,80817,0.610602,1.376908,-0.1,0.15,0.1875,-16.75,230.9375,3.029292,0,0,148.2136,0,0,2000,-45,40.58761
18.08.2026,19:10:21,80923,0.600375,0.187331,-0.95,2.09,0.25,-12.25,230.875,3.029638,0,0,148.5468,0,0,2000,-45,41.37764
18.08.2026,19:10:21,81029,0.60242,1.888433,-0.23,-1.04,0.625,-13.75,230.6875,3.038179,0,0,148.8496,0,0,2000,-45,41.72306
18.08.2026,19:10:21,81135,0.599352,0.990086,-0.18,-1.63,1.125,-19.3125,230.4375,3.029292,0,0,149.1828,0,0,2000,-45,43.91491
18.08.2026,19:10:21,81241,0.606511,0.010087,-0.65,-0.25,2.125,-27.25,230.125,3.027701,0,0,149.516,0,0,2000,-45,45
18.08.2026,19:10:21,81347,0.610602,1.002592,-0.83,1.45,3.6875,-34.375,229.8125,3.037645,0,0,149.8189,0,0,2000,-45,45
18.08.2026,19:10:21,81453,0.592192,1.305277,-0.22,-0.14,5.6875,-38.5625,229.1875,3.029292,0,0,150.1521,0,0,2000,-45,45
18.08.2026,19:10:21,81560,0.585033,1.286446,-0.07,-0.63,7.75,-37.125,227.8125,3.029293,0,0,150.4549,0,0,2000,-45,45
18.08.2026,19:10:21,81666,0.57685,0.967989,0.01,-0.79,9.0625,-35.75,226.375,3.037152,0,0,150.7881,0,0,2000,-45,45
18.08.2026,19:10:21,81772,0.564577,-0.174361,0,0.46,11.0625,-36.625,224.625,3.029292,0,0,151.1213,0,0,2000,-45,45
18.08.2026,19:10:21,81878,0.546167,0.984477,0.06,1.38,13.25,-38.5,222.8125,3.029293,0,0,151.4242,0,0,2000,-45,45
18.08.2026,19:10:21,81984,0.508324,1.871089,0.47,0.17,14.6875,-37.3125,220.8125,3.04608,0,0,151.7574,0,0,2000,-45,45
18.08.2026,19:10:21,82090,0.501164,-0.600496,0.3,0.52,15.375,-32.6875,218,3.036998,0,0,152.0602,0,0,2000,-45,45
18.08.2026,19:10:21,82196,0.46639,-0.769499,0.07,1.44,15.25,-28.5625,216.0625,3.029292,0,0,152.3934,0,0,2000,-45,45
18.08.2026,19:10:21,82302,0.437752,-0.214005,0.53,-0.38,14.625,-22.5625,214.0625,3.025213,0,0,152.7266,0,0,2000,-45,45
18.08.2026,19:10:21,82408,0.38559,0.924732,1.02,-2.02,13.6875,-15.8125,212.25,3.036569,0,0,153.0295,0,0,2000,-45,45
18.08.2026,19:10:21,82514,0.345701,0.435852,0.66,-1.21,12.6875,-8.9375,210.9375,3.029292,0,0,153.3627,0,0,2000,-45,45
18.08.2026,19:10:21,82620,0.308881,-0.024841,0.26,-0.33,11.5625,-5.5,210.125,3.029292,0,0,153.6655,0,0,2000,-45,45
18.08.2026,19:10:21,82726,0.262856,-1.074139,0.1,0.08,10.75,-8.625,210.3125,3.01641,0,0,153.9987,0,0,2000,-45,45
18.08.2026,19:10:21,82832,0.197397,-0.593635,-0.21,0.88,9.875,-11.125,210.6875,3.029292,0,0,154.3319,0,0,2000,-45,45
18.08.2026,19:10:21,82938,0.170805,1.040114,0.53,-1.99,8.5625,-11.5,211.0625,3.029293,0,0,154.6348,0,0,2000,-45,45
18.08.2026,19:10:21,83045,0.138076,-0.908495,-0.09,0.26,6.8125,-11.1875,211.625,3.031556,0,0,154.968,0,0,2000,-45,45
18.08.2026,19:10:21,83151,0.109438,0.453772,-0.89,1.37,5.4375,-11.375,212.0625,3.029292,0,0,155.3011,0,0,2000,-45,45
18.08.2026,19:10:21,83257,0.096142,-0.359608,-0.66,0.44,4.3125,-15.4375,212.5,3.029292,0,0,155.604,0,0,2000,-45,45
18.08.2026,19:10:21,83363,0.070572,0.375075,-1.18,1.44,3.6875,-24.1875,212.6875,3.030791,0,0,155.9372,0,0,2000,-45,45
18.08.2026,19:10:21,83469,0.057276,0.088956,-0.71,1.17,3.3125,-35.875,212.625,3.027874,0,0,156.2401,0,0,2000,-45,45
18.08.2026,19:10:21,83575,0.04398,0.67717,-0.04,0.1,2.4375,-41.3125,212.0625,3.029292,0,0,156.5733,0,0,2000,-45,45
18.08.2026,19:10:21,83681,0.033752,0.061664,-0.05,1.14,1.0625,-33.5,211.4375,3.027625,0,0,156.9064,0,0,2000,-45,37.75
18.08.2026,19:10:21,83787,0.017387,1.235409,0.23,0.09,-0.6875,-17.8125,211,3.039396,0,0,157.2093,0,0,2000,-45,24.5
18.08.2026,19:10:21,83893,0.003068,-0.528569,-0.94,-0.1,-2.625,-2.875,210.9375,3.029292,0,0,157.5425,0,0,2000,-45,18.3125
18.08.2026,19:10:21,83999,0,-1.23664,-1.01,-1.98,-5.8125,8.375,211.4375,3.029292,0,0,157.8454,0,0,2000,-45,7
18.08.2026,19:10:21,84105,0.003068,-0.762698,-1.59,-2.69,-8.0625,3.9375,211.625,3.019338,0,0,158.1786,0,0,2000,-45,-3.4375
18.08.2026,19:10:21,84211,0.012273,0.25027,-0.17,-2.21,-10.1875,-8.5,211.5,3.029292,0,0,158.5117,0,0,2000,-45,-10.375
18.08.2026,19:10:21,84317,0.01841,0.008544,-1.91,-1.41,-12.75,-24.4375,210.875,3.029292,0,0,158.8146,0,0,2000,-45,-33.125
18.08.2026,19:10:21,84423,0.028638,-1.418349,-3.47,0.47,-15.5625,-38.5,210,3.012858,0,0,159.1478,0,0,2000,-45,-16.25
18.08.2026,19:10:21,84530,0.028638,0.607027,1.72,-0.79,-19.25,-51.875,208.6875,3.041257,0,0,159.4507,0,0,2000,-45,-29
18.08.2026,19:10:21,84636,0.042957,0.030311,0.11,-3.05,-17.3125,-51.25,208.8125,3.029292,0,0,159.7839,0,0,2000,-45,-28
18.08.2026,19:10:21,84742,0.031706,1.355209,1.04,-1.25,-12.3125,-38.9375,210.1875,3.040793,0,0,160.117,0,0,2000,-45,32.6875
18.08.2026,19:10:21,84848,0.053185,0.586304,1.71,-2,-9.0625,-20.5625,211.75,3.033,0,0,160.4199,0,0,2000,-45,28.5
18.08.2026,19:10:21,84954,0.054208,0.629651,0.16,0.19,-7.6875,-3.4375,212.875,3.029292,0,0,160.7531,0,0,2000,-45,24.625
18.08.2026,19:10:21,85060,0.056253,-0.387682,0.97,-0.66,-6.875,8.25,213.5,3.029293,0,0,161.056,0,0,2000,-45,20.625
18.08.2026,19:10:21,85166,0.050116,0.936956,1.32,-1.77,-6.25,8.25,213.375,3.036431,0,0,161.3892,0,0,2000,-45,27.25
18.08.2026,19:10:21,85272,0.065458,1.39794,0.58,-0.48,-5.5,1.1875,212.9375,3.029292,0,0,161.7223,0,0,2000,-45,28.6875
18.08.2026,19:10:21,85378,0.063413,0.574777,0.64,-1.81,-4.9375,-10,212.5,3.029292,0,0,162.0252,0,0,2000,-45,29.375
18.08.2026,19:10:21,85484,0.084891,0.656172,0.19,-0.32,-4.625,-19.9375,212.25,3.033607,0,0,162.3584,0,0,2000,-45,27.5
18.08.2026,19:10:21,85590,0.091028,-1.276974,0.03,-1.1,-4.375,-23.5,212.4375,3.031519,0,0,162.6613,0,0,2000,-45,28
18.08.2026,19:10:21,85696,0.097165,-0.993714,-0.7,1.05,-4.3125,-21.1875,212.6875,3.029292,0,0,162.9945,0,0,2000,-45,28.75
18.08.2026,19:10:21,85802,0.116597,1.585369,-0.48,-0.37,-4.1875,-20.625,212.4375,3.042982,0,0,163.3276,0,0,2000,-45,29.25
18.08.2026,19:10:21,85908,0.09921,0.928571,-0.06,-1.4,-4.0625,-26.1875,211.5625,3.036346,0,0,163.6305,0,0,2000,-45,31.3125
18.08.2026,19:10:21,86015,0.107392,-1.341774,-0.31,0.85,-4,-36.0625,209.8125,3.029292,0,0,163.9637,0,0,2000,-45,30
18.08.2026,19:10:21,86121,0.132962,-1.393139,0.48,-1.03,-3.875,-36,208.8125,3.013329,0,0,164.2969,0,0,2000,-45,33.625
18.08.2026,19:10:21,86227,0.127848,-1.256684,0.13,0.58,-3.8125,-27.3125,208.375,3.014766,0,0,164.5998,0,0,2000,-45,30.75
18.08.2026,19:10:21,86333,0.147281,-0.014301,-0.02,1.25,-4.375,-12.1875,208.25,3.029292,0,0,164.9329,0,0,2000,-45,22.25
18.08.2026,19:10:21,86439,0.129894,1.120349,1.03,-1.77,-5.5625,1.9375,208.4375,3.029293,0,0,165.2358,0,0,2000,-45,12.8125
18.08.2026,19:10:21,86545,0.118643,-1.068587,0.24,0.34,-7.6875,10.8125,208.75,3.030338,0,0,165.569,0,0,2000,-45,17.25
18.08.2026,19:10:21,86651,0.120689,-0.737456,-0.26,1.01,-9.0625,7.9375,208.6875,3.029292,0,0,165.9022,0,0,2000,-45,-2.75
18.08.2026,19:10:21,86757,0.126825,-0.812102,0.01,-0.87,-9.875,-0.6875,208.25,3.029292,0,0,166.2051,0,0,2000,-45,0.25
18.08.2026,19:10:21,86863,0.140121,-1.409161,-0.23,0.27,-10.875,-12.3125,207.6875,3.013241,0,0,166.5382,0,0,2000,-45,2.5
18.08.2026,19:10:21,86969,0.163646,-0.28666,-0.41,-1.37,-11.875,-20.9375,207.25,3.024468,0,0,166.8411,0,0,2000,-45,-1.5
18.08.2026,19:10:21,87075,0.212739,-0.205863,-1.2,0.42,-13.125,-34.75,205.625,3.029292,0,0,167.1743,0,0,2000,-45,-5
18.08.2026,19:10:21,87181,0.210694,-1.388467,-0.55,0.86,-14.875,-48.8125,203.125,3.013344,0,0,167.5075,0,0,2000,-45,-32.25
18.08.2026,19:10:21,87287,0.197397,-0.946483,-0.06,1.15,-14.5,-52.75,201.6875,3.017897,0,0,167.8104,0,0,2000,-45,0.5
18.08.2026,19:10:21,87393,0.23524,0.790593,0.79,0.17,-10.75,-42.875,201.625,3.029293,0,0,168.1435,0,0,2000,-45,32.54727
18.08.2026,19:10:21,87500,0.244446,1.688751,0.71,-0.39,-7.8125,-14.5625,203,3.029292,0,0,168.4464,0,0,2000,-45,25.77795
18.08.2026,19:10:21,87606,0.246491,1.12274,-0.09,1.56,-8,4.75,204.0625,3.038546,0,0,168.7796,0,0,2000,-45,9.3125
18.08.2026,19:10:21,87712,0.243423,-0.51038,0.1,1.02,-8.4375,11.1875,204.375,3.029292,0,0,169.1128,0,0,2000,-45,10.6875
18.08.2026,19:10:21,87818,0.255696,-0.708841,-0.1,1.36,-8.4375,6,204.1875,3.029292,0,0,169.4157,0,0,2000,-45,12.02795
18.08.2026,19:10:21,87924,0.273083,0.02963,-0.26,1.15,-8.4375,-2.125,204,3.027588,0,0,169.7488,0,0,2000,-45,11.70065
18.08.2026,19:10:21,88030,0.296608,0.49856,0,-1.96,-8.4375,-14.6875,203.875,3.029764,0,0,170.0517,0,0,2000,-45,11.1279
18.08.2026,19:10:21,88136,0.331382,-0.51389,-0.77,1.3,-8.25,-24.75,203.625,3.029292,0,0,170.3849,0,0,2000,-45,11.28424
18.08.2026,19:10:21,88242,0.351838,0.613329,-1.16,1.46,-7.625,-32.0625,203.4375,3.033468,0,0,170.7181,0,0,2000,-45,20.31697
18.08.2026,19:10:21,88348,0.364111,1.310753,-1.03,0.96,-6.5,-39,202.8125,3.040398,0,0,171.021,0,0,2000,-45,30.83786
18.08.2026,19:10:21,88454,0.380476,0.72466,0.3,-0.39,-4.0625,-48.25,201.1875,3.029292,0,0,171.3541,0,0,2000,-45,39.65647
18.08.2026,19:10:21,88560,0.37843,0.510722,0.75,-1.12,-1.875,-45.5,200.1875,3.029292,0,0,171.657,0,0,2000,-45,45
18.08.2026,19:10:21,88666,0.391726,0.516558,0.7,-0.67,-0.25,-34.125,199.125,3.032523,0,0,171.9902,0,0,2000,-45,45
18.08.2026,19:10:21,88772,0.400932,0.869692,-0.3,2.05,0.3125,-20.8125,197.875,3.029292,0,0,172.3234,0,0,2000,-45,45
18.08.2026,19:10:21,88878,0.399909,1.371761,-0.09,1.29,0.6875,-15.0625,196.5,3.029292,0,0,172.6263,0,0,2000,-45,45
18.08.2026,19:10:21,88985,0.400932,0.728365,0.44,-1.29,1.3125,-20.8125,194.9375,3.044205,0,0,172.9594,0,0,2000,-45,45
18.08.2026,19:10:21,89091,0.39684,1.681116,-0.11,-0.21,1.9375,-29.3125,194.125,3.029293,0,0,173.2926,0,0,2000,-45,45
18.08.2026,19:10:21,89197,0.38559,0.169344,0.49,-1.76,3.1875,-41.3125,193.3125,3.029292,0,0,173.5955,0,0,2000,-45,45
18.08.2026,19:10:21,89303,0.371271,1.294039,-0.02,0.22,4.875,-48.875,192.5,3.040061,0,0,173.9287,0,0,2000,-45,45
18.08.2026,19:10:21,89409,0.357975,0.357302,-0.2,1.45,7.25,-54.5625,191.25,3.030735,0,0,174.2316,0,0,2000,-45,45
18.08.2026,19:10:21,89515,0.332405,-0.232656,1.16,-1.87,8.625,-52.0625,189,3.029292,0,0,174.5647,0,0,2000,-45,45
18.08.2026,19:10:21,89621,0.313995,-0.696669,0.77,-0.47,7.25,-40.75,187.0625,3.020262,0,0,174.8979,0,0,2000,-45,45
18.08.2026,19:10:21,89727,0.309904,0.958591,0.95,-1.47,5.6875,-24.8125,184.875,3.036859,0,0,175.2008,0,0,2000,-45,45
18.08.2026,19:10:21,89833,0.28638,2.326787,0.57,0.23,4.875,-17,183,3.029292,0,0,175.534,0,0,2000,-45,45
18.08.2026,19:10:21,89939,0.276152,1.585009,0.64,-1.19,4.625,-22.5,181.75,3.029292,0,0,175.8369,0,0,2000,-45,45
18.08.2026,19:10:21,90045,0.249559,0.427663,0.62,-1.97,5.8125,-43.3125,180.875,3.031245,0,0,176.17,0,0,2000,-45,45
18.08.2026,19:10:21,90151,0.2424,-0.836491,0.29,-1.21,7.375,-53.8125,180.625,3.029292,0,0,176.5032,0,0,2000,-45,45
18.08.2026,19:10:21,90257,0.185124,-1.201424,-0.15,1.67,8.125,-55.6875,180.25,3.029292,0,0,176.8061,0,0,2000,-45,45
18.08.2026,19:10:21,90363,0.162623,0.881435,0.55,-0.38,8.125,-54.8125,179.4375,3.035908,0,0,177.1393,0,0,2000,-45,45
18.08.2026,19:10:21,90470,0.12478,-1.436086,0.37,0.06,6.25,-47.375,178,3.028569,0,0,177.4422,0,0,2000,-45,45
18.08.2026,19:10:21,90576,0.115575,-1.211024,0.25,0.8,4.125,-35.8125,176.8125,3.029292,0,0,177.7753,0,0,2000,-45,45
18.08.2026,19:10:21,90682,0.111484,-0.209171,0.57,-0.64,2.1875,-23.875,175.75,3.025219,0,0,178.1085,0,0,2000,-45,36
18.08.2026,19:10:21,90788,0.11762,-0.221713,0.04,1.03,0.875,-22.5,174.8125,3.025046,0,0,178.4114,0,0,2000,-45,40.125
18.08.2026,19:10:21,90894,0.097165,0.471906,0.54,-1.38,-0.375,-31.4375,173.625,3.029292,0,0,178.7446,0,0,2000,-45,35.125
18.08.2026,19:10:21,91000,0.074663,-1.346894,0.49,-1.71,-2.4375,-47.625,172.0625,3.029292,0,0,179.0475,0,0,2000,-45,26
18.08.2026,19:10:21,91106,0.060344,-0.911905,-0.16,1.46,-4,-47.625,171.4375,3.018054,0,0,179.3806,0,0,2000,-45,19.0625
18.08.2026,19:10:21,91212,0.019433,0.423237,-0.31,2.6,-5.5,-44.9375,170.6875,3.029292,0,0,179.7138,0,0,2000,-45,6.8125
18.08.2026,19:10:21,91318,0.027615,0.485649,0.19,0.97,-7,-45.125,169.625,3.029292,0,0,180.0167,0,0,2000,-45,5.5
18.08.2026,19:10:21,91424,0.022501,0.604771,0.53,-0.05,-8.5625,-41.0625,168.3125,3.022073,0,0,180.3499,0,0,2000,-45,12.75
18.08.2026,19:10:21,91530,0.031706,1.356012,0.6,-0.81,-9.25,-32.4375,167.9375,3.018691,0,0,180.6528,0,0,2000,-45,10
18.08.2026,19:10:21,91636,0.040911,-0.675077,0.12,1.14,-10.4375,-27,167.25,3.029292,0,0,180.9859,0,0,2000,-45,5.75
18.08.2026,19:10:21,91742,0.034775,-0.002515,-0.15,1.78,-12.1875,-29.25,165.875,3.02715,0,0,181.3191,0,0,2000,-45,-21.5
18.08.2026,19:10:21,91848,0.066481,0.208493,0.07,0.95,-14.3125,-35.8125,164.0625,3.029262,0,0,181.622,0,0,2000,-45,-11.25
18.08.2026,19:10:21,91955,0.067504,0.527692,0.29,0.68,-17.25,-41.75,161.9375,3.029292,0,0,181.9552,0,0,2000,-45,-21
18.08.2026,19:10:21,92061,0.07364,1.51824,0.53,0.5,-18.1875,-41.6875,161.125,3.042357,0,0,182.2884,0,0,2000,-45,-33
18.08.2026,19:10:21,92167,0.084891,-0.119549,0.24,1.14,-19.125,-43.3125,159.9375,3.026001,0,0,182.5912,0,0,2000,-45,-36.75
18.08.2026,19:10:21,92273,0.113529,0.20774,0.56,0.31,-18.4375,-40.625,159.75,3.029292,0,0,182.9244,0,0,2000,-45,-13.6875
18.08.2026,19:10:21,92379,0.13603,-0.257585,0.09,1.61,-16.375,-31.1875,161,3.029292,0,0,183.2273,0,0,2000,-45,-2.3125
18.08.2026,19:10:21,92485,0.167737,1.30978,0.71,-0.44,-14.9375,-16.375,163.125,3.040388,0,0,183.5605,0,0,2000,-45,-10.625
18.08.2026,19:10:21,92591,0.193306,1.048908,0.9,-1.44,-14.875,-14.625,163.4375,3.029293,0,0,183.8937,0,0,2000,-45,-13.5
18.08.2026,19:10:21,92697,0.220921,-0.606145,0,1.49,-15.1875,-22.25,162.5625,3.029292,0,0,184.1965,0,0,2000,-45,-17.875
18.08.2026,19:10:21,92803,0.231149,-0.596279,-0.13,1.32,-15.875,-32.875,161.125,3.021382,0,0,184.5297,0,0,2000,-45,-17.5
18.08.2026,19:10:21,92909,0.26081,0.290343,0.21,1.04,-15.8125,-38,160.5625,3.030297,0,0,184.8326,0,0,2000,-45,-17.55388
18.08.2026,19:10:21,93015,0.288425,0.559461,0.47,0.8,-14.9375,-42.75,159.875,3.029292,0,0,185.1658,0,0,2000,-45,-15.47483
18.08.2026,19:10:21,93121,0.300699,0.334347,0.96,-0.88,-13.5,-43.8125,159.625,3.030797,0,0,185.499,0,0,2000,-45,7.108383
18.08.2026,19:10:21,93227,0.339564,-1.595689,0.47,0.59,-10.5,-34.875,160.625,3.011617,0,0,185.8018,0,0,2000,-45,24.24559
18.08.2026,19:10:21,93333,0.369225,-0.522172,0.15,2.02,-8.375,-21.125,162,3.029292,0,0,186.135,0,0,2000,-45,22.05356
18.08.2026,19:10:21,93440,0.377407,1.467817,0.7,0.2,-7.375,-14.0625,162.875,3.029292,0,0,186.4379,0,0,2000,-45,20.08056
18.08.2026,19:10:21,93546,0.415251,0.832121,0.79,-0.98,-7,-18.1875,163,3.035935,0,0,186.7711,0,0,2000,-45,18.54645
18.08.2026,19:10:21,93652,0.394795,0.640392,0.3,0.46,-6.8125,-24.3125,163.0625,3.029292,0,0,187.1043,0,0,2000,-45,17.83213
18.08.2026,19:10:21,93758,0.416273,-0.335229,-0.13,1.89,-6.5,-29,163.25,3.029292,0,0,187.4072,0,0,2000,-45,20.35007
18.08.2026,19:10:21,93864,0.414228,0.113945,0.18,1.06,-6.0625,-32.4375,163.4375,3.028872,0,0,187.7403,0,0,2000,-45,19.10599
18.08.2026,19:10:21,93970,0.416273,0.153097,0.64,-0.23,-5.3125,-32.3125,163.9375,3.014324,0,0,188.0432,0,0,2000,-45,21.66238
18.08.2026,19:10:21,94076,0.42241,0.597543,0.94,-1.33,-4.75,-23.3125,164.9375,3.029293,0,0,188.3764,0,0,2000,-45,23.39325
18.08.2026,19:10:21,94182,0.433661,0.463659,1.21,-2.01,-4.75,-11.5625,166.125,3.032578,0,0,188.7096,0,0,2000,-45,22.48257
18.08.2026,19:10:21,94288,0.420364,-0.018646,1.14,-1.69,-5.25,-0.0625,167.375,3.027829,0,0,189.0125,0,0,2000,-45,17.50484
18.08.2026,19:10:21,94394,0.423433,-0.152819,0.05,1.62,-6.0625,6.5625,168.4375,3.029292,0,0,189.3456,0,0,2000,-45,12.44688
18.08.2026,19:10:21,94500,0.421387,1.049775,0.97,-1.56,-7.0625,5.6875,169.375,3.029292,0,0,189.6485,0,0,2000,-45,15.98691
18.08.2026,19:10:21,94606,0.437752,0.496464,0.25,0.53,-7.6875,-0.75,169.75,3.033022,0,0,189.9817,0,0,2000,-45,5.537766
18.08.2026,19:10:21,94712,0.443888,0.855534,0.53,-1.1,-8.1875,-8.0625,170,3.029292,0,0,190.3149,0,0,2000,-45,5.542107
18.08.2026,19:10:21,94818,0.44798,0.23139,0.6,-2.2,-8.625,-14.8125,170.375,3.029292,0,0,190.6178,0,0,2000,-45,5.600075
18.08.2026,19:10:21,94925,0.467413,-0.241157,0.9,-2.31,-8.75,-19.3125,171.1875,3.021653,0,0,190.9509,0,0,2000,-45,7.5214
18.08.2026,19:10:21,95031,0.469458,0.926558,0.56,-1.15,-8.5,-18.6875,172.125,3.029292,0,0,191.2841,0,0,2000,-45,8.692345
18.08.2026,19:10:21,95137,0.496051,0.624587,0.6,-1.44,-8.125,-15.8125,173.0625,3.029293,0,0,191.587,0,0,2000,-45,9.161377
18.08.2026,19:10:21,95243,0.504233,1.241814,0.27,-0.08,-7.8125,-15.0625,173.625,3.040606,0,0,191.9202,0,0,2000,-45,10.74773
18.08.2026,19:10:21,95349,0.504233,0.801904,0.75,-1.36,-7.5,-15.375,174.0625,3.036216,0,0,192.2231,0,0,2000,-45,11.03222
18.08.2026,19:10:21,95455,0.524688,-1.43598,0.48,-0.02,-7.1875,-12.4375,174.9375,3.029292,0,0,192.5562,0,0,2000,-45,12.76863
18.08.2026,19:10:21,95561,0.525711,0.913275,0.36,0.18,-7.1875,-8.125,175.875,3.037457,0,0,192.8894,0,0,2000,-45,12.59315
18.08.2026,19:10:21,95667,0.531848,1.254943,0.54,-1.2,-7.3125,-4.9375,176.6875,3.040878,0,0,193.1923,0,0,2000,-45,10.4161
18.08.2026,19:10:21,95773,0.549235,0.679069,0.66,-1.94,-7.375,-5.1875,177.125,3.029292,0,0,193.5255,0,0,2000,-45,12.05589
18.08.2026,19:10:21,95879,0.539007,0.490523,0.46,-1.88,-7.4375,-10.0625,177.4375,3.029292,0,0,193.8284,0,0,2000,-45,11.78953
18.08.2026,19:10:21,95985,0.566623,-0.166251,0.68,-1.94,-7.3125,-15.6875,177.5625,3.026667,0,0,194.1615,0,0,2000,-45,13.52473
18.08.2026,19:10:21,96091,0.577873,0.678728,0.34,-1.7,-7.125,-18.9375,177.8125,3.029293,0,0,194.4947,0,0,2000,-45,13.53833
18.08.2026,19:10:21,96197,0.578896,0.964835,-0.14,0.6,-6.6875,-20.5,178.125,3.029293,0,0,194.7976,0,0,2000,-45,18.46243
18.08.2026,19:10:21,96303,0.590147,0.990752,0.33,-0.65,-6.1875,-21.375,178.3125,3.03819,0,0,195.1308,0,0,2000,-45,15.90584
18.08.2026,19:10:21,96410,0.603443,-1.107273,0.51,-0.34,-5.5,-19,178.8125,3.032954,0,0,195.4337,0,0,2000,-45,18.02493
18.08.2026,19:10:21,96516,0.601397,-1.32849,0.4,0.49,-5.1875,-13.3125,179.5,3.029292,0,0,195.7668,0,0,2000,-45,19.52493
18.08.2026,19:10:21,96622,0.614694,1.21327,0.54,-0.46,-5.3125,-5.6875,180.375,3.040649,0,0,196.1,0,0,2000,-45,17.20512
18.08.2026,19:10:21,96728,0.601397,1.213811,0.99,-1.29,-5.75,-0.125,181.125,3.040652,0,0,196.4029,0,0,2000,-45,12.90289
18.08.2026,19:10:21,96834,0.599352,0.880625,1.07,-2.18,-6.25,1.5,181.6875,3.029293,0,0,196.7361,0,0,2000,-45,11.32836
18.08.2026,19:10:21,96940,0.614694,0.043551,0.8,-1.95,-6.8125,-1.5,182.25,3.029292,0,0,197.039,0,0,2000,-45,10.50264
18.08.2026,19:10:21,97046,0.624921,-0.610206,0.36,-0.99,-7.1875,-6.3125,182.5625,3.022388,0,0,197.3721,0,0,2000,-45,9.623302
18.08.2026,19:10:21,97152,0.614694,0.413772,-0.29,1.15,-7.5,-10.875,182.9375,3.029292,0,0,197.7053,0,0,2000,-45,8.111465
18.08.2026,19:10:21,97258,0.641286,0.964804,0.02,-0.1,-7.5625,-14.75,183.3125,3.029293,0,0,198.0082,0,0,2000,-45,9.522156
18.08.2026,19:10:21,97364,0.640263,0.702135,0.46,-1.57,-7.4375,-16.75,183.75,3.035522,0,0,198.3414,0,0,2000,-45,10.23489
18.08.2026,19:10:21,97470,0.66481,-0.914791,-0.3,0.75,-7,-15.375,184.6875,3.033705,0,0,198.6443,0,0,2000,-45,10.79305
18.08.2026,19:10:21,97576,0.670947,0.26178,0.42,-1.6,-6.625,-15.5625,185,3.029292,0,0,198.9774,0,0,2000,-45,11.99849
18.08.2026,19:10:21,97682,0.667878,1.133827,0.55,-1.13,-6.125,-16.625,185.3125,3.039954,0,0,199.3106,0,0,2000,-45,19.48508
18.08.2026,19:10:21,97788,0.698562,0.380649,0.99,-2.27,-5.75,-15.4375,185.8125,3.032396,0,0,199.6135,0,0,2000,-45,17.94191
18.08.2026,19:10:21,97895,0.677083,0.120384,0.84,-2.08,-5.375,-10.5625,186.625,3.029292,0,0,199.9467,0,0,2000,-45,17.30211
18.08.2026,19:10:21,98001,0.685266,-0.191746,0.24,-0.78,-5.1875,-7.625,187.25,3.026557,0,0,200.2798,0,0,2000,-45,21.45985
18.08.2026,19:10:21,98107,0.698562,-0.781869,-0.13,0,-5,-8.75,187.4375,3.020655,0,0,200.5827,0,0,2000,-45,19.87821
18.08.2026,19:10:21,98213,0.696516,0.823016,-0.05,0.1,-4.5625,-13.75,187.5,3.029292,0,0,200.9159,0,0,2000,-45,23.59982
18.08.2026,19:10:21,98319,0.704699,1.226222,0.29,-1.22,-4,-18.625,187.5625,3.029292,0,0,201.2188,0,0,2000,-45,27.24868
18.08.2026,19:10:21,98425,0.714926,-0.931968,-0.1,-0.11,-3.125,-21.125,187.875,3.035882,0,0,201.552,0,0,2000,-45,24.68479
18.08.2026,19:10:21,98531,0.712881,0.27896,0.61,-1.8,-2.3125,-22.25,187.9375,3.029292,0,0,201.8851,0,0,2000,-45,37.18914
18.08.2026,19:10:21,98637,0.725154,-0.586199,0.53,-0.9,-1.625,-21.6875,187.875,3.029292,0,0,202.188,0,0,2000,-45,36.56866
18.08.2026,19:10:21,98743,0.706744,0.838268,0.97,-1.85,-1.1875,-17.8125,187.9375,3.036942,0,0,202.5212,0,0,2000,-45,34.07301
18.08.2026,19:10:21,98849,0.709812,1.09256,0.18,0.21,-1,-12,188,3.039423,0,0,202.8241,0,0,2000,-45,34.39753
18.08.2026,19:10:21,98955,0.693448,-0.09695,0.58,-1.11,-1.0625,-8.5,187.875,3.029293,0,0,203.1573,0,0,2000,-45,35.01485
18.08.2026,19:10:21,99061,0.703676,-0.996108,0.17,-0.35,-1.0625,-10.8125,187.6875,3.018472,0,0,203.4904,0,0,2000,-45,34.50755
18.08.2026,19:10:21,99167,0.678106,0.478728,0.8,-2.01,-1.0625,-14.3125,187.5625,3.033263,0,0,203.7933,0,0,2000,-45,35.04758
18.08.2026,19:10:21,99273,0.661742,-0.376307,0.6,-1.33,-1.0625,-17.4375,187.5,3.029292,0,0,204.1265,0,0,2000,-45,35.22759
18.08.2026,19:10:21,99380,0.663787,-0.381906,-0.06,1.44,-1.1875,-16.8125,187.6875,3.029292,0,0,204.4294,0,0,2000,-45,35.45216
18.08.2026,19:10:21,99486,0.659696,0.402575,0.78,-2.05,-1.4375,-12.1875,187.9375,3.032544,0,0,204.7626,0,0,2000,-45,32.65603
18.08.2026,19:10:21,99592,0.6464,0.265886,0.21,-1.24,-1.75,-9,188.0625,3.029292,0,0,205.0957,0,0,2000,-45,31.27511
18.08.2026,19:10:21,99698,0.645377,-0.983128,0.08,0,-1.875,-11.125,188,3.029292,0,0,205.3986,0,0,2000,-45,32.55035
18.08.2026,19:10:21,99804,0.648445,-1.407318,0.02,0.77,-1.8125,-16.125,187.75,3.014475,0,0,205.7318,0,0,2000,-45,31.94939
18.08.2026,19:10:21,99910,0.626967,-1.328466,0.07,1.3,-1.8125,-18.5,187.8125,3.03784,0,0,206.0347,0,0,2000,-45,32.84945
18.08.2026,19:10:21,100016,0.623899,-1.027243,0.46,-0.8,-2,-14,188.1875,3.029292,0,0,206.3679,0,0,2000,-45,32.05489
18.08.2026,19:10:21,100122,0.599352,0.242491,0.83,-2.03,-2.375,-7.5625,188.5625,3.03104,0,0,206.701,0,0,2000,-45,31.42674
18.08.2026,19:10:21,100228,0.595261,0.032119,0.65,-1.46,-2.875,-3.9375,188.9375,3.028923,0,0,207.0039,0,0,2000,-45,24.56653
18.08.2026,19:10:21,100334,0.588101,-0.19552,-0.58,1.89,-3.4375,-5.125,189.125,3.029292,0,0,207.3371,0,0,2000,-45,24.32993
18.08.2026,19:10:21,100440,0.603443,0.117091,-0.29,1.19,-3.625,-11.8125,189.0625,3.029292,0,0,207.64,0,0,2000,-45,24.16786
18.08.2026,19:10:21,100546,0.586056,-0.016585,0.71,-2.14,-3.75,-18.8125,188.9375,3.028361,0,0,207.9732,0,0,2000,-45,25.73766
18.08.2026,19:10:21,100652,0.579919,-0.840307,0.09,-0.98,-3.6875,-21.4375,189.125,3.029292,0,0,208.3064,0,0,2000,-45,27.20651
18.08.2026,19:10:21,100758,0.595261,-1.226735,-0.35,0.86,-3.4375,-21.6875,189.3125,3.029292,0,0,208.6092,0,0,2000,-45,29.89993
18.08.2026,19:10:21,100865,0.57685,-1.226584,-0.2,1.31,-2.9375,-21.5,189.25,3.026251,0,0,208.9424,0,0,2000,-45,31.18719
18.08.2026,19:10:21,100971,0.57685,-0.47528,-0.06,1.66,-2.5625,-19.0625,189.1875,3.029292,0,0,209.2756,0,0,2000,-45,30.56496
18.08.2026,19:10:21,101077,0.571737,0.343416,1.18,-2.3,-2.4375,-13.3125,189.375,3.029292,0,0,209.5785,0,0,2000,-45,30.68857
18.08.2026,19:10:21,101183,0.555372,0.049481,0.69,-1.81,-2.6875,-5.6875,189.625,3.029082,0,0,209.9117,0,0,2000,-45,27.18996
18.08.2026,19:10:21,101289,0.551281,-0.699188,0.17,-0.3,-3.0625,-1.5625,189.8125,3.021623,0,0,210.2145,0,0,2000,-45,29.02769
18.08.2026,19:10:21,101395,0.552304,0.304681,-0.52,1.67,-3.5,-3.5,189.8125,3.029292,0,0,210.5477,0,0,2000,-45,27.49496
18.08.2026,19:10:21,101501,0.549235,-1.17678,-0.45,0.99,-3.6875,-10.875,189.5625,3.016856,0,0,210.8809,0,0,2000,-45,26.67498
18.08.2026,19:10:21,101607,0.555372,-0.933854,0.51,-1.44,-3.6875,-19.375,189.3125,3.019321,0,0,211.1838,0,0,2000,-45,26.28223
18.08.2026,19:10:21,101713,0.535939,-1.431618,-0.01,-0.13,-3.5625,-22.1875,189.4375,3.029292,0,0,211.517,0,0,2000,-45,28.90112
18.08.2026,19:10:21,101819,0.527757,-0.223178,0.25,-1.34,-3.375,-20.25,189.6875,3.029292,0,0,211.8198,0,0,2000,-45,31.39363
18.08.2026,19:10:21,101925,0.545144,-0.257273,-0.42,1.81,-3.125,-17.4375,189.75,3.026247,0,0,212.153,0,0,2000,-45,31.66906
18.08.2026,19:10:21,102031,0.548213,-0.039235,-0.03,1.42,-3,-16.1875,189.6875,3.029292,0,0,212.4862,0,0,2000,-45,29.06495
18.08.2026,19:10:21,102137,0.536962,-0.320158,0.92,-1.91,-3,-12.875,189.75,3.029292,0,0,212.7891,0,0,2000,-45,27.8952
18.08.2026,19:10:21,102243,0.536962,-0.682725,0.32,-0.68,-3.1875,-8.25,189.9375,3.021952,0,0,213.1223,0,0,2000,-45,26.93246
18.08.2026,19:10:21,102350,0.536962,-1.04676,-0.08,0.03,-3.5625,-6.75,190,3.01573,0,0,213.4251,0,0,2000,-45,27.99773
18.08.2026,19:10:21,102456,0.525711,-1.16126,-0.36,0.97,-3.625,-11.0625,189.75,3.029292,0,0,213.7583,0,0,2000,-45,27.13771
18.08.2026,19:10:21,102562,0.522643,-0.490346,-0.67,1.53,-3.5625,-16.625,189.5,3.02398,0,0,214.0915,0,0,2000,-45,26.76133
18.08.2026,19:10:21,102668,0.517529,0.346085,0.71,-2.33,-3.4375,-22.3125,189.25,3.032309,0,0,214.3944,0,0,2000,-45,29.69568
18.08.2026,19:10:21,102774,0.535939,-0.338847,0.49,-1.73,-3.1875,-23.0625,189.1875,3.029292,0,0,214.7276,0,0,2000,-45,29.94291
18.08.2026,19:10:21,102880,0.532871,-0.285042,-0.63,2,-2.75,-20.1875,189.0625,3.029292,0,0,215.0304,0,0,2000,-45,34.56338
18.08.2026,19:10:21,102986,0.523666,0.07509,-0.18,1.8,-2.3125,-20.25,188.6875,3.029594,0,0,215.3636,0,0,2000,-45,34.82817
18.08.2026,19:10:21,103092,0.526734,-1.500454,0.09,0.94,-1.9375,-19.4375,188.3125,3.029292,0,0,215.6968,0,0,2000,-45,37.06181
18.08.2026,19:10:21,103198,0.513438,-0.527863,0.06,1.66,-1.8125,-15.125,188.125,3.029292,0,0,215.9997,0,0,2000,-45,34.78046
18.08.2026,19:10:21,103304,0.490937,-1.249735,0.16,0.16,-1.9375,-8.6875,188.125,3.016423,0,0,216.3329,0,0,2000,-45,32.50523
18.08.2026,19:10:21,103410,0.499119,-1.031462,-0.17,0.91,-2.25,-4.9375,188,3.032775,0,0,216.6357,0,0,2000,-45,33.19864
18.08.2026,19:10:21,103516,0.495028,-0.302994,-0.48,1.59,-2.3125,-8.875,187.6875,3.029292,0,0,216.9689,0,0,2000,-45,32.7641
18.08.2026,19:10:21,103622,0.4848,-0.230909,-0.41,1.67,-2.25,-16.3125,187.375,3.026589,0,0,217.3021,0,0,2000,-45,33.18958
18.08.2026,19:10:21,103728,0.482754,-1.134318,-0.36,0.58,-2.125,-23.5625,187.125,3.017507,0,0,217.605,0,0,2000,-45,35.5839
18.08.2026,19:10:21,103835,0.473549,1.02364,-0.28,0.08,-1.5,-30.375,186.6875,3.029292,0,0,217.9382,0,0,2000,-45,41.08075
18.08.2026,19:10:21,103941,0.480709,-0.384014,-0.25,1.41,-0.5625,-34.75,186.125,3.025012,0,0,218.2713,0,0,2000,-45,39.17321
18.08.2026,19:10:21,104047,0.471504,-1.767661,0.14,0.77,0.1875,-31.8125,185.625,3.011239,0,0,218.5742,0,0,2000,-45,45
18.08.2026,19:10:21,104153,0.45923,-0.51941,-0.06,1.61,0.4375,-21.8125,185.25,3.029292,0,0,218.9074,0,0,2000,-45,44.53323
18.08.2026,19:10:21,104259,0.455139,0.449897,-0.26,2.01,0.375,-9.1875,184.75,3.029292,0,0,219.2103,0,0,2000,-45,42.75346
18.08.2026,19:10:21,104365,0.438775,0.488942,-0.3,1.67,0.3125,-3.5,183.875,3.034993,0,0,219.5435,0,0,2000,-45,44.39325
18.08.2026,19:10:21,104471,0.428547,-1.235791,-0.31,1.03,0.4375,-9.625,183.25,3.029292,0,0,219.8766,0,0,2000,-45,45
18.08.2026,19:10:21,104577,0.437752,-0.759101,-0.34,1.14,0.6875,-19.3125,182.8125,3.029292,0,0,220.1795,0,0,2000,-45,45
18.08.2026,19:10:21,104683,0.393772,-1.692214,-0.23,0.29,0.75,-24.625,182.6875,3.012082,0,0,220.5127,0,0,2000,-45,45
18.08.2026,19:10:21,104789,0.404,0.554374,-0.03,0.22,0.9375,-27.3125,182.4375,3.01986,0,0,220.8156,0,0,2000,-45,45
18.08.2026,19:10:21,104895,0.380476,0.814146,0.44,-0.68,1.0625,-27.625,182,3.029292,0,0,221.1488,0,0,2000,-45,45
18.08.2026,19:10:21,105001,0.36718,-1.936024,0.29,-0.25,0.9375,-24.625,181.5625,3.009694,0,0,221.4819,0,0,2000,-45,45
18.08.2026,19:10:21,105107,0.353883,-1.128557,0.17,1.11,0.5,-15.9375,181.1875,3.017837,0,0,221.7848,0,0,2000,-45,41.43762
18.08.2026,19:10:21,105213,0.353883,-0.09224,-0.19,1.99,-0.1875,-6.0625,180.9375,3.029292,0,0,222.118,0,0,2000,-45,38.884
18.08.2026,19:10:21,105320,0.330359,0.299381,-0.47,2,-1.125,0.125,180.5625,3.029292,0,0,222.4209,0,0,2000,-45,36.08038
18.08.2026,19:10:21,105426,0.31604,0.573397,-0.29,0.91,-1.625,-5.9375,180.0625,3.03476,0,0,222.7541,0,0,2000,-45,35.9329
18.08.2026,19:10:21,105532,0.315018,-0.680434,-0.57,0.83,-1.9375,-18,179.5,3.029292,0,0,223.0872,0,0,2000,-45,33.83925
18.08.2026,19:10:21,105638,0.305813,-1.911792,0.07,-0.75,-2.125,-28.9375,179.0625,3.029292,0,0,223.3901,0,0,2000,-45,35.24087
18.08.2026,19:10:21,105744,0.301721,-2.008744,-0.09,0.34,-2.1875,-30.875,179,3.009158,0,0,223.7233,0,0,2000,-45,36.88066
18.08.2026,19:10:21,105850,0.291494,1.268001,0.23,-0.36,-2.5625,-18.0625,179.375,3.025745,0,0,224.0262,0,0,2000,-45,36.08157
18.08.2026,19:10:21,105956,0.294562,1.171599,0.49,-0.97,-2.9375,-10.25,179.4375,3.029293,0,0,224.3594,0,0,2000,-45,34.20518
18.08.2026,19:10:21,106062,0.277175,-1.159099,-0.06,1.06,-3.3125,-8.625,179.1875,3.01752,0,0,224.6925,0,0,2000,-45,32.8643
18.08.2026,19:10:21,106168,0.278197,-0.934618,-0.17,1.45,-3.8125,-11.4375,178.875,3.019817,0,0,224.9954,0,0,2000,-45,25.59498
18.08.2026,19:10:21,106274,0.261833,-0.425849,-0.2,1.22,-4.375,-12.9375,178.9375,3.029292,0,0,225.3286,0,0,2000,-45,22.17523
18.08.2026,19:10:21,106380,0.266947,0.380256,-0.03,0.31,-5.1875,-11.5625,179.3125,3.029292,0,0,225.6315,0,0,2000,-45,21.20953
18.08.2026,19:10:21,106486,0.262856,1.05986,0.08,-0.11,-5.625,-12.375,179.375,3.039889,0,0,225.9647,0,0,2000,-45,24.25
18.08.2026,19:10:21,106592,0.271038,-1.147184,0.11,-0.42,-5.875,-16.6875,179.1875,3.029292,0,0,226.2978,0,0,2000,-45,20.83
18.08.2026,19:10:21,106698,0.26081,-1.359468,-0.23,0.72,-6.0625,-21.4375,178.9375,3.029292,0,0,226.6007,0,0,2000,-45,19.85089
18.08.2026,19:10:21,106805,0.262856,0.599041,0.23,-0.08,-6.0625,-25.4375,178.6875,3.023343,0,0,226.9339,0,0,2000,-45,19.9375
18.08.2026,19:10:21,106911,0.278197,0.588944,0.7,-1.43,-5.8125,-24.1875,178.6875,3.029292,0,0,227.2671,0,0,2000,-45,21.83157
18.08.2026,19:10:21,107017,0.282289,0.04966,0.18,0.41,-5.6875,-19.5,178.9375,3.029292,0,0,227.57,0,0,2000,-45,22.66792
18.08.2026,19:10:21,107123,0.272061,0.683016,0.73,-0.6,-5.625,-12.125,179.375,3.036339,0,0,227.9031,0,0,2000,-45,21.53543
18.08.2026,19:10:21,107229,0.273083,-0.11403,0.14,1.39,-5.875,-4.375,179.9375,3.028413,0,0,228.206,0,0,2000,-45,22.1143
18.08.2026,19:10:21,107335,0.277175,0.33509,-0.1,1.31,-6.625,3.125,180.75,3.029292,0,0,228.5392,0,0,2000,-45,19.78248
18.08.2026,19:10:21,107441,0.271038,0.857495,-0.06,0.29,-7.1875,2,180.9375,3.038238,0,0,228.8724,0,0,2000,-45,17.88066
18.08.2026,19:10:21,107547,0.289448,0.713724,0.38,-1.07,-7.4375,-4.5625,180.8125,3.03676,0,0,229.1753,0,0,2000,-45,13.63086
18.08.2026,19:10:21,107653,0.287402,-0.130656,0.05,0.43,-7.75,-13.375,180.5625,3.029292,0,0,229.5084,0,0,2000,-45,10.78563
18.08.2026,19:10:21,107759,0.294562,-1.118809,-0.3,0.92,-8,-17.75,180.8125,3.029292,0,0,229.8113,0,0,2000,-45,11.64269
18.08.2026,19:10:21,107865,0.313995,0.951117,0.12,-0.49,-7.875,-17.0625,181.625,3.039214,0,0,230.1445,0,0,2000,-45,14.62494
18.08.2026,19:10:21,107971,0.311949,0.043467,-0.34,1.6,-7.625,-16.8125,181.9375,3.029292,0,0,230.4777,0,0,2000,-45,17.48653
18.08.2026,19:10:21,108077,0.334451,1.021479,-0.2,0.8,-7.25,-18.1875,181.9375,3.029292,0,0,230.7806,0,0,2000,-45,18.28286
18.08.2026,19:10:21,108183,0.346724,0.710638,0.33,-0.9,-6.8125,-22.5625,181.5625,3.03679,0,0,231.1137,0,0,2000,-45,22.21721
18.08.2026,19:10:21,108290,0.34877,0.326391,0.53,-1.49,-6.125,-23.9375,181.3125,3.010482,0,0,231.4166,0,0,2000,-45,19.38243
18.08.2026,19:10:21,108396,0.364111,0.970847,-0.23,0.98,-5.5625,-19.75,181.5,3.029292,0,0,231.7498,0,0,2000,-45,21.60423
18.08.2026,19:10:21,108502,0.366157,1.030965,0.16,-0.17,-5,-19.3125,181.3125,3.040097,0,0,232.083,0,0,2000,-45,23.45695
18.08.2026,19:10:21,108608,0.386613,-0.137072,-0.19,1.08,-4.5625,-22.25,180.875,3.028348,0,0,232.3859,0,0,2000,-45,28.6401
18.08.2026,19:10:21,108714,0.388658,0.101058,0.26,0.44,-4.0625,-22.625,180.625,3.029292,0,0,232.719,0,0,2000,-45,30.88557
18.08.2026,19:10:21,108820,0.381499,0.117008,0.56,-1.69,-3.625,-15.1875,180.875,3.029292,0,0,233.0219,0,0,2000,-45,30.82307
18.08.2026,19:10:21,108926,0.388658,0.004328,-0.42,2.22,-3.5,-12.4375,180.8125,3.029879,0,0,233.3551,0,0,2000,-45,31.13123
18.08.2026,19:10:21,109032,0.393772,0.267803,-0.32,1.2,-3.375,-15.625,180.5,3.029292,0,0,233.6883,0,0,2000,-45,30.11782
18.08.2026,19:10:21,109138,0.380476,0.446056,0.28,-0.35,-3.25,-21.1875,180.1875,3.029292,0,0,233.9912,0,0,2000,-45,30.65055
18.08.2026,19:10:21,109244,0.37843,1.093315,0.3,-0.53,-3.0625,-23.1875,180.125,3.036373,0,0,234.3243,0,0,2000,-45,30.98691
18.08.2026,19:10:21,109350,0.387635,0.64254,0.55,-1.72,-2.9375,-20.3125,180.25,3.014513,0,0,234.6272,0,0,2000,-45,31.35599
18.08.2026,19:10:21,109456,0.380476,0.556484,0.17,0.6,-2.875,-18.4375,180.25,3.029292,0,0,234.9604,0,0,2000,-45,32.33056
18.08.2026,19:10:21,109562,0.387635,-0.958551,-0.12,1.42,-2.875,-15.4375,180.4375,3.020336,0,0,235.2936,0,0,2000,-45,32.53147
18.08.2026,19:10:21,109668,0.372294,-0.391571,-0.08,1.45,-3.125,-9.3125,180.875,3.026067,0,0,235.5965,0,0,2000,-45,31.60876
18.08.2026,19:10:21,109775,0.369225,1.074319,0.62,-1.55,-3.6875,-3.4375,181.4375,3.029292,0,0,235.9296,0,0,2000,-45,30.02694
18.08.2026,19:10:21,109881,0.373316,0.562715,0.01,0.67,-4.0625,-5.1875,181.625,3.035546,0,0,236.2628,0,0,2000,-45,28.17875
18.08.2026,19:10:21,109987,0.373316,-0.496179,-0.6,1.7,-4.4375,-10.6875,181.6875,3.024969,0,0,236.5657,0,0,2000,-45,23.70834
18.08.2026,19:10:21,110093,0.366157,0.066989,-0.32,0.98,-4.6875,-18.3125,181.5625,3.029292,0,0,236.8989,0,0,2000,-45,22.47923
18.08.2026,19:10:21,110199,0.377407,0.715776,-0.51,0.56,-4.75,-25.125,181.375,3.029292,0,0,237.2018,0,0,2000,-45,25.14149
18.08.2026,19:10:21,110305,0.358997,0.639687,-0.04,-0.22,-4.4375,-33.6875,180.875,3.036286,0,0,237.5349,0,0,2000,-45,27.37217
18.08.2026,19:10:21,110411,0.375362,0.641695,0.56,-1.61,-3.875,-34.875,180.6875,3.029292,0,0,237.8681,0,0,2000,-45,33.01806
18.08.2026,19:10:21,110517,0.368202,-1.504076,0.04,0.46,-3.1875,-29.0625,180.6875,3.029292,0,0,238.171,0,0,2000,-45,35.86625
18.08.2026,19:10:21,110623,0.377407,-0.38509,-0.33,1.81,-2.8125,-17.3125,180.9375,3.026196,0,0,238.5042,0,0,2000,-45,34.1267
18.08.2026,19:10:21,110729,0.394795,0.105524,-0.37,2.02,-2.8125,-8.625,180.9375,3.031099,0,0,238.8071,0,0,2000,-45,32.59693
18.08.2026,19:10:21,110835,0.398886,-0.10079,-0.3,1.75,-2.8125,-9.8125,180.4375,3.029292,0,0,239.1402,0,0,2000,-45,32.30237
18.08.2026,19:10:21,110941,0.382521,0.616605,-0.21,0.51,-2.8125,-16.0625,180,3.036121,0,0,239.4734,0,0,2000,-45,32.53147
18.08.2026,19:10:21,111047,0.389681,-0.905572,-0.6,1.18,-2.625,-25.75,179.5,3.020898,0,0,239.7763,0,0,2000,-45,36.27555
18.08.2026,19:10:21,111153,0.381499,-2.236989,0.09,-0.48,-2.25,-33.4375,179.125,3.029292,0,0,240.1095,0,0,2000,-45,39.51807
18.08.2026,19:10:21,111260,0.374339,0.063414,0.28,-0.23,-1.75,-28.3125,179.3125,3.029292,0,0,240.4124,0,0,2000,-45,41.95538
18.08.2026,19:10:21,111366,0.362066,1.302162,0.42,-0.32,-1.8125,-15.125,179.625,3.043235,0,0,240.7455,0,0,2000,-45,37.55514
18.08.2026,19:10:21,111472,0.374339,1.748149,0.34,-0.29,-2.0625,-6.6875,179.625,3.029292,0,0,241.0787,0,0,2000,-45,34.11625
18.08.2026,19:10:21,111578,0.36718,-1.433455,-0.13,0.47,-2.25,-10.1875,179.1875,3.029292,0,0,241.3816,0,0,2000,-45,33.62808
18.08.2026,19:10:21,111684,0.36718,-1.287289,-0.27,0.95,-2.4375,-19.4375,178.6875,3.01727,0,0,241.7148,0,0,2000,-45,32.92718
18.08.2026,19:10:21,111790,0.357975,-0.604988,-0.54,1.5,-2.625,-24.5,178.5625,3.024282,0,0,242.0177,0,0,2000,-45,33.94059
18.08.2026,19:10:21,111896,0.34877,0.355655,-0.44,1.06,-2.6875,-24.5,178.4375,3.029292,0,0,242.3508,0,0,2000,-45,33.58787
18.08.2026,19:10:21,112002,0.347747,1.100736,-0.23,0.46,-2.625,-27.3125,178,3.041198,0,0,242.684,0,0,2000,-45,33.44059
18.08.2026,19:10:21,112108,0.340587,0.288241,0.68,-1.6,-2.5,-33.6875,177.1875,3.033072,0,0,242.9869,0,0,2000,-45,36.12947
18.08.2026,19:10:21,112214,0.331382,-1.696565,-0.24,0.5,-2.3125,-32.25,176.8125,3.029292,0,0,243.3201,0,0,2000,-45,37.05948
18.08.2026,19:10:21,112320,0.328314,1.006673,-0.04,0.7,-1.9375,-31.25,176.0625,3.029292,0,0,243.623,0,0,2000,-45,36.5788
18.08.2026,19:10:21,112426,0.339564,0.328632,0.49,-1.22,-1.5,-37.1875,175.125,3.033565,0,0,243.9561,0,0,2000,-45,37.63696
18.08.2026,19:10:21,112532,0.318086,-0.449645,0.06,0.11,-1.125,-35.8125,174.6875,3.029292,0,0,244.2893,0,0,2000,-45,41.61311
18.08.2026,19:10:21,112638,0.328314,0.912809,0.1,0.33,-1,-24.875,174.625,3.029292,0,0,244.5922,0,0,2000,-45,41.23792
18.08.2026,19:10:21,112745,0.330359,0.292922,0.54,-1.5,-1.3125,-17.5625,174.125,3.027246,0,0,244.9254,0,0,2000,-45,38.25447
18.08.2026,19:10:21,112851,0.302744,-0.799742,-0.36,1.12,-1.625,-20.75,173.4375,3.029292,0,0,245.2586,0,0,2000,-45,39.107
18.08.2026,19:10:21,112957,0.309904,1.486128,-0.56,1.75,-2.125,-25.25,172.9375,3.029292,0,0,245.5614,0,0,2000,-45,30.27518
18.08.2026,19:10:21,113063,0.302744,1.023653,0.19,-0.79,-2.5,-38.6875,172.0625,3.040543,0,0,245.8946,0,0,2000,-45,30.22312
18.08.2026,19:10:21,113169,0.290471,0.060686,0.67,-2.15,-2.75,-49.8125,171.375,3.030903,0,0,246.1975,0,0,2000,-45,34.31974
18.08.2026,19:10:21,113275,0.252628,-0.31123,0.95,-2.92,-2.125,-44.5,171.5625,3.029292,0,0,246.5307,0,0,2000,-45,37
18.08.2026,19:10:21,113381,0.255696,1.375665,0.31,-0.23,-2.1875,-28.5625,171.9375,3.044205,0,0,246.8639,0,0,2000,-45,37.75
18.08.2026,19:10:21,113487,0.272061,0.002657,-0.25,1.99,-2.8125,-16.125,171.8125,3.030439,0,0,247.1667,0,0,2000,-45,26.7809
18.08.2026,19:10:21,113593,0.249559,0.030652,-0.1,1.29,-3.6875,-10.75,171.4375,3.029292,0,0,247.4999,0,0,2000,-45,23.4375
18.08.2026,19:10:21,113699,0.255696,-0.062915,0.69,-2.37,-4.875,-12.8125,170.625,3.029292,0,0,247.8028,0,0,2000,-45,19.6875
18.08.2026,19:10:21,113805,0.272061,0.874024,0.16,-0.52,-5.8125,-18.25,170.0625,3.039172,0,0,248.136,0,0,2000,-45,15.87909
18.08.2026,19:10:21,113911,0.2424,-0.466922,-0.23,0.68,-6.625,-24.5625,169.5625,3.029292,0,0,248.4692,0,0,2000,-45,13.25
18.08.2026,19:10:21,114017,0.254673,0.311552,-0.14,0.61,-7.25,-26.625,169.5625,3.029292,0,0,248.772,0,0,2000,-45,12.3125
18.08.2026,19:10:21,114123,0.263878,1.09783,0.17,-0.19,-7.625,-27,169.625,3.041425,0,0,249.1052,0,0,2000,-45,12.07113
18.08.2026,19:10:21,114230,0.271038,0.870321,0.45,-1.25,-8.0625,-30.375,169.375,3.029499,0,0,249.4081,0,0,2000,-45,13.87613
18.08.2026,19:10:21,114336,0.270015,-0.017457,0.89,-2.39,-8.0625,-29.8125,169.4375,3.029292,0,0,249.7413,0,0,2000,-45,13.27795
18.08.2026,19:10:21,114442,0.270015,-0.939123,-0.39,1.2,-7.625,-21.9375,170.125,3.021124,0,0,250.0745,0,0,2000,-45,15
18.08.2026,19:10:21,114548,0.280243,-0.058382,-0.55,2.27,-7.4375,-16.375,170.5,3.029931,0,0,250.3773,0,0,2000,-45,15.55337
18.08.2026,19:10:21,114654,0.309904,0.648967,-0.44,1.73,-7.5,-19.1875,170.125,3.029293,0,0,250.7105,0,0,2000,-45,13.06992
18.08.2026,19:10:21,114760,0.299676,0.101023,-0.38,0.74,-7.875,-32.5625,168.8125,3.029292,0,0,251.0134,0,0,2000,-45,12.18448
18.08.2026,19:10:21,114866,0.303767,0.582708,-0.03,-0.2,-8.125,-40.75,168.0625,3.036246,0,0,251.3466,0,0,2000,-45,10.78267
18.08.2026,19:10:21,114972,0.334451,0.084244,-0.58,1.96,-7.6875,-44.625,167.625,3.029292,0,0,251.6798,0,0,2000,-45,17.41654
18.08.2026,19:10:21,115078,0.331382,-1.429523,-0.28,0.78,-7.125,-48.5625,167.0625,3.029292,0,0,251.9827,0,0,2000,-45,22.49698
18.08.2026,19:10:21,115184,0.331382,0.083082,0.29,-0.67,-5.625,-44.625,166.875,3.017831,0,0,252.3158,0,0,2000,-45,29.9329
18.08.2026,19:10:21,115290,0.334451,1.104709,0.68,-1.53,-4.5625,-31.6875,167.5,3.027883,0,0,252.6187,0,0,2000,-45,25.28424
18.08.2026,19:10:21,115396,0.350815,1.531705,0.79,-1.28,-4.5,-14.5,168.1875,3.029292,0,0,252.9519,0,0,2000,-45,26.72331
18.08.2026,19:10:21,115502,0.334451,-1.286331,-0.2,1.32,-4.9375,-6.5625,168.4375,3.017679,0,0,253.2851,0,0,2000,-45,25.25604
18.08.2026,19:10:21,115608,0.364111,-0.194043,-0.57,2.24,-5.375,-8.3125,168.3125,3.028615,0,0,253.588,0,0,2000,-45,19.38557
18.08.2026,19:10:21,115715,0.37843,-0.793352,-0.55,0.91,-6.125,-25.125,167.3125,3.029292,0,0,253.9211,0,0,2000,-45,20.66238
18.08.2026,19:10:21,115821,0.366157,0.402093,-0.53,0.93,-6.6875,-34.5,166.875,3.034634,0,0,254.2543,0,0,2000,-45,18.10876
18.08.2026,19:10:21,115927,0.382521,0.42996,0.1,-0.7,-7.25,-43,166.4375,3.034891,0,0,254.5572,0,0,2000,-45,9.717587
18.08.2026,19:10:21,116033,0.361043,-1.605895,0.1,-0.97,-7.1875,-46.5625,166.3125,3.029292,0,0,254.8904,0,0,2000,-45,18.71287
18.08.2026,19:10:21,116139,0.37843,-2.077115,-0.07,0.04,-6.125,-40.75,166.8125,3.029292,0,0,255.1933,0,0,2000,-45,31.66692
18.08.2026,19:10:21,116245,0.384567,0.638799,0.25,-0.32,-5,-18.875,168.4375,3.037268,0,0,255.5264,0,0,2000,-45,30.18605
18.08.2026,19:10:21,116351,0.394795,1.312981,0.36,-0.42,-5.3125,-3.4375,169.4375,3.029292,0,0,255.8596,0,0,2000,-45,17.61487
18.08.2026,19:10:21,116457,0.423433,0.090863,-0.31,1.87,-5.875,2.0625,169.9375,3.029292,0,0,256.1626,0,0,2000,-45,15.29941
18.08.2026,19:10:21,116563,0.425478,-1.01558,-0.42,1.18,-6.3125,-4.0625,169.875,3.020498,0,0,256.4959,0,0,2000,-45,15.11191
18.08.2026,19:10:21,116669,0.431615,-0.963729,-0.5,0.84,-6.6875,-18.8125,169.25,3.021034,0,0,256.799,0,0,2000,-45,16.44234
18.08.2026,19:10:21,116775,0.423433,-0.210796,-0.92,1.52,-7.5,-37.5625,168.375,3.029292,0,0,257.1323,0,0,2000,-45,13.78776
18.08.2026,19:10:21,116881,0.433661,0.508478,-0.64,1.62,-7.875,-48.4375,167.75,3.035868,0,0,257.4656,0,0,2000,-45,11.89779
18.08.2026,19:10:21,116987,0.421387,0.036544,0.17,-0.6,-7.375,-56.0625,167.1875,3.031131,0,0,257.7687,0,0,2000,-45,22.43763
18.08.2026,19:10:21,117093,0.414228,-2.089848,0.23,-1.06,-4.75,-50.6875,167.4375,3.029292,0,0,258.102,0,0,2000,-45,45
18.08.2026,19:10:21,117200,0.431615,1.065207,-0.34,1.68,-2.6875,-26.6875,168.3125,3.029292,0,0,258.4051,0,0,2000,-45,45
18.08.2026,19:10:21,117306,0.45923,1.290361,-0.07,1.08,-2.5625,-15.9375,168.1875,3.043699,0,0,258.7384,0,0,2000,-45,32.32049
18.08.2026,19:10:21,117412,0.473549,0.200017,-0.6,2.33,-2.75,-18.75,167.5625,3.029292,0,0,259.0717,0,0,2000,-45,29.97527
18.08.2026,19:10:21,117518,0.469458,-0.326586,-0.42,0.51,-3,-33.125,166.625,3.029292,0,0,259.3748,0,0,2000,-45,26.97092
18.08.2026,19:10:21,117624,0.464344,-0.803036,-0.54,0.75,-3.1875,-46.875,166,3.022544,0,0,259.7081,0,0,2000,-45,28.68347
18.08.2026,19:10:21,117730,0.460253,-0.952796,-0.49,0.94,-2.4375,-60.5,165.625,3.016912,0,0,260.0112,0,0,2000,-45,31.45141
18.08.2026,19:10:21,117836,0.430592,-0.691574,-0.17,0.13,-0.5625,-56.4375,166.0625,3.029292,0,0,260.3445,0,0,2000,-45,38.11052
18.08.2026,19:10:21,117942,0.379453,0.503146,0.19,-1.05,-0.125,-39.0625,166.6875,3.035861,0,0,260.6779,0,0,2000,-45,44.39879
18.08.2026,19:10:21,118048,0.437752,1.834575,0.37,-0.16,-0.9375,-14.5625,167.0625,3.049049,0,0,260.9809,0,0,2000,-45,31.38438
18.08.2026,19:10:21,118154,0.427524,-0.890569,0.01,0.43,-2,-5.0625,166.6875,3.029292,0,0,261.3142,0,0,2000,-45,27.37984
18.08.2026,19:10:21,118260,0.415251,-0.399565,-0.38,0.72,-3.125,-13.25,165.75,3.029292,0,0,261.6173,0,0,2000,-45,23.9453
18.08.2026,19:10:21,118366,0.421387,-0.574962,-0.66,0.79,-4,-24.5625,165.125,3.024893,0,0,261.9506,0,0,2000,-45,28.18051
18.08.2026,19:10:21,118472,0.430592,0.095259,-0.89,1.32,-5,-40.625,164.3125,3.029292,0,0,262.284,0,0,2000,-45,10.56143
18.08.2026,19:10:21,118578,0.444911,-0.089565,-0.48,0.46,-6.3125,-55.9375,163.5625,3.029292,0,0,262.587,0,0,2000,-45,7.332134
18.08.2026,19:10:21,118685,0.421387,-0.049685,0.17,-1.41,-4.9375,-57.5,163.9375,3.01517,0,0,262.9203,0,0,2000,-45,36.32465
18.08.2026,19:10:21,118791,0.383544,-0.043419,-0.49,1.38,-2.875,-39.8125,165.25,3.029292,0,0,263.2537,0,0,2000,-45,31.19058
18.08.2026,19:10:21,118897,0.418319,0.729218,-0.22,1.42,-2.625,-24.8125,165.75,3.029292,0,0,263.5567,0,0,2000,-45,33.02417
18.08.2026,19:10:21,119003,0.408091,0.594523,0,0.18,-3.0625,-21.6875,165.375,3.036668,0,0,263.8901,0,0,2000,-45,24.83963
18.08.2026,19:10:21,119109,0.410137,-1.10242,-0.47,0.93,-3.5625,-24.5625,164.875,3.019662,0,0,264.1931,0,0,2000,-45,29.31873
18.08.2026,19:10:21,119215,0.437752,1.115549,0.33,-1.32,-4.375,-28.3125,164.4375,3.029292,0,0,264.5265,0,0,2000,-45,26.18052
18.08.2026,19:10:21,119321,0.430592,-1.364721,-0.45,0.75,-5.1875,-35.5,163.875,3.01712,0,0,264.8598,0,0,2000,-45,23.72507
18.08.2026,19:10:21,119427,0.412182,-1.246942,-0.63,0.81,-5.9375,-41.9375,163.375,3.018378,0,0,265.1628,0,0,2000,-45,15.29488
18.08.2026,19:10:21,119533,0.407068,-0.737172,-0.15,-0.37,-5.9375,-39.0625,163.5625,3.029292,0,0,265.4962,0,0,2000,-45,21.38123
18.08.2026,19:10:21,119639,0.417296,0.057867,0.59,-2.26,-5.6875,-18.4375,165.125,3.029292,0,0,265.7992,0,0,2000,-45,21.29783
18.08.2026,19:10:21,119745,0.451048,1.545393,0.19,-0.03,-6.1875,-6.5625,165.75,3.0464,0,0,266.1326,0,0,2000,-45,14.53757
18.08.2026,19:10:21,119851,0.423433,1.229846,0.21,-0.76,-6.8125,-6.1875,165.625,3.029292,0,0,266.4659,0,0,2000,-45,11.66396
18.08.2026,19:10:21,119957,0.451048,0.388672,-0.35,0.9,-7.25,-17.4375,164.6875,3.029292,0,0,266.769,0,0,2000,-45,10.41277
18.08.2026,19:10:21,120063,0.473549,-0.946144,-0.7,0.72,-8.0625,-33.125,163.4375,3.021484,0,0,267.1023,0,0,2000,-45,1.092773
18.08.2026,19:10:21,120170,0.462299,0.885382,0.07,-0.82,-9.375,-51.5,162.125,3.020482,0,0,267.4053,0,0,2000,-45,6.832325
18.08.2026,19:10:21,120276,0.472526,0.467357,0.58,-1.6,-10.25,-62.125,161.1875,3.029292,0,0,267.7387,0,0,2000,-45,3.201408
18.08.2026,19:10:21,120382,0.468435,0.014902,0.35,-1.07,-9.25,-69.375,160.3125,3.031003,0,0,268.072,0,0,2000,-45,0.766869
18.08.2026,19:10:21,120488,0.434683,-0.047797,-0.32,0.76,-3.125,-56.5,161,3.030454,0,0,268.3751,0,0,2000,-45,45
18.08.2026,19:10:21,120594,0.460253,1.613071,0.03,1.71,-1.125,-33.8125,161.5625,3.029292,0,0,268.7084,0,0,2000,-45,45
18.08.2026,19:10:21,120700,0.498096,0.819631,-0.06,0.51,-1.0625,-27.1875,160.875,3.029292,0,0,269.0114,0,0,2000,-45,38.75504
18.08.2026,19:10:21,120806,0.486845,0.914399,0.1,-0.77,-1.1875,-35.625,160.125,3.03988,0,0,269.3448,0,0,2000,-45,35.31338
18.08.2026,19:10:21,120912,0.475595,0.600606,0.51,-1.62,-1.25,-42.0625,159.9375,3.029293,0,0,269.6781,0,0,2000,-45,37.53777
18.08.2026,19:10:21,121018,0.487868,-1.217981,-0.57,1.52,-1.5625,-44.5,159.9375,3.029292,0,0,269.9812,0,0,2000,-45,32.39363
18.08.2026,19:10:21,121124,0.463321,-0.323332,-0.59,1.48,-2.1875,-49.625,159.75,3.027629,0,0,270.3145,0,0,2000,-45,26.41711
18.08.2026,19:10:21,121230,0.446957,0.350458,0.46,-2.04,-2.875,-50.9375,159.75,3.02818,0,0,270.6176,0,0,2000,-45,31.91415
18.08.2026,19:10:21,121336,0.408091,-0.125516,-0.09,-0.33,-2.875,-44.5,160.3125,3.029292,0,0,270.9509,0,0,2000,-45,32.5924
18.08.2026,19:10:21,121442,0.398886,1.256769,0.08,-0.47,-3.25,-31.9375,161.125,3.043426,0,0,271.2842,0,0,2000,-45,31.71148
18.08.2026,19:10:21,121548,0.442866,1.463701,-0.55,2.09,-4.125,-25.5625,161.4375,3.045454,0,0,271.5873,0,0,2000,-45,18.9453
18.08.2026,19:10:21,121655,0.445934,1.626069,-0.51,0.99,-6.4375,-45.0625,159.625,3.029292,0,0,271.9206,0,0,2000,-45,20.57779
18.08.2026,19:10:21,121761,0.404,0.96871,-0.23,-0.8,-11.375,-67.375,157.75,3.040367,0,0,272.254,0,0,2000,-45,8.150555
18.08.2026,19:10:21,121867,0.415251,0.325543,0.47,-2.14,-13.5,-76.25,157.25,3.033897,0,0,272.557,0,0,2000,-45,8.040531
18.08.2026,19:10:21,121973,0.444911,0.10879,0.87,-2.21,-3.1875,-68.875,157.8125,3.029292,0,0,272.8904,0,0,2000,-45,45
18.08.2026,19:10:21,122079,0.407068,-0.612149,-0.49,1.48,1.25,-54.4375,158.125,3.029292,0,0,273.1934,0,0,2000,-45,45
18.08.2026,19:10:21,122185,0.427524,1.013817,0.27,-0.13,3,-41.3125,157.8125,3.030058,0,0,273.5267,0,0,2000,-45,45
18.08.2026,19:10:21,122291,0.457185,-0.059021,-0.41,1.34,3.4375,-41.5625,157.1875,3.029292,0,0,273.8601,0,0,2000,-45,45
18.08.2026,19:10:21,122397,0.465367,0.142002,-0.04,-0.96,3.5625,-44.8125,156.6875,3.029292,0,0,274.1631,0,0,2000,-45,45
18.08.2026,19:10:21,122503,0.420364,-0.079572,0.42,-2.29,2.875,-40.375,156.5,3.029999,0,0,274.4965,0,0,2000,-45,45
18.08.2026,19:10:21,122609,0.423433,-1.980719,-0.38,0.03,1.125,-25.125,156.4375,3.011114,0,0,274.7995,0,0,2000,-45,45
18.08.2026,19:10:21,122715,0.410137,1.519292,-0.32,1.11,-1.0625,-9.9375,156.0625,3.029293,0,0,275.1328,0,0,2000,-45,40.93781
18.08.2026,19:10:21,122821,0.423433,1.831343,-0.36,-0.36,-2.4375,-18.5625,155.0625,3.049192,0,0,275.4662,0,0,2000,-45,35.07326
18.08.2026,19:10:21,122927,0.411159,1.787402,0.01,-1.57,-3.8125,-37.8125,153.6875,3.048609,0,0,275.7692,0,0,2000,-45,12.74283
18.08.2026,19:10:21,123033,0.38559,2.135922,-1.18,0.94,-5.6875,-57.875,152.25,3.029292,0,0,276.1026,0,0,2000,-45,2.216011
18.08.2026,19:10:21,123140,0.38559,-0.741401,-0.02,-2.87,-7.75,-79.875,150.3125,3.029292,0,0,276.4056,0,0,2000,-45,-8.779644
18.08.2026,19:10:21,123246,0.397863,0.404343,-0.81,2.76,2.875,-75.75,149.375,3.034579,0,0,276.739,0,0,2000,-45,45
18.08.2026,19:10:21,123352,0.355929,1.342194,-0.05,1.4,7.3125,-66.875,147.375,3.029292,0,0,277.0723,0,0,2000,-45,45
18.08.2026,19:10:21,123458,0.356952,0.834562,0.33,-1.01,9.5,-60.4375,145.25,3.029293,0,0,277.3753,0,0,2000,-45,45
18.08.2026,19:10:21,123564,0.374339,0.001076,0.64,-2.2,9.1875,-51.4375,143.5,3.030511,0,0,277.7087,0,0,2000,-45,45
18.08.2026,19:10:21,123670,0.391726,0.246873,0.3,-1.27,7.375,-35.4375,141,3.025722,0,0,278.0117,0,0,2000,-45,45
18.08.2026,19:10:21,123776,0.419342,0.877861,-0.39,-0.31,7.0625,-36.875,139.75,3.029293,0,0,278.3451,0,0,2000,-45,45
18.08.2026,19:10:21,123882,0.366157,0.288212,0.18,-2.09,7.3125,-45.6875,139.0625,3.033449,0,0,278.6784,0,0,2000,-45,45
18.08.2026,19:10:21,123988,0.312972,2.512332,-1.55,1.74,8.0625,-55.625,138.5625,3.055477,0,0,278.9814,0,0,2000,-45,45
18.08.2026,19:10:21,124094,0.305813,-0.865933,-0.58,-2.84,18.5,-73.9375,137.875,3.029292,0,0,279.3148,0,0,2000,-45,45
18.08.2026,19:10:21,124200,0.315018,-0.988207,-0.82,-0.86,19.125,-70.8125,136.6875,3.029292,0,0,279.6178,0,0,2000,-45,45
18.08.2026,19:10:21,124306,0.307858,1.463178,-0.78,2.36,17.625,-63.6875,134.3125,3.045056,0,0,279.9512,0,0,2000,-45,45
18.08.2026,19:10:21,124412,0.272061,0.846374,-0.13,-0.47,24.5625,-66.6875,131.9375,3.029293,0,0,280.2845,0,0,2000,-45,45
18.08.2026,19:10:21,124518,0.271038,-0.512058,0.69,-2.94,28.875,-65.625,129.875,3.029292,0,0,280.5876,0,0,2000,-45,45
18.08.2026,19:10:21,124625,0.241377,-0.99532,0.42,-2.86,17.75,-41.375,125.375,3.01613,0,0,280.9209,0,0,2000,-45,45
18.08.2026,19:10:21,124731,0.284334,-0.538075,-0.23,-0.96,13.6875,-20.5625,121.8125,3.029292,0,0,281.2542,0,0,2000,-45,45
18.08.2026,19:10:21,124837,0.262856,-0.254169,-0.71,0.18,12.1875,-8.25,119.1875,3.029292,0,0,281.5573,0,0,2000,-45,45
18.08.2026,19:10:21,124943,0.261833,-0.043812,-1.01,0.96,11.75,-10.625,118.0625,3.030212,0,0,281.8906,0,0,2000,-45,45
18.08.2026,19:10:21,125049,0.238309,1.987535,-1.84,0.71,12.1875,-22.1875,117.8125,3.0505,0,0,282.1937,0,0,2000,-45,45
18.08.2026,19:10:21,125155,0.227058,-0.507225,-1.45,-3.14,18.25,-49.5,118.3125,3.029292,0,0,282.527,0,0,2000,-45,45
18.08.2026,19:10:21,125261,0.18001,-0.071688,-0.91,-2.17,26.0625,-60.5625,118.0625,3.029862,0,0,282.8604,0,0,2000,-45,45
18.08.2026,19:10:21,125367,0.182056,-0.435282,-0.3,-2.99,26,-58.375,115.375,3.0263,0,0,283.1634,0,0,2000,-45,45
18.08.2026,19:10:21,125473,0.138076,1.290227,-0.65,-0.93,19.375,-45.3125,110.4375,3.029292,0,0,283.4967,0,0,2000,-45,45
18.08.2026,19:10:21,125579,0.15444,1.438144,-0.8,-1.12,15.875,-34.5,105.0625,3.029292,0,0,283.7998,0,0,2000,-45,45
18.08.2026,19:10:21,125685,0.137053,1.226612,-0.31,-1.83,16.75,-41.375,99.4375,3.042624,0,0,284.1331,0,0,2000,-45,45
18.08.2026,19:10:21,125791,0.119666,0.05956,-0.01,-3.04,19.9375,-51.5,96.25,3.029292,0,0,284.4665,0,0,2000,-45,45
18.08.2026,19:10:21,125897,0.102278,-1.005086,-0.46,-2.07,22.125,-55.6875,92.375,3.029292,0,0,284.7695,0,0,2000,-45,45
18.08.2026,19:10:21,126003,0.108415,0.164709,-0.9,0.38,20.0625,-51.4375,87.625,3.032081,0,0,285.1028,0,0,2000,-45,45
18.08.2026,19:10:21,126110,0.126825,0.55643,-0.16,-1.94,16,-38.3125,80.625,3.043149,0,0,285.4059,0,0,2000,-45,45
18.08.2026,19:10:21,126216,0.129894,1.288131,0,-0.5,14.1875,-27.875,75.6875,3.029292,0,0,285.7392,0,0,2000,-45,45
18.08.2026,19:10:21,126322,0.139099,1.328344,-0.09,-1.04,13.1875,-19.125,71.9375,3.043535,0,0,286.0726,0,0,2000,-45,45
18.08.2026,19:10:21,126428,0.14319,0.644207,0.11,-1.59,13.5,-14.5625,68.8125,3.036675,0,0,286.3756,0,0,2000,-45,45
18.08.2026,19:10:21,126534,0.132962,0.387963,-0.01,0.68,14.6875,-12.25,66.5625,3.029292,0,0,286.709,0,0,2000,-45,45
18.08.2026,19:10:21,126640,0.148304,1.092359,-0.83,0.4,16.75,-11.0625,64.75,3.029292,0,0,287.012,0,0,2000,-45,45
18.08.2026,19:10:21,126746,0.14319,1.189875,-0.95,-0.53,19.3125,-17.125,64.3125,3.04219,0,0,287.3453,0,0,2000,-45,45
18.08.2026,19:10:21,126852,0.142167,-0.134506,-0.53,-1.85,22.6875,-25.5625,64.5,3.029292,0,0,287.6787,0,0,2000,-45,45
18.08.2026,19:10:21,126958,0.131939,1.077629,-1.68,0.13,26.125,-30.8125,64.125,3.029292,0,0,287.9817,0,0,2000,-45,45
18.08.2026,19:10:21,127064,0.141144,-0.152831,-2.87,1.82,28.8125,-33.0625,62.625,3.028737,0,0,288.3151,0,0,2000,-45,45
18.08.2026,19:10:21,127170,0.162623,0.151947,-2.52,1.2,31.375,-34.125,58.9375,3.035236,0,0,288.6181,0,0,2000,-45,45
18.08.2026,19:10:21,127276,0.169782,0.893458,-2.08,0.93,31.1875,-31.5625,54.5,3.029292,0,0,288.9514,0,0,2000,-45,45
18.08.2026,19:10:21,127382,0.173873,0.949257,-0.95,-0.35,29.8125,-28.375,50.0625,3.039769,0,0,289.2848,0,0,2000,-45,45
18.08.2026,19:10:21,127488,0.189215,1.197865,0.1,-1.25,26.75,-22.8125,45.25,3.042246,0,0,289.5878,0,0,2000,-45,45
18.08.2026,19:10:21,127595,0.207625,1.350726,0.01,-0.92,22.875,-17.6875,40.1875,3.029292,0,0,289.9212,0,0,2000,-45,45
18.08.2026,19:10:21,127701,0.225013,1.068287,-0.81,1.04,21.9375,-22.0625,37.5625,3.040858,0,0,290.2545,0,0,2000,-45,45
18.08.2026,19:10:21,127807,0.232172,0.519687,-0.29,-0.1,22.5625,-28.4375,35.375,3.035386,0,0,290.5576,0,0,2000,-45,45
18.08.2026,19:10:21,127913,0.249559,-0.474407,-0.29,1,23.1875,-30.75,33.1875,3.029292,0,0,290.8909,0,0,2000,-45,45
18.08.2026,19:10:21,128019,0.257742,1.015685,-0.18,0.73,21.9375,-26.375,30.0625,3.029292,0,0,291.1939,0,0,2000,-45,45
18.08.2026,19:10:21,128125,0.265924,1.246371,0.1,-1.22,19.5625,-17.6875,25.8125,3.034033,0,0,291.5273,0,0,2000,-45,45
18.08.2026,19:10:21,128231,0.258764,-0.143663,-0.63,1.73,18.625,-16.4375,23.3125,3.029292,0,0,291.8606,0,0,2000,-45,45
18.08.2026,19:10:21,128337,0.254673,-0.25484,-1.5,1.43,18.1875,-16.9375,21.0625,3.029292,0,0,292.1637,0,0,2000,-45,45
18.08.2026,19:10:21,128443,0.259787,0.975281,-1.27,1.48,18.375,-16.1875,18.9375,3.039777,0,0,292.497,0,0,2000,-45,45
18.08.2026,19:10:21,128549,0.253651,1.04464,0.33,0.48,19.125,-10.1875,15.375,3.038604,0,0,292.8,0,0,2000,-45,45
18.08.2026,19:10:21,128655,0.250582,1.447134,0.35,-0.45,19.75,-2.0625,12.1875,3.029292,0,0,293.1334,0,0,2000,-45,45
18.08.2026,19:10:21,128761,0.212739,1.079106,-0.13,1.46,20.6875,2.25,9.875,3.040561,0,0,293.4667,0,0,2000,-45,45
18.08.2026,19:10:21,128867,0.203534,0.153031,-0.75,1.54,21.5,-0.9375,9.25,3.031247,0,0,293.7698,0,0,2000,-45,45
18.08.2026,19:10:21,128973,0.178987,0.070947,-0.61,1.31,22.4375,-7.6875,9.5625,3.029292,0,0,294.1031,0,0,2000,-45,45
18.08.2026,19:10:21,129080,0.156486,1.683066,-0.37,-0.41,23.4375,-14.5,9.75,3.029293,0,0,294.4062,0,0,2000,-45,45
18.08.2026,19:10:21,129186,0.13603,0.648232,-0.83,1.1,23.4375,-16.75,9.125,3.036057,0,0,294.7395,0,0,2000,-45,45
18.08.2026,19:10:21,129292,0.116597,0.730768,-1.16,1.38,22.125,-18.6875,7.8125,3.029293,0,0,295.0728,0,0,2000,-45,45
18.08.2026,19:10:21,129398,0.093073,0.50313,-0.77,1.03,18.9375,-20.3125,5.8125,3.029292,0,0,295.3759,0,0,2000,-45,45
18.08.2026,19:10:21,129504,0.07364,2.092464,-0.69,0.01,14.3125,-20.4375,3.625,3.050299,0,0,295.7092,0,0,2000,-45,45
18.08.2026,19:10:21,129610,0.05523,-0.211559,-0.17,-2.85,8.5625,-18.625,1.5625,3.042888,0,0,296.0123,0,0,2000,-45,45
18.08.2026,19:10:21,129716,0.042957,-0.368632,-0.31,-0.1,5,-16.0625,0.875,3.029292,0,0,296.3456,0,0,2000,-45,45
18.08.2026,19:10:21,129822,0.020456,2.154806,0.09,4.37,1.6875,-15.3125,0.6875,3.05075,0,0,296.679,0,0,2000,-45,45
18.08.2026,19:10:21,129928,0.027615,0.052649,-1.34,0.84,-0.875,-16,0.8125,3.029647,0,0,296.982,0,0,2000,-45,23.75
18.08.2026,19:10:21,130034,0.022501,-0.186988,-1.33,1.35,-2.8125,-15.25,1,3.029292,0,0,297.3153,0,0,2000,-45,16
18.08.2026,19:10:21,130140,0.012273,-0.123118,-0.96,-1.26,-4.5625,-15.0625,0.6875,3.029292,0,0,297.6184,0,0,2000,-45,18.5625
18.08.2026,19:10:21,130246,0.013296,-0.539607,-1.1,1.16,-5.4375,-13.5,0,3.0237,0,0,297.9517,0,0,2000,-45,25.5
18.08.2026,19:10:21,130352,0.015342,0.46081,-0.47,-0.42,-6.6875,-11.625,359.0625,3.029292,0,0,298.2851,0,0,2000,-45,9.875
18.08.2026,19:10:21,130458,0.01841,0.563404,-0.08,0.57,-7.6875,-12.375,358.4375,3.029293,0,0,298.5881,0,0,2000,-45,9
18.08.2026,19:10:21,130565,0.012273,-0.133205,-0.79,-0.76,-8.5625,-16.5,358.25,3.032744,0,0,298.9214,0,0,2000,-45,6.25
18.08.2026,19:10:21,130671,0.013296,0.448444,-0.06,-0.04,-9.0625,-17.8125,358.625,3.029292,0,0,299.2548,0,0,2000,-45,10.5
18.08.2026,19:10:21,130777,0.015342,0.085063,0.32,0.3,-9.4375,-16.8125,358.875,3.029292,0,0,299.5578,0,0,2000,-45,5.125
18.08.2026,19:10:21,130883,0.02557,0.064897,0.49,-0.55,-9.625,-17.5625,358.625,3.029589,0,0,299.8912,0,0,2000,-45,5.9375
18.08.2026,19:10:21,130989,0.017387,-0.017785,0.24,-1.35,-9.5,-19.5625,358.125,3.028738,0,0,300.1942,0,0,2000,-45,8
18.08.2026,19:10:21,131095,0.012273,-0.626633,-0.29,0.32,-8.75,-20.4375,357.9375,3.029292,0,0,300.5276,0,0,2000,-45,10
18.08.2026,19:10:21,131201,0.027615,0.765386,-0.72,0.6,-7.8125,-17.4375,358.25,3.036596,0,0,300.8609,0,0,2000,-45,13.25
18.08.2026,19:10:21,131307,0.024547,-0.097231,-0.59,0.57,-6.8125,-14.6875,358.5,3.027941,0,0,301.1639,0,0,2000,-45,26.5625
18.08.2026,19:10:21,131413,0.008182,0.235108,-0.72,0.47,-5.9375,-12.8125,358.6875,3.029292,0,0,301.4973,0,0,2000,-45,28.5
18.08.2026,19:10:21,131519,0.023524,0.633743,-0.47,-0.14,-5.3125,-14.375,358.5625,3.029292,0,0,301.8003,0,0,2000,-45,29.4375
18.08.2026,19:10:21,131625,0.006137,0.747491,2.02,-2.04,-4.625,-21.5625,357.875,3.036342,0,0,302.1337,0,0,2000,-45,31.6875
18.08.2026,19:10:21,131731,0.005114,0.727132,0.89,0.11,-4.125,-24.0625,357.3125,3.029292,0,0,302.467,0,0,2000,-45,34.1875
18.08.2026,19:10:21,131837,0.006137,0.425272,-0.51,0.06,-3.625,-23.4375,356.875,3.029292,0,0,302.7701,0,0,2000,-45,36.1875
18.08.2026,19:10:21,131943,0,0.802512,-0.11,0.23,-2.875,-21.9375,356.375,3.036828,0,0,303.1034,0,0,2000,-45,42.3125
18.08.2026,19:10:21,132050,0,-0.055482,-0.02,-1.12,-1.3125,-17.625,356.1875,3.032289,0,0,303.4064,0,0,2000,-45,39
18.08.2026,19:10:21,132156,0,-0.215801,-0.55,-1.85,0.125,-14.125,356.4375,3.029292,0,0,303.7398,0,0,2000,-45,45
18.08.2026,19:10:21,132262,0,0.166325,-0.79,0.17,0.9375,-10.625,356.5,3.030417,0,0,304.0731,0,0,2000,-45,45
18.08.2026,19:10:21,132368,0,0.076472,-0.25,-1.17,1.0625,-8,356.0625,3.029523,0,0,304.3762,0,0,2000,-45,45
18.08.2026,19:10:21,132474,0,3.098252,2.39,-2.14,0.8125,-5.125,355.1875,3.029292,0,0,304.7095,0,0,2000,-45,45
18.08.2026,19:10:21,132580,0.024547,1.810822,2.64,-2.15,0.1875,-6.25,353.3125,3.029292,0,0,305.0125,0,0,2000,-45,44.375
18.08.2026,19:10:21,132686,0.010228,-0.292618,-0.9,-0.02,-0.375,-10.0625,351.625,3.025739,0,0,305.3459,0,0,2000,-45,40.5625
18.08.2026,19:10:21,132792,0.021478,-0.859541,-1.86,2.24,-1.1875,-11.8125,350.1875,3.029292,0,0,305.6792,0,0,2000,-45,31.875
18.08.2026,19:10:21,132898,0.028638,1.328434,1.57,0,-2.1875,-11.125,349,3.029292,0,0,305.9823,0,0,2000,-45,26.3125
18.08.2026,19:10:21,133004,0.024547,0.36008,-0.64,1.12,-3.5625,-11.9375,346.75,3.043723,0,0,306.3156,0,0,2000,-45,25.6875
18.08.2026,19:10:21,133110,0.024547,-0.227841,-0.87,1.53,-4.125,-14.125,344.6875,3.013704,0,0,306.6187,0,0,2000,-45,30
18.08.2026,19:10:21,133216,0.01841,1.259586,0.96,-2.96,-4.3125,-14.25,342.1875,3.029293,0,0,306.952,0,0,2000,-45,28.75
18.08.2026,19:10:21,133322,0.014319,-0.14618,-1.99,2.73,-3.875,-12.0625,339.875,3.027164,0,0,307.2853,0,0,2000,-45,29.75
18.08.2026,19:10:21,133428,0.006137,0.806188,0.47,0.72,-3.1875,-10.5625,338.125,3.036801,0,0,307.5884,0,0,2000,-45,33.25
18.08.2026,19:10:21,133535,0,-1.178903,-1.71,2.23,-2.25,-10.8125,336.5625,3.029292,0,0,307.9217,0,0,2000,-45,36
18.08.2026,19:10:21,133641,0,-0.258576,-0.22,-0.69,-1.625,-12.5,335.6875,3.026221,0,0,308.2551,0,0,2000,-45,38.75
18.08.2026,19:10:21,133747,0,-0.865089,0.01,-2.37,-1.0625,-14.375,334.1875,3.02019,0,0,308.5581,0,0,2000,-45,45
18.08.2026,19:10:21,133853,0,-0.122668,-1.57,-0.06,-0.4375,-14.5625,331.6875,3.029292,0,0,308.8914,0,0,2000,-45,45
18.08.2026,19:10:21,133959,0,0.107038,-0.11,0.15,0,-13.875,328.75,3.029292,0,0,309.1945,0,0,2000,-45,45
18.08.2026,19:10:21,134065,0,-0.070931,-0.47,-0.18,-0.5625,-13.6875,324.6875,3.028173,0,0,309.5278,0,0,2000,-45,42.125
18.08.2026,19:10:21,134171,0,0.99003,-0.12,0.06,-1.625,-14.8125,322.125,3.029293,0,0,309.8612,0,0,2000,-45,30.125
18.08.2026,19:10:21,134277,0,0.045176,-0.63,-0.06,-2.75,-16.9375,320.1875,3.029292,0,0,310.1642,0,0,2000,-45,27.1875
18.08.2026,19:10:21,134383,0.012273,0.213108,0.23,-1.76,-3.875,-18.0625,319,3.030951,0,0,310.4976,0,0,2000,-45,21.125
18.08.2026,19:10:21,134489,0.006137,1.32563,0.27,-4.23,-5.375,-16.5625,317.8125,3.041979,0,0,310.8006,0,0,2000,-45,24.5
18.08.2026,19:10:21,134595,0.019433,1.001063,1.57,-1.88,-7.5,-13.8125,316,3.029292,0,0,311.1339,0,0,2000,-45,18.5
18.08.2026,19:10:21,134701,0.03682,0.58162,0.25,0.58,-8.5625,-10.3125,315.3125,3.034303,0,0,311.4673,0,0,2000,-45,13
18.08.2026,19:10:21,134807,0.057276,1.289675,2.15,0.39,-9.0625,-7.125,315.1875,3.041387,0,0,311.7703,0,0,2000,-45,9.75
18.08.2026,19:10:21,134913,0.061367,-2.231844,-0.18,-1.09,-8.8125,-7.0625,315.25,3.029292,0,0,312.1037,0,0,2000,-45,15.4375
18.08.2026,19:10:21,135020,0.069549,0.06604,0.32,-0.47,-7.6875,-8.3125,316.3125,3.029293,0,0,312.4067,0,0,2000,-45,23.375
18.08.2026,19:10:21,135126,0.058299,0.192348,0.45,0.98,-6.75,-12.875,317.25,3.030439,0,0,312.7401,0,0,2000,-45,25.3125
18.08.2026,19:10:21,135232,0.07364,0.222468,0.6,-0.97,-6.0625,-18.3125,317.9375,3.029292,0,0,313.0734,0,0,2000,-45,26.4375
18.08.2026,19:10:21,135338,0.078754,-0.243847,0.85,-2.46,-5.125,-19.5,318.6875,3.029292,0,0,313.3764,0,0,2000,-45,31.75
18.08.2026,19:10:21,135444,0.100233,0.386434,-0.38,1.65,-4,-16.25,319.4375,3.032514,0,0,313.7098,0,0,2000,-45,37.8125
18.08.2026,19:10:21,135550,0.087959,0.935026,1,-1.28,-2.5,-14.625,319.8125,3.035906,0,0,314.0128,0,0,2000,-45,34.5
18.08.2026,19:10:21,135656,0.096142,0.397153,1.06,-2.03,-0.8125,-16.8125,320.0625,3.029293,0,0,314.3462,0,0,2000,-45,40
18.08.2026,19:10:21,135762,0.121711,1.731858,0.63,0.07,1,-19.5625,320.5,3.045801,0,0,314.6795,0,0,2000,-45,45
18.08.2026,19:10:21,135868,0.118643,1.048712,0.9,-0.68,3.375,-19.8125,321.1875,3.038972,0,0,314.9825,0,0,2000,-45,45
18.08.2026,19:10:21,135974,0.129894,1.178123,0.11,0.91,5.8125,-17.1875,321.625,3.029292,0,0,315.3159,0,0,2000,-45,45
18.08.2026,19:10:21,136080,0.121711,1.485048,0.34,0.38,8.375,-14.4375,321.25,3.029292,0,0,315.6189,0,0,2000,-45,45
18.08.2026,19:10:21,136186,0.113529,1.402909,0.56,-0.57,9.5,-12.875,320.3125,3.04245,0,0,315.9523,0,0,2000,-45,45
18.08.2026,19:10:21,136292,0.101256,0.246747,1.02,-1.66,10,-11.5,318.9375,3.029292,0,0,316.2856,0,0,2000,-45,45
18.08.2026,19:10:21,136398,0.084891,-0.149854,0.16,-1.63,10.1875,-9.375,317,3.029292,0,0,316.5887,0,0,2000,-45,45
18.08.2026,19:10:21,136505,0.076709,-0.410641,0,-1.16,9.9375,-7.1875,313.75,3.027676,0,0,316.922,0,0,2000,-45,45
18.08.2026,19:10:21,136611,0.078754,0.330883,0.78,-2.14,9.4375,-5.75,311.3125,3.029292,0,0,317.2553,0,0,2000,-45,45
18.08.2026,19:10:21,136717,0.063413,1.742372,-0.13,0.58,8.8125,-7.625,309.5625,3.029292,0,0,317.5584,0,0,2000,-45,45
18.08.2026,19:10:21,136823,0.038866,0.67657,-0.1,-1.17,7.5,-14.75,307.9375,3.035112,0,0,317.8917,0,0,2000,-45,45
18.08.2026,19:10:21,136929,0.021478,0.13879,-0.28,-2.25,5.0625,-16.625,305.5625,3.029767,0,0,318.1948,0,0,2000,-45,45
18.08.2026,19:10:21,137035,0.012273,2.133821,0.18,-1.49,0.625,-17.5625,300.375,3.029292,0,0,318.5281,0,0,2000,-45,45
18.08.2026,19:10:21,137141,0,0.796142,-0.76,1.5,-2.625,-17.125,296.125,3.036316,0,0,318.8615,0,0,2000,-45,12.0625
18.08.2026,19:10:21,137247,0,-0.395162,0.63,-0.1,-5.4375,-17.5,292.6875,3.024396,0,0,319.1645,0,0,2000,-45,5.5
18.08.2026,19:10:21,137353,0,0.147844,-1.17,-1.57,-6.5,-17.375,290.625,3.029292,0,0,319.4978,0,0,2000,-45,15.3125
18.08.2026,19:10:21,137459,0,0.168395,-0.18,0.73,-5.9375,-16.0625,288.5,3.029292,0,0,319.8009,0,0,2000,-45,25.9375
18.08.2026,19:10:21,137565,0,0.478413,0.11,1.03,-5.625,-14.9375,287.0625,3.03316,0,0,320.1342,0,0,2000,-45,25.0625
18.08.2026,19:10:21,137671,0,-0.365064,-0.2,-0.2,-6.125,-13.3125,285.5625,3.029292,0,0,320.4676,0,0,2000,-45,15.25
18.08.2026,19:10:21,137777,0,-0.007631,0.48,-1.11,-7.1875,-12.375,284.6875,3.029292,0,0,320.7706,0,0,2000,-45,9.4375
18.08.2026,19:10:21,137883,0,-0.996251,0.34,-1.61,-7.875,-13.9375,285.3125,3.018489,0,0,321.1039,0,0,2000,-45,14.5
18.08.2026,19:10:21,137990,0,-0.886075,-0.04,-0.73,-7.9375,-12.9375,287.4375,3.01945,0,0,321.407,0,0,2000,-45,14.25
18.08.2026,19:10:21,138096,0,-0.350603,-0.7,1.63,-7.75,-11.5625,288.5,3.029292,0,0,321.7403,0,0,2000,-45,14.75
18.08.2026,19:10:21,138202,0,-0.857961,-1.03,0.33,-7.0625,-13.8125,288.4375,3.020046,0,0,322.0737,0,0,2000,-45,25.5625
18.08.2026,19:10:21,138308,0,-0.592377,-0.24,0.15,-5.9375,-15.75,287.0625,3.022754,0,0,322.3767,0,0,2000,-45,31.625
18.08.2026,19:10:21,138414,0,0.64151,0.32,-0.72,-4.9375,-15.4375,284.6875,3.029293,0,0,322.7101,0,0,2000,-45,34.0625
18.08.2026,19:10:21,138520,0,0.156653,1.05,-0.66,-4.375,-20.3125,280.1875,3.029292,0,0,323.0131,0,0,2000,-45,31.375
18.08.2026,19:10:21,138626,0,0.120837,0.41,0.27,-4.6875,-21.0625,277.3125,3.029909,0,0,323.3464,0,0,2000,-45,24.125
18.08.2026,19:10:21,138732,0,0.536504,0.81,0.07,-5.3125,-17.125,274.75,3.029292,0,0,323.6798,0,0,2000,-45,20.0625
18.08.2026,19:10:21,138838,0,-0.493008,0.11,0.88,-5.6875,-15.25,272.6875,3.029292,0,0,323.9828,0,0,2000,-45,21.6875
18.08.2026,19:10:21,138944,0,0.086424,1.05,0.39,-5.625,-16.3125,271.25,3.02962,0,0,324.3162,0,0,2000,-45,23.5
18.08.2026,19:10:21,139050,0,0.519301,0.85,0.09,-5.25,-16.125,270.9375,3.031277,0,0,324.6192,0,0,2000,-45,24.25
18.08.2026,19:10:21,139156,0,0.297015,0.4,-1.28,-5,-13.5,271.1875,3.029292,0,0,324.9525,0,0,2000,-45,25.75
18.08.2026,19:10:21,139262,0,0.456452,0.13,1,-4.8125,-12.6875,271.3125,3.033317,0,0,325.2859,0,0,2000,-45,26.75
18.08.2026,19:10:21,139368,0,-0.475182,0.82,-0.45,-4.625,-13.875,271.1875,3.023998,0,0,325.5889,0,0,2000,-45,29.0625
18.08.2026,19:10:21,139475,0,-0.295142,-0.59,0.35,-4.1875,-16.75,271.1875,3.029292,0,0,325.9223,0,0,2000,-45,28.75
18.08.2026,19:10:21,139581,0,-1.011154,0.63,-0.52,-3.5625,-20.0625,271.5625,3.018669,0,0,326.2556,0,0,2000,-45,38
18.08.2026,19:10:21,139687,0,0.253145,0.69,0.33,-2.875,-22.375,272.125,3.031353,0,0,326.5587,0,0,2000,-45,39.1875
18.08.2026,19:10:21,139793,0,-0.397033,0.84,-0.15,-2.25,-23.9375,272.6875,3.029292,0,0,326.892,0,0,2000,-45,40.125
18.08.2026,19:10:21,139899,0,-0.523387,1.41,-0.24,-2.125,-25.125,273.4375,3.029292,0,0,327.195,0,0,2000,-45,35.9375
18.08.2026,19:10:21,140005,0,0.481784,1.2,-0.47,-3,-24.625,274.875,3.028626,0,0,327.5284,0,0,2000,-45,35.25
18.08.2026,19:10:21,140111,0,-0.715508,-0.27,1.64,-3.8125,-21.5625,275.375,3.029292,0,0,327.8617,0,0,2000,-45,22.9375
18.08.2026,19:10:21,140217,0,-0.591702,-0.84,-0.86,-4.3125,-20.5625,274.6875,3.029292,0,0,328.1648,0,0,2000,-45,25.625
18.08.2026,19:10:21,140323,0,0.474897,-1.21,0.11,-4.5,-21.4375,273.125,3.033781,0,0,328.4981,0,0,2000,-45,28
18.08.2026,19:10:21,140429,0.001023,-0.113693,-0.08,0.06,-4.625,-21.0625,271.5,3.027921,0,0,328.8011,0,0,2000,-45,27.5
18.08.2026,19:10:21,140535,0,-0.672891,-0.29,-1.95,-4.9375,-22.1875,269.3125,3.029292,0,0,329.1345,0,0,2000,-45,26.75
18.08.2026,19:10:21,140641,0,0.092648,0.13,0.57,-5.5625,-22.6875,266.875,3.030046,0,0,329.4678,0,0,2000,-45,17.5
18.08.2026,19:10:21,140747,0,0.185591,0.55,1.67,-6.4375,-23.25,263.4375,3.031015,0,0,329.7709,0,0,2000,-45,9.3125
18.08.2026,19:10:21,140853,0,-1.192204,0.74,-1.63,-7.75,-24.4375,259.625,3.029292,0,0,330.1042,0,0,2000,-45,2.5
18.08.2026,19:10:21,140960,0,-0.061265,-0.52,-0.47,-10.9375,-23.3125,253.6875,3.029292,0,0,330.4073,0,0,2000,-45,-13.25
18.08.2026,19:10:21,141066,0,-0.839627,0.83,-0.5,-14.125,-22.3125,249,3.020899,0,0,330.7406,0,0,2000,-45,-35.5
18.08.2026,19:10:21,141172,0,-0.396553,0.51,-0.02,-17.5,-21.5,243.3125,3.029292,0,0,331.0739,0,0,2000,-45,-45
18.08.2026,19:10:21,141278,0,-0.125662,1.14,-0.27,-19.5625,-18.75,237.6875,3.029292,0,0,331.377,0,0,2000,-45,-45
18.08.2026,19:10:21,141384,0.004091,-0.990916,1.77,-0.98,-20.25,-14.25,233.6875,3.019493,0,0,331.7103,0,0,2000,-45,-35
18.08.2026,19:10:21,141490,0.013296,1.038313,2.79,0.49,-21.375,-6,229.125,3.027655,0,0,332.0134,0,0,2000,-45,-38
18.08.2026,19:10:21,141596,0.035797,0.220752,1.02,0.55,-23.5625,-8.8125,224.625,3.029292,0,0,332.3467,0,0,2000,-45,-45
18.08.2026,19:10:21,141702,0.057276,-0.896439,0.89,-0.47,-27.1875,-18.5625,218.5,3.020483,0,0,332.6801,0,0,2000,-45,-45
18.08.2026,19:10:21,141808,0.071595,-0.480869,-1.68,-0.54,-30.75,-24.375,212.875,3.024681,0,0,332.9831,0,0,2000,-45,-45
18.08.2026,19:10:21,141914,0.083868,-1.036477,-0.81,0.85,-31.75,-26.5,207.0625,3.029292,0,0,333.3164,0,0,2000,-45,-45
18.08.2026,19:10:21,142020,0.096142,1.68398,-1.64,3.78,-28.1875,-20.75,205.3125,3.029292,0,0,333.6195,0,0,2000,-45,-42.8125
18.08.2026,19:10:21,142126,0.091028,-0.395252,0.15,2.59,-23.4375,-18.3125,201.1875,3.025787,0,0,333.9528,0,0,2000,-45,-11.8125
18.08.2026,19:10:21,142232,0.097165,0.652939,-0.48,-0.69,-17.4375,-15.25,197.0625,3.029292,0,0,334.2862,0,0,2000,-45,43.4375
18.08.2026,19:10:21,142338,0.095119,-0.981174,-0.01,1.36,-10.3125,-10.5625,193.875,3.029292,0,0,334.5892,0,0,2000,-45,45
18.08.2026,19:10:21,142445,0.083868,-0.856552,1.3,-1.89,0.25,-7.125,189.5625,3.031563,0,0,334.9225,0,0,2000,-45,37.75
18.08.2026,19:10:21,142551,0.058299,-0.157666,1.69,-1.66,6.8125,-4.1875,185.4375,3.029292,0,0,335.2559,0,0,2000,-45,45
18.08.2026,19:10:21,142657,0.03682,-0.208224,1.87,1.03,10.6875,0.4375,179.875,3.029292,0,0,335.5589,0,0,2000,-45,45
18.08.2026,19:10:21,142763,0.021478,0.017393,1.52,0.04,11.25,1.5,174.4375,3.030238,0,0,335.8923,0,0,2000,-45,45
18.08.2026,19:10:21,142869,0,1.057738,0.8,-0.52,8.9375,-0.875,170.5625,3.040624,0,0,336.1953,0,0,2000,-45,45
18.08.2026,19:10:21,142975,0,0.125312,-0.99,0.58,3.0625,-3.25,165.9375,3.029293,0,0,336.5287,0,0,2000,-45,45
18.08.2026,19:10:21,143081,0,0.292032,-0.17,-1.47,-1.4375,-0.25,164.6875,3.032933,0,0,336.862,0,0,2000,-45,7.4375
18.08.2026,19:10:21,143187,0,0.229179,-0.05,-0.29,-4.1875,7.25,166.25,3.032268,0,0,337.165,0,0,2000,-45,16.75
18.08.2026,19:10:21,143293,0,-0.579272,-0.39,1.59,-3.6875,9.875,168.375,3.029292,0,0,337.4984,0,0,2000,-45,43.75
18.08.2026,19:10:21,143399,0,-1.490516,-0.47,-0.5,-1.375,8.0625,169.3125,3.029292,0,0,337.8014,0,0,2000,-45,45
18.08.2026,19:10:21,143505,0,-0.623833,-1.07,0.75,1.9375,7.375,168.25,3.024015,0,0,338.1348,0,0,2000,-45,45
18.08.2026,19:10:21,143611,0,0.660116,-0.34,1.77,3.0625,9.5625,166.5625,3.029293,0,0,338.4681,0,0,2000,-45,45
18.08.2026,19:10:21,143717,0,-1.396172,-1.46,-0.39,2.75,11.4375,165.3125,3.029292,0,0,338.7711,0,0,2000,-45,45
18.08.2026,19:10:21,143823,0,-1.310062,0.12,-1.5,1.875,11.375,164.5,3.017215,0,0,339.1045,0,0,2000,-45,45
18.08.2026,19:10:21,143930,0,-0.86347,-1.16,0.88,0.75,11.25,164.3125,3.013391,0,0,339.4075,0,0,2000,-45,45
18.08.2026,19:10:21,144036,0,-2.218681,-0.33,2.03,0.75,10.1875,164.6875,3.029292,0,0,339.7409,0,0,2000,-45,45
18.08.2026,19:10:21,144142,0,-1.482964,-1.47,3.38,1.125,4.5625,165.5625,3.01576,0,0,340.0742,0,0,2000,-45,45
18.08.2026,19:10:21,144248,0,-0.817641,0.89,1.73,1.5625,-7,166.875,3.022563,0,0,340.3773,0,0,2000,-45,45
18.08.2026,19:10:21,144354,0,0.40954,0.48,0.43,2.25,-18.875,168.4375,3.029292,0,0,340.7106,0,0,2000,-45,45
18.08.2026,19:10:21,144460,0,-0.532487,1.15,-1.04,3.25,-31.25,170.9375,3.029292,0,0,341.0136,0,0,2000,-45,45
18.08.2026,19:10:21,144566,0,1.136409,1.96,-0.93,3.5625,-29.0625,172.375,3.042221,0,0,341.347,0,0,2000,-45,45
18.08.2026,19:10:21,144672,0,-0.543606,-2.44,1.64,3.1875,-21.0625,173.5625,3.029292,0,0,341.6803,0,0,2000,-45,45
18.08.2026,19:10:21,144778,0,-0.706605,-0.03,-2.42,2.3125,-13.75,174.6875,3.029292,0,0,341.9834,0,0,2000,-45,45
18.08.2026,19:10:21,144884,0,-1.553287,-0.69,-1.18,1,-9.625,176.25,3.015354,0,0,342.3167,0,0,2000,-45,45
18.08.2026,19:10:21,144990,0,-1.381404,0.03,0.01,-0.0625,-8.5,178.3125,3.017427,0,0,342.6198,0,0,2000,-45,45
18.08.2026,19:10:21,145096,0,-0.563379,0.14,-2.4,-0.125,-11.4375,179,3.029292,0,0,342.9531,0,0,2000,-45,45
18.08.2026,19:10:21,145202,0,-1.254132,1.44,-3.06,0.4375,-12.1875,179,3.018618,0,0,343.2864,0,0,2000,-45,45
18.08.2026,19:10:21,145308,0.003068,-0.284329,1.32,-1.46,1.4375,-11.4375,178.5,3.028407,0,0,343.5895,0,0,2000,-45,45
18.08.2026,19:10:21,145415,0,1.053273,0.04,2.54,3,-9.5,177.625,3.029292,0,0,343.9228,0,0,2000,-45,45
18.08.2026,19:10:21,145521,0,-1.211025,-0.79,-1.3,4.8125,-9.625,177.25,3.019172,0,0,344.2562,0,0,2000,-45,45
18.08.2026,19:10:21,145627,0,-0.871586,0.73,-1.79,6.625,-15,177,3.022561,0,0,344.5592,0,0,2000,-45,45
18.08.2026,19:10:21,145733,0,-0.924187,0.26,-0.68,7.375,-20.5625,176.1875,3.029292,0,0,344.8925,0,0,2000,-45,45
18.08.2026,19:10:21,145839,0,1.586047,-0.88,-2.39,5.5,-23.875,174.1875,3.029292,0,0,345.1956,0,0,2000,-45,45
18.08.2026,19:10:21,145945,0,-0.582874,0.8,-1.13,1,-21.625,171.875,3.031367,0,0,345.5289,0,0,2000,-45,45
18.08.2026,19:10:21,146051,0,0.392666,1.99,-1.17,-1.1875,-18.375,171.75,3.029292,0,0,345.8623,0,0,2000,-45,24.0625
18.08.2026,19:10:21,146157,0,0.118418,2.64,-4.11,-1.75,-21.8125,172.5,3.029292,0,0,346.1653,0,0,2000,-45,37.4375
18.08.2026,19:10:21,146263,0.003068,-0.985436,-1.01,-0.09,-1.0625,-26.5,173.75,3.021399,0,0,346.4987,0,0,2000,-45,41.75
18.08.2026,19:10:21,146369,0.011251,-1.68081,-1.13,-0.32,0.5,-32.8125,174.375,3.014406,0,0,346.8017,0,0,2000,-45,45
18.08.2026,19:10:21,146475,0,-1.648093,0.33,-2.03,2.875,-32.25,173.875,3.029292,0,0,347.135,0,0,2000,-45,45
18.08.2026,19:10:21,146581,0.021478,-1.852729,0.01,-0.37,4,-24.3125,172.25,3.012861,0,0,347.4684,0,0,2000,-45,45
18.08.2026,19:10:21,146687,0.023524,-0.71575,-0.17,-0.53,4.75,-15.25,170.3125,3.024395,0,0,347.7714,0,0,2000,-45,45
18.08.2026,19:10:21,146793,0.039889,-1.680079,-0.01,0.81,6.1875,-9.5,168.3125,3.029292,0,0,348.1048,0,0,2000,-45,45
18.08.2026,19:10:21,146900,0.041934,-0.589004,0.24,1.37,9.375,-14.9375,166.625,3.029292,0,0,348.4078,0,0,2000,-45,45
18.08.2026,19:10:21,147006,0.021478,-0.345758,0.47,-2.88,11.6875,-23,165.875,3.028077,0,0,348.7411,0,0,2000,-45,45
18.08.2026,19:10:21,147112,0.014319,-1.623312,0.2,-1.79,12.625,-28.0625,165.0625,3.029292,0,0,349.0745,0,0,2000,-45,45
18.08.2026,19:10:21,147218,0,-1.073343,-0.26,-1.29,11.75,-28,164.125,3.029292,0,0,349.3775,0,0,2000,-45,45
18.08.2026,19:10:21,147324,0,0.098424,-1.38,0.56,9.75,-26.9375,163.3125,3.032554,0,0,349.7109,0,0,2000,-45,45
18.08.2026,19:10:21,147430,0.014319,0.053968,-0.93,1.76,7.4375,-23.3125,162.6875,3.025464,0,0,350.0139,0,0,2000,-45,45
18.08.2026,19:10:21,147536,0.01841,-2.181253,-0.2,-0.74,6.625,-23.25,162.875,3.029292,0,0,350.3473,0,0,2000,-45,45
18.08.2026,19:10:21,147642,0.019433,-0.403525,-0.15,-1.67,6.5,-24.4375,163.4375,3.027528,0,0,350.6806,0,0,2000,-45,45
18.08.2026,19:10:21,147748,0.028638,-1.946354,-0.08,-0.48,7.125,-26.25,164,3.012191,0,0,350.9836,0,0,2000,-45,45
18.08.2026,19:10:21,147854,0.037843,-1.260894,-0.66,0.65,9.1875,-30.4375,164.25,3.029292,0,0,351.317,0,0,2000,-45,45
18.08.2026,19:10:21,147960,0.022501,0.737262,0.09,0.24,11.1875,-28.5625,163.625,3.029292,0,0,351.62,0,0,2000,-45,45
18.08.2026,19:10:21,148066,0.024547,-0.863592,-0.33,-0.84,12.6875,-24.9375,162.25,3.02302,0,0,351.9534,0,0,2000,-45,45
18.08.2026,19:10:21,148172,0.022501,-2.283812,-1.04,-0.93,13.3125,-19.75,160.375,3.029292,0,0,352.2867,0,0,2000,-45,45
18.08.2026,19:10:21,148278,0.017387,-1.108671,-0.68,0.44,13.375,-14.8125,158.625,3.029292,0,0,352.5898,0,0,2000,-45,45
18.08.2026,19:10:21,148385,0.017387,0.097428,-0.47,0.41,12.8125,-14.375,156.8125,3.034258,0,0,352.9231,0,0,2000,-45,45
18.08.2026,19:10:21,148491,0.004091,-0.306193,-1.55,0.82,11.6875,-20.4375,155.9375,3.029292,0,0,353.2564,0,0,2000,-45,45
18.08.2026,19:10:21,148597,0.026592,-0.320737,0.42,-2.77,10.4375,-23.8125,154.875,3.029292,0,0,353.5595,0,0,2000,-45,45
18.08.2026,19:10:21,148703,0.020456,-0.75289,-0.6,-1.66,9.8125,-26.125,153.875,3.024144,0,0,353.8928,0,0,2000,-45,45
18.08.2026,19:10:21,148809,0.031706,-1.12763,0.36,-0.34,9.875,-25.9375,153.25,3.020457,0,0,354.1959,0,0,2000,-45,45
18.08.2026,19:10:21,148915,0.052162,-0.256672,0.05,0.81,10.9375,-28.25,153.3125,3.029292,0,0,354.5292,0,0,2000,-45,45
18.08.2026,19:10:21,149021,0.065458,-0.848553,-0.81,0.63,11.75,-29.5,153.875,3.023212,0,0,354.8625,0,0,2000,-45,45
18.08.2026,19:10:21,149127,0.072618,-0.189485,0.43,-1.39,12.9375,-33.875,154.625,3.029797,0,0,355.1656,0,0,2000,-45,45
18.08.2026,19:10:21,149233,0.06239,-2.502954,-0.17,-0.34,14.75,-39.9375,155.3125,3.029292,0,0,355.4989,0,0,2000,-45,45
18.08.2026,19:10:21,149339,0.07364,-1.22506,-0.06,-2.32,15.5625,-38.75,155.0625,3.029292,0,0,355.802,0,0,2000,-45,45
18.08.2026,19:10:21,149445,0.065458,-0.58483,-0.17,0.68,15.8125,-27.75,153.25,3.026096,0,0,356.1353,0,0,2000,-45,45
18.08.2026,19:10:21,149551,0.060344,-0.981384,-2.05,0.01,16.25,-24,152.3125,3.029292,0,0,356.4687,0,0,2000,-45,45
18.08.2026,19:10:21,149657,0.065458,-0.281039,-0.19,-2.85,15.4375,-13.625,150.875,3.029292,0,0,356.7717,0,0,2000,-45,45
18.08.2026,19:10:21,149763,0.065458,-0.120048,0.21,-1.73,14.75,-8.1875,150.4375,3.030688,0,0,357.105,0,0,2000,-45,45
18.08.2026,19:10:21,149870,0.07364,-2.35346,-1.5,-0.42,14.5,-18.125,152.375,3.019403,0,0,357.4081,0,0,2000,-45,45
18.08.2026,19:10:21,149976,0.0808,-0.740569,-0.74,-1.46,15.25,-23.75,153.9375,3.029292,0,0,357.7414,0,0,2000,-45,45
18.08.2026,19:10:21,150082,0.078754,-1.200812,0,-0.5,16.75,-29.3125,155.375,3.020186,0,0,358.0748,0,0,2000,-45,45
18.08.2026,19:10:21,150188,0.064435,-0.830209,0.61,-2.24,17.5625,-31.5625,156.25,3.023885,0,0,358.3778,0,0,2000,-45,45
18.08.2026,19:10:21,150294,0.069549,-0.562743,-0.31,-2.03,17.3125,-29.5,156.375,3.029292,0,0,358.7112,0,0,2000,-45,45
18.08.2026,19:10:21,150400,0.066481,-0.412752,-0.89,-1.57,16.5625,-22.1875,155.75,3.029292,0,0,359.0142,0,0,2000,-45,45
18.08.2026,19:10:21,150506,0.075686,-1.471278,-0.56,-0.19,17,-17.375,154.9375,3.017467,0,0,359.3475,0,0,2000,-45,45
18.08.2026,19:10:21,150612,0.076709,-1.792812,-0.41,-0.66,17.8125,-16.75,154.0625,3.029292,0,0,359.6809,0,0,2000,-45,45
18.08.2026,19:10:21,150718,0.067504,0.34758,-0.7,-0.35,18,-16.125,152.4375,3.029293,0,0,359.9839,0,0,2000,-45,45
18.08.2026,19:10:21,150824,0.074663,0.082236,0.31,-0.88,17.3125,-11.4375,150.0625,3.033129,0,0,360.3173,0,0,2000,-45,45
18.08.2026,19:10:21,150930,0.06239,-1.440792,0.06,0.21,16.1875,-7.25,147.1875,3.028385,0,0,360.6203,0,0,2000,-45,45
18.08.2026,19:10:21,151036,0.054208,-0.808433,-0.18,-2.59,15.4375,-9.1875,145.6875,3.029292,0,0,360.9536,0,0,2000,-45,45
18.08.2026,19:10:21,151142,0.053185,-0.652846,0.02,-0.96,14.6875,-10.3125,144.375,3.025837,0,0,361.287,0,0,2000,-45,45
18.08.2026,19:10:21,151248,0.023524,-0.501428,0.44,-1.35,13.6875,-12.0625,143.125,3.027362,0,0,361.59,0,0,2000,-45,45
18.08.2026,19:10:21,151355,0.027615,-0.760222,0.29,-2.71,12.3125,-12.625,141.3125,3.029292,0,0,361.9234,0,0,2000,-45,45
18.08.2026,19:10:21,151461,0.009205,-0.383707,-0.15,-1.49,11.0625,-10.125,139.9375,3.028418,0,0,362.2567,0,0,2000,-45,45
18.08.2026,19:10:21,151567,0.008182,-1.252037,-0.55,-0.79,9.6875,-8.9375,138.9375,3.019762,0,0,362.5598,0,0,2000,-45,45
18.08.2026,19:10:21,151673,0,0.299909,-0.38,-2.57,8.5625,-9.9375,138.375,3.029293,0,0,362.8931,0,0,2000,-45,45
18.08.2026,19:10:21,151779,0,-0.280816,-1.48,-2.77,7.875,-12.9375,138.1875,3.029292,0,0,363.1961,0,0,2000,-45,45
18.08.2026,19:10:21,151885,0.020456,-0.844807,-0.85,-1.47,7.9375,-15.6875,138.4375,3.040297,0,0,363.5295,0,0,2000,-45,45
18.08.2026,19:10:21,151991,0.005114,-0.592377,-1.13,0.4,8.625,-17.25,138.8125,3.029292,0,0,363.8628,0,0,2000,-45,45
18.08.2026,19:10:21,152097,0.020456,1.707299,0.71,0.86,9.375,-16.375,139.0625,3.029292,0,0,364.1659,0,0,2000,-45,45
18.08.2026,19:10:21,152203,0.01841,-1.068826,-0.26,-1.67,9.625,-19,139.125,3.021631,0,0,364.4992,0,0,2000,-45,45
18.08.2026,19:10:21,152309,0.019433,0.020446,-0.77,1.2,9.25,-17,138.125,3.023489,0,0,364.8022,0,0,2000,-45,45
18.08.2026,19:10:21,152415,0.007159,0.716162,-0.13,-1.43,8.75,-8.4375,136.375,3.029292,0,0,365.1356,0,0,2000,-45,45
18.08.2026,19:10:21,152521,0.015342,-1.243184,-1.32,-1.47,8.5,-2.3125,134.5,3.01983,0,0,365.4689,0,0,2000,-45,45
18.08.2026,19:10:21,152627,0.020456,-1.719344,-2.78,6.02,8.875,0.0625,133.25,3.015123,0,0,365.772,0,0,2000,-45,45
18.08.2026,19:10:21,152733,0.017387,1.475251,0.99,-0.76,9.3125,-0.3125,132.75,3.029292,0,0,366.1053,0,0,2000,-45,45
18.08.2026,19:10:21,152840,0.011251,-0.532815,-0.6,-0.15,8.875,-2.5,132.3125,3.029292,0,0,366.4084,0,0,2000,-45,45
18.08.2026,19:10:21,152946,0.013296,-0.621895,0.59,-3.47,7.75,2.75,131.875,3.026154,0,0,366.7417,0,0,2000,-45,45
18.08.2026,19:10:21,153052,0.019433,-1.310663,-1.67,1.04,6.9375,10.3125,131.75,3.029292,0,0,367.075,0,0,2000,-45,45
18.08.2026,19:10:21,153158,0.023524,0.02795,-1.18,0.67,7.375,20.3125,132.125,3.029292,0,0,367.3781,0,0,2000,-45,45
18.08.2026,19:10:21,153264,0.020456,0.711414,-0.72,0.61,8.75,27.375,132.8125,3.0397,0,0,367.7114,0,0,2000,-45,45
18.08.2026,19:10:21,153370,0.031706,0.216701,-0.11,-0.47,10.5625,29.5625,134.75,3.017503,0,0,368.0145,0,0,2000,-45,45
18.08.2026,19:10:21,153476,0.053185,-0.278917,-0.64,0.46,11.3125,26.875,137.1875,3.029292,0,0,368.3478,0,0,2000,-45,45
18.08.2026,19:10:21,153582,0.057276,-0.00155,-1.51,-0.2,12.375,26.6875,140,3.032764,0,0,368.6812,0,0,2000,-45,45
18.08.2026,19:10:21,153688,0.06239,0.435089,-0.69,1.64,14.0625,31.375,142.8125,3.037081,0,0,368.9842,0,0,2000,-45,45
18.08.2026,19:10:21,153794,0.061367,1.740477,1.3,0.43,14.1875,22.0625,147.6875,3.029292,0,0,369.3175,0,0,2000,-45,45
18.08.2026,19:10:21,153900,0.07364,0.145734,0.17,-2.56,13.5625,-1.0625,151.8125,3.029292,0,0,369.6206,0,0,2000,-45,45
18.08.2026,19:10:21,154006,0.113529,-1.724355,-0.26,-0.51,15.375,-26,155.875,3.015305,0,0,369.9539,0,0,2000,-45,45
18.08.2026,19:10:21,154112,0.09921,-0.249643,0.17,1.35,15.75,-30.4375,157.5625,3.029292,0,0,370.2873,0,0,2000,-45,45
18.08.2026,19:10:21,154218,0.074663,0.647269,0.07,0.1,14.5625,-27.625,157.6875,3.029293,0,0,370.5903,0,0,2000,-45,45
18.08.2026,19:10:21,154325,0.072618,0.760176,0.12,-0.39,11.875,-10.4375,156.125,3.035721,0,0,370.9236,0,0,2000,-45,45
18.08.2026,19:10:21,154431,0.07364,-0.227369,-0.05,-1.18,11.375,4,155.125,3.029293,0,0,371.257,0,0,2000,-45,45
18.08.2026,19:10:21,154537,0.012273,-0.559363,-0.94,-1.48,12.125,14.5625,154.625,3.029292,0,0,371.56,0,0,2000,-45,45
18.08.2026,19:10:21,154643,0.026592,-0.373749,-2.22,0.88,12.6875,16.8125,155.1875,3.028918,0,0,371.8934,0,0,2000,-45,45
18.08.2026,19:10:21,154749,0.01841,0.449951,-2.82,1.46,12.875,13.875,156.625,3.037176,0,0,372.1964,0,0,2000,-45,45
18.08.2026,19:10:21,154855,0.031706,0.797592,-2.34,-0.58,13.5625,4.75,159.1875,3.029292,0,0,372.5298,0,0,2000,-45,45
18.08.2026,19:10:21,154961,0.039889,-0.494845,-1.2,-0.53,14.6875,2,160.75,3.027696,0,0,372.8631,0,0,2000,-45,45
18.08.2026,19:10:21,155067,0.031706,1.462702,-0.2,1.68,16.5625,1.25,162.75,3.047228,0,0,373.1661,0,0,2000,-45,45
18.08.2026,19:10:21,155173,0.020456,0.558442,0.87,2.89,19.0625,-9.1875,166,3.029292,0,0,373.4995,0,0,2000,-45,45
18.08.2026,19:10:21,155279,0,0.834891,2.23,1.8,21.25,-13.0625,167.5,3.029292,0,0,373.8025,0,0,2000,-45,45
18.08.2026,19:10:21,155385,0,1.750062,0.16,-0.01,20.1875,-5.1875,164.6875,3.049994,0,0,374.1359,0,0,2000,-45,45
18.08.2026,19:10:21,155491,0,1.990932,1.38,-2.49,17.6875,-2.9375,162.6875,3.029292,0,0,374.4692,0,0,2000,-45,45
18.08.2026,19:10:21,155597,0,0.794568,-1.76,-0.25,14,-4.1875,161.5625,3.029292,0,0,374.7722,0,0,2000,-45,45
18.08.2026,19:10:21,155703,0,-1.320316,-0.42,-2.98,10.3125,-9.625,161.625,3.019006,0,0,375.1056,0,0,2000,-45,45
18.08.2026,19:10:21,155810,0,-0.906886,0.68,-0.45,6.25,-8.125,161.375,3.029455,0,0,375.4086,0,0,2000,-45,45
18.08.2026,19:10:21,155916,0,-0.852922,0.14,0.99,3.875,-6.75,160.9375,3.029292,0,0,375.742,0,0,2000,-45,45
18.08.2026,19:10:21,156022,0,-1.158164,0.93,-1.19,2.5,-5,160.6875,3.020737,0,0,376.0753,0,0,2000,-45,45
18.08.2026,19:10:21,156128,0,-0.835899,-0.04,-1.42,2.25,-5.875,160.4375,3.023975,0,0,376.3784,0,0,2000,-45,45
18.08.2026,19:10:21,156234,0,-1.224675,0.41,-0.98,3.6875,-7.4375,160.125,3.029292,0,0,376.7117,0,0,2000,-45,45
18.08.2026,19:10:21,156340,0,-0.428613,-0.29,0.61,6,-6.3125,159.4375,3.029292,0,0,377.0147,0,0,2000,-45,45
18.08.2026,19:10:21,156446,0,-0.610627,-0.46,-1.46,6.0625,-3.0625,158.75,3.026379,0,0,377.3481,0,0,2000,-45,45
18.08.2026,19:10:21,156552,0,-1.345801,-0.83,-0.97,5.25,-1.75,158.5625,3.029292,0,0,377.6814,0,0,2000,-45,45
18.08.2026,19:10:21,156658,0,-0.228377,-1.03,2.32,4.875,-3.875,159.1875,3.029292,0,0,377.9845,0,0,2000,-45,45
18.08.2026,19:10:21,156764,0,-0.464068,-0.39,-0.81,5.8125,-11.1875,160.5,3.028013,0,0,378.3178,0,0,2000,-45,45
18.08.2026,19:10:21,156870,0,0.407552,0.37,0.04,6.625,-17.25,162.0625,3.027039,0,0,378.6208,0,0,2000,-45,45
18.08.2026,19:10:21,156976,0,-0.69034,-0.26,-1.48,6.6875,-24.4375,162.5,3.029292,0,0,378.9542,0,0,2000,-45,45
18.08.2026,19:10:21,157082,0,0.221567,-0.1,-2.52,6.0625,-20.9375,161.8125,3.034825,0,0,379.2875,0,0,2000,-45,45
18.08.2026,19:10:21,157188,0,0.968305,0.14,-0.31,5.375,-14.8125,160.125,3.042121,0,0,379.5906,0,0,2000,-45,45
18.08.2026,19:10:21,157295,0,-1.704149,-0.51,0.92,4.375,-16.6875,156.6875,3.029292,0,0,379.9239,0,0,2000,-45,45
18.08.2026,19:10:21,157401,0,-3.248786,-0.24,1.7,2.25,-11.5,151.5625,3.000216,0,0,380.2573,0,0,2000,-45,45
18.08.2026,19:10:21,157507,0,-1.475446,0.2,-0.46,0.4375,-8.5,142,3.018183,0,0,380.5603,0,0,2000,-45,33.6875
18.08.2026,19:10:21,157613,0,1.177059,-0.75,-1.21,0.25,-9.5625,131.5,3.029292,0,0,380.8936,0,0,2000,-45,45
18.08.2026,19:10:21,157719,0,0.594178,-0.04,0.44,2.4375,-13.75,120.1875,3.029293,0,0,381.1967,0,0,2000,-45,45
18.08.2026,19:10:21,157825,0,1.954528,-1.21,1.85,2.9375,-7.9375,108.875,3.055377,0,0,381.53,0,0,2000,-45,45
18.08.2026,19:10:21,157931,0,0.948708,-2.2,1.31,-0.5,-9.25,103.875,3.029292,0,0,381.8634,0,0,2000,-45,45
18.08.2026,19:10:21,158037,0,-1.134677,-2.96,0.34,-3.5625,-13.25,101.4375,3.029292,0,0,382.1664,0,0,2000,-45,13
18.08.2026,19:10:21,158143,0,-1.05177,-1.18,0.71,-2.4375,-11.9375,100,3.022071,0,0,382.4998,0,0,2000,-45,45
18.08.2026,19:10:21,158249,0,-0.9852,-1.29,0.31,1.125,-12,97.4375,3.02027,0,0,382.8028,0,0,2000,-45,45
18.08.2026,19:10:21,158355,0,-0.641386,-1.21,-0.83,3.75,-13.9375,96.4375,3.029292,0,0,383.1361,0,0,2000,-45,45
18.08.2026,19:10:21,158461,0,-0.108704,-0.93,-1.49,7.875,-15.1875,96,3.031623,0,0,383.4695,0,0,2000,-45,45
18.08.2026,19:10:21,158567,0,-0.260846,0.81,-2.03,12.9375,-14.875,95.625,3.030066,0,0,383.7725,0,0,2000,-45,45
18.08.2026,19:10:21,158673,0,1.312465,-0.16,0.73,16,-13.75,95.0625,3.029292,0,0,384.1059,0,0,2000,-45,45
18.08.2026,19:10:21,158780,0,-0.314533,1.04,-2.18,16.6875,-17.1875,94.3125,3.029293,0,0,384.4089,0,0,2000,-45,45
18.08.2026,19:10:21,158886,0,1.378882,0.11,0.96,13.4375,-16.5,93.0625,3.04617,0,0,384.7422,0,0,2000,-45,45
18.08.2026,19:10:21,158992,0,0.605209,0.42,-2.85,9.25,-16.75,91.8125,3.029293,0,0,385.0756,0,0,2000,-45,45
18.08.2026,19:10:21,159098,0,0.900891,-0.52,-0.85,6.875,-18.6875,90.8125,3.029292,0,0,385.3786,0,0,2000,-45,45
18.08.2026,19:10:21,159204,0,1.104958,-0.4,0.64,7.625,-16.75,90.125,3.043064,0,0,385.712,0,0,2000,-45,45
18.08.2026,19:10:21,159310,0,-0.447948,-0.59,0.93,14.5,-18.6875,89.75,3.027329,0,0,386.015,0,0,2000,-45,45
18.08.2026,19:10:21,159416,0,0.578856,-0.47,1.65,22,-16,89.3125,3.029292,0,0,386.3484,0,0,2000,-45,45
18.08.2026,19:10:21,159522,0,1.719093,-0.9,2.59,27.1875,-10.875,87.75,3.049042,0,0,386.6817,0,0,2000,-45,45
18.08.2026,19:10:21,159628,0,-1.479157,-0.53,-1.35,30.6875,-16.75,88,3.017026,0,0,386.9847,0,0,2000,-45,45
18.08.2026,19:10:21,159734,0,0.274788,-1.08,-0.26,29.625,-14.75,86.0625,3.029292,0,0,387.3181,0,0,2000,-45,45
18.08.2026,19:10:21,159840,0,-0.298846,-1.98,-2.45,25.375,-14.625,83.6875,3.029292,0,0,387.6211,0,0,2000,-45,45
18.08.2026,19:10:21,159946,0,0.000751,-1.77,-1.45,22.125,-14.125,81.8125,3.031707,0,0,387.9545,0,0,2000,-45,45
18.08.2026,19:10:21,160052,0,0.965802,-2.35,-0.65,20.75,-10.9375,80,3.029292,0,0,388.2878,0,0,2000,-45,45
18.08.2026,19:10:21,160158,0,-0.464302,-1.56,-3.66,22.0625,-14.375,79.5625,3.029292,0,0,388.5909,0,0,2000,-45,45
18.08.2026,19:10:21,160265,0,0.191729,-0.97,-1.89,23.625,-12.625,78.5,3.040462,0,0,388.9242,0,0,2000,-45,45
18.08.2026,19:10:21,160371,0,-1.125393,-0.37,-2.02,24,-13.5625,78.1875,3.029292,0,0,389.2575,0,0,2000,-45,45
18.08.2026,19:10:21,160477,0,-0.818762,-1.8,1.74,22.625,-14.9375,77.8125,3.029292,0,0,389.5606,0,0,2000,-45,45
18.08.2026,19:10:21,160583,0,0.490825,1.04,5.37,22.125,-10.6875,76,3.0364,0,0,389.8939,0,0,2000,-45,45
18.08.2026,19:10:21,160689,0,-0.550459,0.97,0.84,28.375,-4.8125,73.25,3.025989,0,0,390.197,0,0,2000,-45,45
18.08.2026,19:10:21,160795,0,-0.554321,3.09,-0.45,43,-8.4375,72.625,3.029292,0,0,390.5303,0,0,2000,-45,45
18.08.2026,19:10:21,160901,0,1.366606,-1.24,0.79,47.9375,-6.9375,72.0625,3.045108,0,0,390.8636,0,0,2000,-45,45
18.08.2026,19:10:21,161007,0,0.344308,-1.07,-2.56,48.25,-6.375,73,3.03476,0,0,391.1667,0,0,2000,-45,45
18.08.2026,19:10:21,161113,0,1.799973,-1.76,1.14,48,-9.875,76,3.029292,0,0,391.5,0,0,2000,-45,45
18.08.2026,19:10:21,161219,0,1.675987,1.03,2.74,48.6875,-10,77.5625,3.029292,0,0,391.8031,0,0,2000,-45,45
18.08.2026,19:10:21,161750,0,0.322169,-2.06,-3.04,4.6875,-6.625,81.25,3.028033,0,0,393.4092,0,0,2000,-45,45
18.08.2026,19:10:21,161856,0,-1.527619,0.61,-4.56,4.875,-10.375,81.6875,3.029292,0,0,393.7425,0,0,2000,-45,45
18.08.2026,19:10:21,161962,0,1.214176,-0.04,-0.21,6.6875,-13,81.9375,3.043348,0,0,394.0759,0,0,2000,-45,45
18.08.2026,19:10:21,162068,0,-1.698597,0.3,-0.86,10.25,-21.375,80.0625,3.014247,0,0,394.3789,0,0,2000,-45,45
18.08.2026,19:10:21,162174,0,0.1144,0.47,-0.16,13.375,-17.6875,75.125,3.029292,0,0,394.7122,0,0,2000,-45,45
18.08.2026,19:10:21,162280,0,-0.057568,-0.07,-0.64,15.875,-15.5625,67.8125,3.029292,0,0,395.0153,0,0,2000,-45,45
18.08.2026,19:10:21,162386,0,-0.825061,-0.14,-0.89,15.5625,-21.3125,65.5,3.02299,0,0,395.3486,0,0,2000,-45,45
18.08.2026,19:10:21,162492,0,1.424351,-1.25,1.92,14.4375,-22.4375,64.8125,3.029292,0,0,395.682,0,0,2000,-45,45
18.08.2026,19:10:21,162598,0,0.296125,-1.13,-1.08,13.25,-25.9375,63.625,3.029292,0,0,395.985,0,0,2000,-45,45
18.08.2026,19:10:21,162704,0,1.068706,-1.24,1.22,11.6875,-27.1875,62.75,3.041741,0,0,396.3184,0,0,2000,-45,45
18.08.2026,19:10:21,162810,0,0.908468,-1.1,1.14,10.5625,-29.8125,62.3125,3.039497,0,0,396.6214,0,0,2000,-45,45
18.08.2026,19:10:21,162916,0,1.200021,-1.09,0.21,9.75,-30.5625,62.75,3.029292,0,0,396.9547,0,0,2000,-45,45
18.08.2026,19:10:21,163022,0,-4.321689,0.7,-0.81,9.1875,-32.4375,63.4375,2.987588,0,0,397.2881,0,0,2000,-45,45
18.08.2026,19:10:21,163128,0,0.483171,-1.24,0.92,8.25,-31.0625,63.625,3.035761,0,0,397.5911,0,0,2000,-45,45
18.08.2026,19:10:21,163235,0,0.666081,-1.6,1.41,6.125,-26.6875,62.0625,3.029292,0,0,397.9245,0,0,2000,-45,45
18.08.2026,19:10:21,163341,0,0.668581,-1,1.24,5.125,-24.5625,60.6875,3.037564,0,0,398.2578,0,0,2000,-45,45
18.08.2026,19:10:21,163447,0,0.20604,-0.56,-0.99,4.6875,-23.5,60.1875,3.032908,0,0,398.5609,0,0,2000,-45,45
18.08.2026,19:10:21,163553,0,-0.636704,0.67,-1.09,4.6875,-22.5625,59.6875,3.029292,0,0,398.8942,0,0,2000,-45,45
18.08.2026,19:10:21,163659,0,-0.265315,0.92,-1.21,5.0625,-20.4375,59.0625,3.029292,0,0,399.1972,0,0,2000,-45,45
18.08.2026,19:10:21,163765,0,0.642849,-1.75,1.13,5.5625,-19.1875,58.5,3.029654,0,0,399.5306,0,0,2000,-45,45
18.08.2026,19:10:21,163871,0,0.117439,-0.15,-0.38,5.125,-19.875,58.3125,3.029292,0,0,399.8639,0,0,2000,-45,45
18.08.2026,19:10:21,163977,0,0.079343,-0.92,0.63,4.125,-20.875,57.4375,3.029292,0,0,400.167,0,0,2000,-45,45
18.08.2026,19:10:21,164083,0,-0.291898,-0.07,-0.49,2.5625,-21.3125,55.9375,3.027757,0,0,400.5003,0,0,2000,-45,45
18.08.2026,19:10:21,164189,0,0.354895,0.81,-1.34,1.4375,-20.875,54.6875,3.03418,0,0,400.8033,0,0,2000,-45,45
18.08.2026,19:10:21,164720,0,-0.576661,-1.34,0.32,3.8125,-16.5625,71.1875,3.029292,0,0,402.4095,0,0,2000,-45,45
18.08.2026,19:10:21,165674,0,0.226658,-0.14,-0.97,-0.4375,-19.75,76.9375,3.029292,0,0,405.3186,0,0,2000,-45,43.75
18.08.2026,19:10:21,165780,0,0.243635,-0.54,-0.23,-0.1875,-20.25,76.625,3.029292,0,0,405.6217,0,0,2000,-45,44.75
18.08.2026,19:10:21,165886,0,0.301523,-1.25,0.16,-0.1875,-20.125,76.375,3.033422,0,0,405.955,0,0,2000,-45,45
18.08.2026,19:10:21,165992,0,-0.939735,0.32,-1.69,-0.1875,-19.5,75.75,3.029292,0,0,406.2884,0,0,2000,-45,45
18.08.2026,19:10:21,166098,0,-0.326054,0.33,-1.18,0,-19.75,75.3125,3.029292,0,0,406.5914,0,0,2000,-45,44.75
18.08.2026,19:10:21,166205,0,0.001078,0.23,-1.19,0.75,-19.8125,75.625,3.031824,0,0,406.9247,0,0,2000,-45,45
18.08.2026,19:10:21,166311,0,-0.440168,0.31,-0.27,1.1875,-20.25,76.0625,3.029292,0,0,407.2581,0,0,2000,-45,45
18.08.2026,19:10:21,166417,0,0.232574,-0.96,-0.23,1.6875,-20.375,76.5,3.029292,0,0,407.5611,0,0,2000,-45,45
18.08.2026,19:10:21,166523,0,-0.280111,0.67,-1.22,2.0625,-19.3125,76.75,3.027593,0,0,407.8945,0,0,2000,-45,45
18.08.2026,19:10:21,166629,0,0.148142,-0.52,0.96,2,-18.75,76.75,3.03185,0,0,408.1975,0,0,2000,-45,45
18.08.2026,19:10:21,166735,0,-0.074853,0.57,-1.06,2.25,-18.25,77,3.029292,0,0,408.5309,0,0,2000,-45,45
18.08.2026,19:10:21,166841,0,-0.096799,0.39,0.18,2.4375,-18.1875,77.125,3.029357,0,0,408.8642,0,0,2000,-45,45
18.08.2026,19:10:21,166947,0,-0.187724,0.79,-0.55,2.625,-18,77,3.028433,0,0,409.1672,0,0,2000,-45,45
18.08.2026,19:10:21,167053,0,0.491963,-1.09,0.91,2.9375,-17.75,76.6875,3.029292,0,0,409.5006,0,0,2000,-45,45
18.08.2026,19:10:21,167159,0,0.406743,-0.69,0.89,3.3125,-17.3125,76.6875,3.029292,0,0,409.8036,0,0,2000,-45,45
18.08.2026,19:10:21,167265,0,0.091839,-0.38,1.11,4,-17.375,77.4375,3.031129,0,0,410.137,0,0,2000,-45,45
18.08.2026,19:10:21,167371,0,0.231178,-1.1,0.22,4.3125,-17.8125,78.1875,3.029292,0,0,410.4703,0,0,2000,-45,45
18.08.2026,19:10:21,167477,0,-0.180614,0.68,-0.35,4.125,-18,79.0625,3.029292,0,0,410.7733,0,0,2000,-45,45
18.08.2026,19:10:21,167583,0,0.209574,-1.12,0.79,4.3125,-18.3125,80.0625,3.032278,0,0,411.1067,0,0,2000,-45,45
18.08.2026,19:10:21,167690,0,0.309369,-1.01,1.13,4.8125,-18.3125,81.75,3.031584,0,0,411.4097,0,0,2000,-45,45
18.08.2026,19:10:21,167796,0,0.126079,-0.54,0.97,4.8125,-18.6875,83.1875,3.029292,0,0,411.7431,0,0,2000,-45,45
18.08.2026,19:10:21,167902,0,0.195892,-0.73,-0.29,4.6875,-18.9375,84.5,3.032104,0,0,412.0764,0,0,2000,-45,45
18.08.2026,19:10:21,168008,0,0.254702,-1.14,0.46,4.875,-19.4375,86.1875,3.032685,0,0,412.3795,0,0,2000,-45,45
18.08.2026,19:10:21,168114,0,0.612496,-1.3,0.94,5.1875,-19.75,87.9375,3.029292,0,0,412.7128,0,0,2000,-45,45
18.08.2026,19:10:21,168220,0,0.217766,-1.85,1.45,5.8125,-20.3125,90.5,3.029292,0,0,413.0158,0,0,2000,-45,45
18.08.2026,19:10:21,168326,0,-0.359105,-0.69,-0.91,6.125,-21.1875,91.6875,3.02651,0,0,413.3492,0,0,2000,-45,45
18.08.2026,19:10:21,168432,0,0.20845,1.15,-0.1,5.875,-22,91.5,3.029292,0,0,413.6825,0,0,2000,-45,45
18.08.2026,19:10:21,168538,0,1.072304,-0.5,-0.17,5.3125,-21.875,91.6875,3.029292,0,0,413.9856,0,0,2000,-45,45
18.08.2026,19:10:21,168644,0,-0.811942,1.3,-1.71,4.625,-22.375,92.9375,3.021868,0,0,414.3189,0,0,2000,-45,45
18.08.2026,19:10:21,168750,0,0.205557,-1.05,1.27,4.125,-21.4375,95.25,3.023579,0,0,414.6219,0,0,2000,-45,45
18.08.2026,19:10:21,168856,0,0.51507,0.89,-0.54,4.125,-22.125,97.875,3.029292,0,0,414.9553,0,0,2000,-45,45
18.08.2026,19:10:21,168962,0,-0.528242,0.35,-1.21,4.3125,-22.3125,100.25,3.024734,0,0,415.2886,0,0,2000,-45,45
18.08.2026,19:10:21,169068,0,0.352144,-1.58,0.31,4.625,-22.75,102.0625,3.033528,0,0,415.5917,0,0,2000,-45,45
18.08.2026,19:10:21,169175,0,0.421351,-1.35,0.65,5.0625,-22.25,103.125,3.029292,0,0,415.925,0,0,2000,-45,45
18.08.2026,19:10:21,169281,0,-0.121851,0.55,-1.1,5.3125,-22.125,103.6875,3.028755,0,0,416.2584,0,0,2000,-45,45
18.08.2026,19:10:21,169387,0,-0.204133,0.07,0.6,4.9375,-22.875,104.25,3.027907,0,0,416.5614,0,0,2000,-45,45
18.08.2026,19:10:21,169493,0,-0.374227,0.58,-0.58,4.5,-23.5,104.625,3.029292,0,0,416.8947,0,0,2000,-45,45
18.08.2026,19:10:21,169599,0,-0.114057,0.86,-1.25,4.5,-23.875,104.9375,3.029292,0,0,417.1978,0,0,2000,-45,45
18.08.2026,19:10:21,169705,0,0.254046,-1.02,0.35,5.0625,-23.875,105.4375,3.032686,0,0,417.5311,0,0,2000,-45,45
18.08.2026,19:10:21,169811,0,-0.675158,0.84,-1.57,5.375,-23.6875,105.6875,3.029292,0,0,417.8645,0,0,2000,-45,45
18.08.2026,19:10:21,169917,0,-0.233885,0,0.79,5.625,-23.6875,105.625,3.029292,0,0,418.1675,0,0,2000,-45,45
18.08.2026,19:10:21,170023,0,0.346639,-1.11,0.68,5.5,-23.6875,105.3125,3.033417,0,0,418.5009,0,0,2000,-45,45
18.08.2026,19:10:21,170129,0,-0.245477,1.02,-1.04,5.3125,-23.875,105,3.027486,0,0,418.8039,0,0,2000,-45,45
18.08.2026,19:10:21,170235,0,-0.175786,1,-1.13,5.5625,-24.0625,104.8125,3.029292,0,0,419.1372,0,0,2000,-45,45
18.08.2026,19:10:21,170341,0,0.304068,-0.8,1.25,5.8125,-23.8125,104.6875,3.032967,0,0,419.4706,0,0,2000,-45,45
18.08.2026,19:10:21,170447,0,0.051035,-0.08,0.89,5.75,-23.25,104.625,3.030413,0,0,419.7736,0,0,2000,-45,45
18.08.2026,19:10:21,170553,0,0.460643,-1.09,0.55,5.875,-22.9375,104.6875,3.029292,0,0,420.107,0,0,2000,-45,45
18.08.2026,19:10:21,170660,0,0.437392,-1.18,0.81,5.6875,-22.625,104.9375,3.029292,0,0,420.41,0,0,2000,-45,45
18.08.2026,19:10:21,170766,0,-0.195602,1.04,-0.86,5.25,-22.5,105.1875,3.02788,0,0,420.7433,0,0,2000,-45,45
18.08.2026,19:10:21,170872,0,0.31503,-0.89,1.15,5,-22.5,105.3125,3.029292,0,0,421.0767,0,0,2000,-45,45
18.08.2026,19:10:21,170978,0,0.174911,-0.5,-0.69,4.8125,-22.3125,105.375,3.029292,0,0,421.3797,0,0,2000,-45,45
18.08.2026,19:10:21,171084,0,-0.24628,1.05,-1.1,4.8125,-22.125,105.4375,3.02737,0,0,421.7131,0,0,2000,-45,45
18.08.2026,19:10:21,171190,0,0.224189,-1.13,0.59,4.9375,-21.9375,105.375,3.032783,0,0,422.0161,0,0,2000,-45,45
18.08.2026,19:10:21,171296,0,0.293689,-1.17,1.13,4.625,-21.875,105.25,3.029292,0,0,422.3495,0,0,2000,-45,45
18.08.2026,19:10:21,171402,0,-0.008245,0.32,-1.33,4.5625,-21.875,105.0625,3.029728,0,0,422.6828,0,0,2000,-45,45
18.08.2026,19:10:21,171508,0,0.132358,-0.46,-0.73,4.625,-21.875,105,3.031138,0,0,422.9858,0,0,2000,-45,45
18.08.2026,19:10:21,171614,0,0.20197,-0.67,-0.36,4.75,-21.5,104.9375,3.029292,0,0,423.3192,0,0,2000,-45,45
18.08.2026,19:10:21,171720,0,-0.139382,1.13,-1.13,4.75,-21.25,105,3.029292,0,0,423.6222,0,0,2000,-45,45
18.08.2026,19:10:21,171826,0,0.401253,-1.21,1.02,5.125,-21.5625,105.1875,3.033817,0,0,423.9556,0,0,2000,-45,45
18.08.2026,19:10:21,171932,0,-0.001361,0.44,-1.23,5.6875,-22,105.5,3.029292,0,0,424.2889,0,0,2000,-45,45
18.08.2026,19:10:21,172038,0,-0.254307,0.89,-0.32,6.25,-22.3125,105.6875,3.029292,0,0,424.5919,0,0,2000,-45,45
18.08.2026,19:10:21,172145,0,0.039807,-0.3,-0.57,7.125,-22.1875,105.3125,3.024167,0,0,424.9253,0,0,2000,-45,45
18.08.2026,19:10:21,172251,0,-0.258752,1.17,-1.21,6.9375,-22.0625,104,3.029292,0,0,425.2586,0,0,2000,-45,45
18.08.2026,19:10:21,172357,0,-0.109593,1.01,-1.6,6.6875,-21.6875,102.125,3.029292,0,0,425.5617,0,0,2000,-45,45
18.08.2026,19:10:21,172463,0,-0.150501,0.61,-1.55,6.6875,-21.3125,100.625,3.028284,0,0,425.895,0,0,2000,-45,45
18.08.2026,19:10:21,172569,0,-0.42153,0.52,0.11,6.5625,-21.1875,99.3125,3.025569,0,0,426.1981,0,0,2000,-45,45
18.08.2026,19:10:21,172675,0,0.008114,0.8,-0.24,6.25,-20.4375,97.5,3.029292,0,0,426.5314,0,0,2000,-45,45
18.08.2026,19:10:21,172781,0,0.586237,-1.15,1.41,6.0625,-20.25,96.875,3.03561,0,0,426.8647,0,0,2000,-45,45
18.08.2026,19:10:21,172887,0,-0.068819,0.88,-1.41,5.6875,-20.375,97.1875,3.029012,0,0,427.1678,0,0,2000,-45,45
18.08.2026,19:10:21,172993,0,0.190301,-0.13,0.92,5.1875,-20.375,97.8125,3.029292,0,0,427.5011,0,0,2000,-45,45
18.08.2026,19:10:21,173099,0,0.43907,-1.06,0.39,4.8125,-20.6875,98.6875,3.029292,0,0,427.8042,0,0,2000,-45,45
18.08.2026,19:10:21,173205,0,-0.075624,0.84,-0.45,4.8125,-20.8125,100.0625,3.02888,0,0,428.1375,0,0,2000,-45,45
18.08.2026,19:10:21,173311,0,0.413918,-0.97,1.44,5.25,-21.0625,100.875,3.029292,0,0,428.4709,0,0,2000,-45,45
18.08.2026,19:10:21,173417,0,-0.99575,1.34,-1.55,5.5625,-21.25,101.375,3.029292,0,0,428.7739,0,0,2000,-45,45
18.08.2026,19:10:21,173524,0,0.254494,-0.09,0.9,5.3125,-20.6875,101.1875,3.032176,0,0,429.1072,0,0,2000,-45,45
18.08.2026,19:10:21,173630,0,-0.11523,0.09,0.34,4.9375,-21.25,100.875,3.031592,0,0,429.4103,0,0,2000,-45,45
18.08.2026,19:10:21,173736,0,0.21621,-1.05,0.68,4.9375,-21.875,100.5625,3.029292,0,0,429.7436,0,0,2000,-45,45
18.08.2026,19:10:21,173842,0,0.275699,-1.12,1.38,5.125,-22.0625,100.125,3.0324,0,0,430.077,0,0,2000,-45,45
18.08.2026,19:10:21,173948,0,0.414399,-0.99,1.21,4.875,-21.75,99.75,3.033773,0,0,430.38,0,0,2000,-45,45
18.08.2026,19:10:21,174054,0,0.05225,-0.56,-0.56,5.0625,-21.875,99.6875,3.029292,0,0,430.7133,0,0,2000,-45,45
18.08.2026,19:10:21,174160,0,-0.117856,0.12,0.81,5.25,-21.8125,99.375,3.029292,0,0,431.0164,0,0,2000,-45,45
18.08.2026,19:10:21,174266,0,0.513293,-1.19,0.69,5.125,-21.6875,99,3.034758,0,0,431.3497,0,0,2000,-45,45
18.08.2026,19:10:21,174372,0,-0.058748,0.78,-1.54,5,-21.6875,98.8125,3.029292,0,0,431.6831,0,0,2000,-45,45
18.08.2026,19:10:21,174478,0,0.228963,-0.9,1.28,5.0625,-21.625,98.8125,3.029292,0,0,431.9861,0,0,2000,-45,45
18.08.2026,19:10:21,174584,0,0.178233,-0.3,-0.62,5,-21.4375,98.75,3.031353,0,0,432.3195,0,0,2000,-45,45
18.08.2026,19:10:21,174690,0,0.306263,-0.6,-0.3,5.375,-21.375,98.75,3.027816,0,0,432.6225,0,0,2000,-45,45
18.08.2026,19:10:21,174796,0,0.354213,-1.23,0.64,5.5625,-20.8125,98.6875,3.029292,0,0,432.9558,0,0,2000,-45,45
18.08.2026,19:10:21,174902,0,-0.236655,0.87,-1.37,5.75,-20.375,98.625,3.027161,0,0,433.2892,0,0,2000,-45,45
18.08.2026,19:10:21,175008,0,-0.026516,0.47,-1.22,6.125,-20.75,98.5625,3.029263,0,0,433.5922,0,0,2000,-45,45
18.08.2026,19:10:21,175115,0,0.262753,-0.86,1.21,6.25,-21.4375,98.5625,3.029292,0,0,433.9256,0,0,2000,-45,45